Exam,Section(s),Day,Date,Start Time,End Time,Location,,,,,,,,,,,
ACTSC 221,001,Thursday,"December 19, 2013",12:30 PM,3:00 PM,PAC 1,,,,,,,,,,,
ACTSC 231,001,Thursday,"December 19, 2013",9:00 AM,11:30 AM,"PAC 4,5,6",,,,,,,,,,,
ACTSC 232,001,Thursday,"December 5, 2013",9:00 AM,11:30 AM,"MC 4059,4060,4061",,,,,,,,,,,
ACTSC 331,001,Friday,"December 6, 2013",12:30 PM,3:00 PM,PAC 8,,,,,,,,,,,
ACTSC 371,001,Friday,"December 13, 2013",9:00 AM,11:30 AM,"M3 1006,MC 1056",,,,,,,,,,,
ACTSC 372,001,Tuesday,"December 10, 2013",12:30 PM,3:00 PM,"PAC 1,2",,,,,,,,,,,
ACTSC 431,001,Wednesday,"December 11, 2013",4:00 PM,6:30 PM,"MC 2034,2035,2038",,,,,,,,,,,
ACTSC 432,001,Tuesday,"December 10, 2013",12:30 PM,3:00 PM,PAC 8,,,,,,,,,,,
ACTSC 445,001,Saturday,"December 7, 2013",4:00 PM,6:30 PM,"RCH 103,105",,,,,,,,,,,
ACTSC 446,001,Tuesday,"December 17, 2013",9:00 AM,11:30 AM,"RCH 301,309",,,,,,,,,,,
ACTSC 463,001,Thursday,"December 5, 2013",12:30 PM,3:00 PM,MC 4045,,,,,,,,,,,
ACTSC 471,"001,002",Saturday,"December 7, 2013",12:30 PM,2:30 PM,"MC 4020,4021",,,,,,,,,,,
ACTSC 831,001,Wednesday,"December 11, 2013",4:00 PM,6:30 PM,"MC 2034,2035,2038",,,,,,,,,,,
ACTSC 832,001,Tuesday,"December 10, 2013",12:30 PM,3:00 PM,PAC 8,,,,,,,,,,,
ACTSC 845,001,Saturday,"December 7, 2013",4:00 PM,6:30 PM,"RCH 103,105",,,,,,,,,,,
ACTSC 846,001,Tuesday,"December 17, 2013",9:00 AM,11:30 AM,"RCH 301,309",,,,,,,,,,,
ACTSC 863,001,Thursday,"December 5, 2013",12:30 PM,3:00 PM,MC 4045,,,,,,,,,,,
AFM 101,001 to 006,Tuesday,"December 10, 2013",4:00 PM,6:30 PM,"PAC 1,2,3,4,5,6,7,8,9,10,11,12",,,,,,,,,,,
AFM 123,001,Tuesday,"December 10, 2013",7:30 PM,10:00 PM,"PAC 8,9,10",,,,,,,,,,,
AFM 131,001 to 006,Thursday,"December 12, 2013",9:00 AM,11:30 AM,"PAC 1,2,3,4,5,6,7,8,9,10,11,12",,,,,,,,,,,
AFM 131,081 On Line,See https://uwaterloo.ca/quest/help/students/how-do-i/online-exam-schedule,,,,,,,,,,,,,,,
AFM 204,"001,002",Monday,"December 16, 2013",9:00 AM,11:30 AM,See Prof,,,,,,,,,,,
AFM 273,001 to 005,Friday,"December 6, 2013",9:00 AM,11:30 AM,See Prof,,,,,,,,,,,
AFM 274,001,Saturday,"December 7, 2013",7:30 PM,10:00 PM,RCH 205,,,,,,,,,,,
AFM 291,001 to 005,Monday,"December 9, 2013",12:30 PM,3:00 PM,"M3 1006,MC4059,4060,4061",,,,,,,,,,,
AFM 321,001,Wednesday,"December 18, 2013",7:30 PM,9:30 PM,MC 2017,,,,,,,,,,,
AFM 323,001,Friday,"December 20, 2013",9:00 AM,11:30 AM,PAC 4,,,,,,,,,,,
AFM 333,001 to 003,Thursday,"December 12, 2013",7:30 PM,10:00 PM,"PAC 7,8,12",,,,,,,,,,,
AFM 341,001 to 004,Thursday,"December 5, 2013",12:30 PM,2:30 PM,See Prof,,,,,,,,,,,
AFM 362,001 to 005,Tuesday,"December 17, 2013",12:30 PM,3:00 PM,"PAC 4,5,6",,,,,,,,,,,
AFM 372,001,Thursday,"December 5, 2013",12:30 PM,3:00 PM,RCH 211,,,,,,,,,,,
AFM 373,001 to 006,Monday,"December 9, 2013",12:30 PM,2:30 PM,"DC 1350,1351",,,,,,,,,,,
AFM 391,001 to 005,Friday,"December 13, 2013",4:00 PM,6:30 PM,"PAC 7,8,11,12",,,,,,,,,,,
AFM 401,001 to 005,Thursday,"December 5, 2013",7:30 PM,10:00 PM,"PAC 7,8,11,12",,,,,,,,,,,
AFM 415,001,Wednesday,"December 18, 2013",9:00 AM,11:30 AM,RCH 306,,,,,,,,,,,
AFM 451,001 to 003,Exam removed from the schedule.  Contact instructor for further information,,,,,,,,,,,,,,,
AFM 461,001 to 005,Monday,"December 9, 2013",7:30 PM,10:00 PM,"PAC 1,2,3",,,,,,,,,,,
AFM 471,001 to 004,Saturday,"December 7, 2013",12:30 PM,2:30 PM,"DC 1350,1351",,,,,,,,,,,
AFM 472,001 to 003,Saturday,"December 14, 2013",9:00 AM,11:30 AM,"PAC 7,8",,,,,,,,,,,
AFM 476,"001,002",Saturday,"December 7, 2013",12:30 PM,2:30 PM,"MC 4020,4021",,,,,,,,,,,
AFM 481,001 to 003,Wednesday,"December 18, 2013",9:00 AM,11:30 AM,M3 1006,,,,,,,,,,,
AFM 482,001 to 004,Wednesday,"December 11, 2013",9:00 AM,11:00 AM,"DC 1350,1351",,,,,,,,,,,
AFM 491,001 to 003,Monday,"December 16, 2013",12:30 PM,3:00 PM,M3 1006,,,,,,,,,,,
AMATH 231,001,Thursday,"December 5, 2013",7:30 PM,10:00 PM,RCH 204,,,,,,,,,,,
AMATH 250,001,Thursday,"December 19, 2013",7:30 PM,10:00 PM,"PAC 4,5",,,,,,,,,,,
AMATH 251,001,Friday,"December 6, 2013",4:00 PM,6:30 PM,See Prof,,,,,,,,,,,
AMATH 271,001,Saturday,"December 7, 2013",9:00 AM,11:30 AM,RCH 204,,,,,,,,,,,
AMATH 331,001,Saturday,"December 7, 2013",7:30 PM,10:00 PM,RCH 301,,,,,,,,,,,
AMATH 350,001,Friday,"December 13, 2013",4:00 PM,6:30 PM,"RCH 302,305",,,,,,,,,,,
AMATH 351,001,Tuesday,"December 10, 2013",7:30 PM,10:00 PM,PAC 11,,,,,,,,,,,
AMATH 453,001,Wednesday,"December 11, 2013",9:00 AM,11:30 AM,PAC 9,,,,,,,,,,,
AMATH 456,001,Friday,"December 13, 2013",12:30 PM,3:00 PM,See Prof,,,,,,,,,,,
AMATH 463,001,Thursday,"December 5, 2013",7:30 PM,10:00 PM,RCH 211,,,,,,,,,,,
AMATH 473,001,Monday,"December 9, 2013",7:30 PM,10:00 PM,PAC 11,,,,,,,,,,,
AMATH 663,001,Thursday,"December 5, 2013",7:30 PM,10:00 PM,RCH 211,,,,,,,,,,,
AMATH 673,001,Monday,"December 9, 2013",7:30 PM,10:00 PM,PAC 11,,,,,,,,,,,
ANTH 101,001,Tuesday,"December 17, 2013",7:30 PM,9:30 PM,"DC 1350,1351",,,,,,,,,,,
ANTH 102,001,Thursday,"December 19, 2013",9:00 AM,11:00 AM,DC 1350,,,,,,,,,,,
ANTH 201,001,Wednesday,"December 11, 2013",7:30 PM,10:00 PM,See Prof,,,,,,,,,,,
ANTH 260,001,Friday,"December 6, 2013",7:30 PM,9:30 PM,See Prof,,,,,,,,,,,
ANTH 321,001,Friday,"December 6, 2013",12:30 PM,3:00 PM,See Prof,,,,,,,,,,,
ANTH 348,001,Thursday,"December 12, 2013",9:00 AM,11:30 AM,See Prof,,,,,,,,,,,
ANTH 352,001,Monday,"December 9, 2013",12:30 PM,3:00 PM,See Prof,,,,,,,,,,,
ANTH 355,001,Thursday,"December 5, 2013",9:00 AM,11:30 AM,See Prof,,,,,,,,,,,
APPLS 205R,001,Thursday,"December 5, 2013",9:00 AM,11:30 AM,See Prof,,,,,,,,,,,
APPLS 301,001,Thursday,"December 12, 2013",9:00 AM,11:30 AM,See Prof,,,,,,,,,,,
ARBUS 101,"001,002",Thursday,"December 12, 2013",9:00 AM,11:30 AM,"PAC 1,2,3,4,5,6,7,8,9,10,11,12",,,,,,,,,,,
ARBUS 202,081 On Line,See https://uwaterloo.ca/quest/help/students/how-do-i/online-exam-schedule,,,,,,,,,,,,,,,
ARBUS 301,001 to 003,Thursday,"December 12, 2013",7:30 PM,10:00 PM,"PAC 7,8,12",,,,,,,,,,,
ARTS 125,001,Friday,"December 13, 2013",9:00 AM,11:30 AM,See Prof,,,,,,,,,,,
ARTS 190,001,Friday,"December 20, 2013",9:00 AM,11:00 AM,See Prof,,,,,,,,,,,
BIOL 110,001,Friday,"December 20, 2013",9:00 AM,11:30 AM,"PAC 1,2,3",,,,,,,,,,,
BIOL 130,001 to 004,Tuesday,"December 10, 2013",9:00 AM,11:30 AM,"PAC 1,2,3,4,5,6,7,8,9,10,11,12",,,,,,,,,,,
BIOL 130,081 On Line,See https://uwaterloo.ca/quest/help/students/how-do-i/online-exam-schedule,,,,,,,,,,,,,,,
BIOL 150,"001,002",Wednesday,"December 18, 2013",9:00 AM,11:30 AM,"PAC 1,2,3,4,5,6",,,,,,,,,,,
BIOL 239,081 On Line,See https://uwaterloo.ca/quest/help/students/how-do-i/online-exam-schedule,,,,,,,,,,,,,,,
BIOL 240,"001,002",Friday,"December 13, 2013",4:00 PM,6:30 PM,"PAC 1,2,3,4,5,6,9,10",,,,,,,,,,,
BIOL 240,081 On Line,See https://uwaterloo.ca/quest/help/students/how-do-i/online-exam-schedule,,,,,,,,,,,,,,,
BIOL 240L,001 to 020,Tuesday,"December 17, 2013",12:30 PM,1:30 PM,"M3 1006, DC 1350,1351",,,,,,,,,,,
BIOL 302,001,Thursday,"December 5, 2013",9:00 AM,11:30 AM,"DC 1350,1351,MC 1085",,,,,,,,,,,
BIOL 303,001,Monday,"December 16, 2013",9:00 AM,11:30 AM,"DC 1350,1351",,,,,,,,,,,
BIOL 308,001,Monday,"December 9, 2013",9:00 AM,11:30 AM,"DC 1350,1351,MC 2034,2035",,,,,,,,,,,
BIOL 309,001,Tuesday,"December 10, 2013",9:00 AM,11:30 AM,"RCH 103,105,110,112",,,,,,,,,,,
BIOL 323,001,Tuesday,"December 17, 2013",12:30 PM,3:00 PM,See Prof,,,,,,,,,,,
BIOL 325,001,Thursday,"December 5, 2013",12:30 PM,3:00 PM,See Prof,,,,,,,,,,,
BIOL 335L,"001,002",Thursday,"December 19, 2013",9:00 AM,11:30 AM,MC 2017,,,,,,,,,,,
BIOL 342,001,Thursday,"December 12, 2013",9:00 AM,11:30 AM,"RCH 103,105",,,,,,,,,,,
BIOL 345,001,Tuesday,"December 17, 2013",7:30 PM,10:00 PM,PAC 7,,,,,,,,,,,
BIOL 350,001,Saturday,"December 14, 2013",12:30 PM,3:00 PM,"PAC 3,8",,,,,,,,,,,
BIOL 354,001,Tuesday,"December 17, 2013",9:00 AM,11:30 AM,"RCH 302,305",,,,,,,,,,,
BIOL 355,001,Wednesday,"December 11, 2013",12:30 PM,3:00 PM,"M3 1006,MC 4045,4059,4061",,,,,,,,,,,
BIOL 358,001,Wednesday,"December 18, 2013",12:30 PM,3:00 PM,PAC 9,,,,,,,,,,,
BIOL 359,001,Friday,"December 13, 2013",9:00 AM,11:30 AM,"RCH 301,302,305",,,,,,,,,,,
BIOL 370,001,Saturday,"December 14, 2013",7:30 PM,10:00 PM,MC 1085,,,,,,,,,,,
BIOL 373,081 On Line,See https://uwaterloo.ca/quest/help/students/how-do-i/online-exam-schedule,,,,,,,,,,,,,,,
BIOL 376,001,Tuesday,"December 17, 2013",12:30 PM,3:00 PM,MC 4045,,,,,,,,,,,
BIOL 434,001,Tuesday,"December 10, 2013",12:30 PM,3:00 PM,PAC 3,,,,,,,,,,,
BIOL 439,001,Monday,"December 16, 2013",12:30 PM,3:00 PM,"DC 1350,1351",,,,,,,,,,,
BIOL 443,001,Friday,"December 13, 2013",7:30 PM,10:00 PM,"PAC 11,12",,,,,,,,,,,
BIOL 444,001,Saturday,"December 7, 2013",12:30 PM,3:00 PM,PAC 8,,,,,,,,,,,
BIOL 448,001,Monday,"December 9, 2013",9:00 AM,11:30 AM,MC 2038,,,,,,,,,,,
BIOL 473,001,Wednesday,"December 18, 2013",4:00 PM,6:30 PM,PAC 8,,,,,,,,,,,
BIOL 479,001,Friday,"December 13, 2013",12:30 PM,3:00 PM,"MC 4020,4021",,,,,,,,,,,
BUS 111W,,Saturday,"December 7, 2013",12:30 PM,3:00 PM,"PAC 1,2,3,4,5",,,,,,,,,,,
BUS 208W,,See http://www.wlu.ca/page.php?grp_id=1366&p=14566,,,,WLU,,,,,,,,,,,
BUS 227W,,See http://www.wlu.ca/page.php?grp_id=1366&p=14566,,,,WLU,,,,,,,,,,,
BUS 231W,,See http://www.wlu.ca/page.php?grp_id=1366&p=14566,,,,WLU,,,,,,,,,,,
BUS 288W,,See http://www.wlu.ca/page.php?grp_id=1366&p=14566,,,,WLU,,,,,,,,,,,
BUS 352W,,See http://www.wlu.ca/page.php?grp_id=1366&p=14566,,,,WLU,,,,,,,,,,,
BUS 353W,,See http://www.wlu.ca/page.php?grp_id=1366&p=14566,,,,WLU,,,,,,,,,,,
BUS 354W,,See http://www.wlu.ca/page.php?grp_id=1366&p=14566,,,,WLU,,,,,,,,,,,
BUS 357W,,See http://www.wlu.ca/page.php?grp_id=1366&p=14566,,,,WLU,,,,,,,,,,,
BUS 362W,,See http://www.wlu.ca/page.php?grp_id=1366&p=14566,,,,WLU,,,,,,,,,,,
BUS 383W,,See http://www.wlu.ca/page.php?grp_id=1366&p=14566,,,,WLU,,,,,,,,,,,
BUS 385W,,See http://www.wlu.ca/page.php?grp_id=1366&p=14566,,,,WLU,,,,,,,,,,,
BUS 387W,,See http://www.wlu.ca/page.php?grp_id=1366&p=14566,,,,WLU,,,,,,,,,,,
BUS 397W,,See http://www.wlu.ca/page.php?grp_id=1366&p=14566,,,,WLU,,,,,,,,,,,
BUS 408W,,See http://www.wlu.ca/page.php?grp_id=1366&p=14566,,,,WLU,,,,,,,,,,,
BUS 412W,,See http://www.wlu.ca/page.php?grp_id=1366&p=14566,,,,WLU,,,,,,,,,,,
BUS 413W,,See http://www.wlu.ca/page.php?grp_id=1366&p=14566,,,,WLU,,,,,,,,,,,
BUS 417W,,See http://www.wlu.ca/page.php?grp_id=1366&p=14566,,,,WLU,,,,,,,,,,,
BUS 423W,,See http://www.wlu.ca/page.php?grp_id=1366&p=14566,,,,WLU,,,,,,,,,,,
BUS 435W,,See http://www.wlu.ca/page.php?grp_id=1366&p=14566,,,,WLU,,,,,,,,,,,
BUS 447W,,See http://www.wlu.ca/page.php?grp_id=1366&p=14566,,,,WLU,,,,,,,,,,,
BUS 451W,,See http://www.wlu.ca/page.php?grp_id=1366&p=14566,,,,WLU,,,,,,,,,,,
BUS 452W,,See http://www.wlu.ca/page.php?grp_id=1366&p=14566,,,,WLU,,,,,,,,,,,
BUS 466W,,See http://www.wlu.ca/page.php?grp_id=1366&p=14566,,,,WLU,,,,,,,,,,,
BUS 467W,,See http://www.wlu.ca/page.php?grp_id=1366&p=14566,,,,WLU,,,,,,,,,,,
BUS 473W,,See http://www.wlu.ca/page.php?grp_id=1366&p=14566,,,,WLU,,,,,,,,,,,
BUS 477W,,See http://www.wlu.ca/page.php?grp_id=1366&p=14566,,,,WLU,,,,,,,,,,,
BUS 481W,,See http://www.wlu.ca/page.php?grp_id=1366&p=14566,,,,WLU,,,,,,,,,,,
BUS 482W,,See http://www.wlu.ca/page.php?grp_id=1366&p=14566,,,,WLU,,,,,,,,,,,
BUS 486W,,See http://www.wlu.ca/page.php?grp_id=1366&p=14566,,,,WLU,,,,,,,,,,,
BUS 487W,,See http://www.wlu.ca/page.php?grp_id=1366&p=14566,,,,WLU,,,,,,,,,,,
CHE 100,001,Wednesday,"December 11, 2013",9:00 AM,11:30 AM,M3 1006,,,,,,,,,,,
CHE 102,001 to 011,Monday,"December 16, 2013",9:00 AM,11:30 AM,"PAC 1,2,3,4,5,6,7,8,9,10,11,12",,,,,,,,,,,
CHE 200,001,Friday,"December 13, 2013",4:00 PM,6:30 PM,See Prof,,,,,,,,,,,
CHE 211,001,Monday,"December 16, 2013",7:30 PM,10:00 PM,See Prof,,,,,,,,,,,
CHE 220,001,Monday,"December 16, 2013",9:00 AM,11:30 AM,See Prof,,,,,,,,,,,
CHE 230,001,Thursday,"December 5, 2013",9:00 AM,11:30 AM,See Prof,,,,,,,,,,,
CHE 231,001,Monday,"December 9, 2013",9:00 AM,11:30 AM,See Prof,,,,,,,,,,,
CHE 241,001,Wednesday,"December 18, 2013",4:00 PM,6:30 PM,See Prof,,,,,,,,,,,
CHE 311,001,Saturday,"December 14, 2013",4:00 PM,6:30 PM,See Prof,,,,,,,,,,,
CHE 313,001,Saturday,"December 7, 2013",7:30 PM,10:00 PM,See Prof,,,,,,,,,,,
CHE 325,001,Friday,"December 20, 2013",9:00 AM,11:30 AM,See Prof,,,,,,,,,,,
CHE 331,001,Thursday,"December 12, 2013",12:30 PM,3:00 PM,See Prof,,,,,,,,,,,
CHE 420,001,Thursday,"December 19, 2013",4:00 PM,6:30 PM,See Prof,,,,,,,,,,,
CHE 480,001,Friday,"December 13, 2013",9:00 AM,11:30 AM,See Prof,,,,,,,,,,,
CHE 541,001,Tuesday,"December 17, 2013",7:30 PM,10:00 PM,See Prof,,,,,,,,,,,
CHE 640,001,Thursday,"December 5, 2013",9:00 AM,11:30 AM,See Prof,,,,,,,,,,,
CHEM 120,001 to 006,Friday,"December 6, 2013",9:00 AM,11:30 AM,"PAC 1,2,3,4,5,6,7,8,9,10,11,12",,,,,,,,,,,
CHEM 120L,001 to 016,Friday,"December 6, 2013",7:30 PM,9:30 PM,"PAC 1,2,3,4,5,6,7,8,9,10,11,12",,,,,,,,,,,
CHEM 123,081 On Line,See https://uwaterloo.ca/quest/help/students/how-do-i/online-exam-schedule,,,,,,,,,,,,,,,
CHEM 209,001,Wednesday,"December 11, 2013",9:00 AM,11:30 AM,"RCH 301,302,305",,,,,,,,,,,
CHEM 217,081 On Line,See https://uwaterloo.ca/quest/help/students/how-do-i/online-exam-schedule,,,,,,,,,,,,,,,
CHEM 220,001,Thursday,"December 19, 2013",9:00 AM,11:30 AM,"PAC 1,2",,,,,,,,,,,
CHEM 237,001,Tuesday,"December 10, 2013",7:30 PM,10:00 PM,M3 1006,,,,,,,,,,,
CHEM 237L,001 to 004,Thursday,"December 19, 2013",7:30 PM,9:30 PM,M3 1006,,,,,,,,,,,
CHEM 240,001,Saturday,"December 14, 2013",12:30 PM,3:00 PM,PAC 11,,,,,,,,,,,
CHEM 262,001,Monday,"December 16, 2013",7:30 PM,10:00 PM,"PAC 11,12",,,,,,,,,,,
CHEM 262L,001 to 003,Thursday,"December 5, 2013",7:30 PM,10:00 PM,DC 1350,,,,,,,,,,,
CHEM 264,001,Thursday,"December 5, 2013",7:30 PM,10:00 PM,M3 1006,,,,,,,,,,,
CHEM 266,"001,002",Friday,"December 6, 2013",12:30 PM,3:00 PM,"PAC 1,2,3,4,5,6,7",,,,,,,,,,,
CHEM 266,081 On Line,See https://uwaterloo.ca/quest/help/students/how-do-i/online-exam-schedule,,,,,,,,,,,,,,,
CHEM 310,001,Wednesday,"December 18, 2013",9:00 AM,11:30 AM,See Prof,,,,,,,,,,,
CHEM 331,001,Friday,"December 20, 2013",4:00 PM,6:30 PM,MC 4059,,,,,,,,,,,
CHEM 333,001,Thursday,"December 5, 2013",7:30 PM,10:00 PM,RCH 301,,,,,,,,,,,
CHEM 356,001,Friday,"December 13, 2013",4:00 PM,6:30 PM,See Prof,,,,,,,,,,,
CHEM 370,001,Thursday,"December 5, 2013",9:00 AM,11:30 AM,See Prof,,,,,,,,,,,
CHEM 404,001,Friday,"December 20, 2013",9:00 AM,11:30 AM,PAC 9,,,,,,,,,,,
CHEM 430,001,Saturday,"December 7, 2013",7:30 PM,10:00 PM,RCH 206,,,,,,,,,,,
CHEM 432,001,Wednesday,"December 11, 2013",9:00 AM,11:00 AM,RCH 211,,,,,,,,,,,
CHEM 450,001,Thursday,"December 5, 2013",12:30 PM,3:00 PM,See Prof,,,,,,,,,,,
CHEM 460,001,Monday,"December 9, 2013",4:00 PM,6:30 PM,See Prof,,,,,,,,,,,
CHEM 464,001,Saturday,"December 7, 2013",9:00 AM,11:30 AM,See Prof,,,,,,,,,,,
CHEM 482,001,Thursday,"December 5, 2013",9:00 AM,11:30 AM,RCH 205,,,,,,,,,,,
CHEM 750,002,Thursday,"December 5, 2013",12:30 PM,3:00 PM,See Prof,,,,,,,,,,,
CHEM 770,001,Thursday,"December 5, 2013",9:00 AM,11:30 AM,See Prof,,,,,,,,,,,
CHINA 101R,"001,002",Friday,"December 20, 2013",4:00 PM,6:30 PM,See Prof,,,,,,,,,,,
CHINA 102R,001,Monday,"December 16, 2013",9:00 AM,11:30 AM,See Prof,,,,,,,,,,,
CHINA 120R,001,Wednesday,"December 18, 2013",12:30 PM,3:00 PM,See Prof,,,,,,,,,,,
CHINA 200R,001,Saturday,"December 7, 2013",12:30 PM,3:00 PM,See Prof,,,,,,,,,,,
CHINA 201R,001,Thursday,"December 12, 2013",12:30 PM,3:00 PM,See Prof,,,,,,,,,,,
CHINA 202R,001,Wednesday,"December 18, 2013",9:00 AM,11:30 AM,See Prof,,,,,,,,,,,
CHINA 272R,001,Saturday,"December 14, 2013",4:00 PM,6:30 PM,See Prof,,,,,,,,,,,
CHINA 301R,001,Friday,"December 20, 2013",9:00 AM,11:30 AM,See Prof,,,,,,,,,,,
CHINA 390R,001,Thursday,"December 5, 2013",9:00 AM,11:30 AM,See Prof,,,,,,,,,,,
CIVE 204,001,Thursday,"December 12, 2013",9:00 AM,11:30 AM,See Prof,,,,,,,,,,,
CIVE 221,001,Tuesday,"December 10, 2013",9:00 AM,11:30 AM,See Prof,,,,,,,,,,,
CIVE 224,001,Thursday,"December 5, 2013",9:00 AM,11:30 AM,See Prof,,,,,,,,,,,
CIVE 265,001,Tuesday,"December 17, 2013",9:00 AM,11:30 AM,See Prof,,,,,,,,,,,
CIVE 292,001,Saturday,"December 7, 2013",9:00 AM,11:30 AM,See Prof,,,,,,,,,,,
CIVE 306,001,Saturday,"December 14, 2013",12:30 PM,3:00 PM,See Prof,,,,,,,,,,,
CIVE 313,001,Thursday,"December 5, 2013",9:00 AM,11:30 AM,See Prof,,,,,,,,,,,
CIVE 332,001,Monday,"December 9, 2013",9:00 AM,11:30 AM,See Prof,,,,,,,,,,,
CIVE 343,001,Monday,"December 16, 2013",12:30 PM,3:00 PM,See Prof,,,,,,,,,,,
CIVE 354,001,Thursday,"December 12, 2013",9:00 AM,11:30 AM,See Prof,,,,,,,,,,,
CIVE 381,001,Friday,"December 20, 2013",9:00 AM,11:30 AM,See Prof,,,,,,,,,,,
CIVE 486,001,Monday,"December 9, 2013",12:30 PM,3:00 PM,See Prof,,,,,,,,,,,
CIVE 497,001,Tuesday,"December 17, 2013",9:00 AM,11:30 AM,See Prof,,,,,,,,,,,
CLAS 100,001,Monday,"December 16, 2013",9:00 AM,11:00 AM,See Prof,,,,,,,,,,,
CLAS 105,001,Monday,"December 9, 2013",4:00 PM,6:00 PM,"RCH 103,105",,,,,,,,,,,
CLAS 221,001,Wednesday,"December 11, 2013",7:30 PM,10:00 PM,See Prof,,,,,,,,,,,
CLAS 231,001,Saturday,"December 14, 2013",12:30 PM,2:30 PM,See Prof,,,,,,,,,,,
CLAS 241,001,Thursday,"December 5, 2013",4:00 PM,6:00 PM,See Prof,,,,,,,,,,,
CLAS 251,001,Monday,"December 16, 2013",12:30 PM,2:30 PM,RCH 307,,,,,,,,,,,
CLAS 321,001,Friday,"December 6, 2013",12:30 PM,3:00 PM,See Prof,,,,,,,,,,,
CLAS 351,001,Saturday,"December 7, 2013",9:00 AM,11:00 AM,RCH 205,,,,,,,,,,,
CM 762,001,Thursday,"December 5, 2013",9:00 AM,11:30 AM,See Prof,,,,,,,,,,,
CM 763,001,Exam removed from the schedule.  Contact instructor for further information,,,,,,,,,,,,,,,
CMW 363,001,Thursday,"December 5, 2013",9:00 AM,11:30 AM,See Prof,,,,,,,,,,,
CO 227,001,Wednesday,"December 18, 2013",9:00 AM,11:30 AM,RCH 204,,,,,,,,,,,
CO 250,"001,002",Monday,"December 9, 2013",9:00 AM,11:30 AM,"RCH 301,302,307",,,,,,,,,,,
CO 330,001,Thursday,"December 5, 2013",12:30 PM,3:00 PM,RCH 307,,,,,,,,,,,
CO 342,001,Saturday,"December 7, 2013",12:30 PM,3:00 PM,PAC 6,,,,,,,,,,,
CO 351,001,Monday,"December 16, 2013",12:30 PM,3:00 PM,RCH 204,,,,,,,,,,,
CO 370,001,Friday,"December 13, 2013",4:00 PM,6:30 PM,"RCH 103,105",,,,,,,,,,,
CO 372,001,Friday,"December 6, 2013",12:30 PM,3:00 PM,RCH 110,,,,,,,,,,,
CO 430,001,Thursday,"December 5, 2013",9:00 AM,11:30 AM,RCH 206,,,,,,,,,,,
CO 450,001,Saturday,"December 14, 2013",12:30 PM,3:00 PM,PAC 9,,,,,,,,,,,
CO 456,001,Monday,"December 16, 2013",9:00 AM,11:30 AM,RCH 211,,,,,,,,,,,
CO 463,001,Tuesday,"December 10, 2013",12:30 PM,3:00 PM,RCH 205,,,,,,,,,,,
CO 485,001,Thursday,"December 5, 2013",7:30 PM,10:00 PM,RCH 205,,,,,,,,,,,
CO 630,001,Thursday,"December 5, 2013",9:00 AM,11:30 AM,RCH 206,,,,,,,,,,,
CO 650,001,Saturday,"December 14, 2013",12:30 PM,3:00 PM,PAC 9,,,,,,,,,,,
CO 663,001,Tuesday,"December 10, 2013",12:30 PM,3:00 PM,RCH 205,,,,,,,,,,,
CO 685,001,Thursday,"December 5, 2013",7:30 PM,10:00 PM,RCH 205,,,,,,,,,,,
COMM 231,001,Friday,"December 20, 2013",12:30 PM,3:00 PM,"DC 1350,1351",,,,,,,,,,,
COMM 421,001,Tuesday,"December 17, 2013",12:30 PM,3:00 PM,PAC 3,,,,,,,,,,,
COMM 431,001,Thursday,"December 19, 2013",4:00 PM,6:30 PM,PAC 4,,,,,,,,,,,
CROAT 101,001,Monday,"December 16, 2013",12:30 PM,3:00 PM,See Prof,,,,,,,,,,,
CROAT 101,081 On Line,See https://uwaterloo.ca/quest/help/students/how-do-i/online-exam-schedule,,,,,,,,,,,,,,,
CROAT 201,001,Thursday,"December 5, 2013",12:30 PM,3:00 PM,See Prof,,,,,,,,,,,
CS 100,081 On Line,See https://uwaterloo.ca/quest/help/students/how-do-i/online-exam-schedule,,,,,,,,,,,,,,,
CS 115,001 to 005,Tuesday,"December 17, 2013",9:00 AM,11:30 AM,"PAC 1,2,3,4,5,6,7,8,11,12",,,,,,,,,,,
CS 116,001,Monday,"December 16, 2013",9:00 AM,11:30 AM,"M3 1006,MC 1056",,,,,,,,,,,
CS 135,001 to 007,Friday,"December 13, 2013",12:30 PM,3:00 PM,"PAC 1,2,3,4,5,6,9,10",,,,,,,,,,,
CS 136,"001,002",Friday,"December 13, 2013",12:30 PM,3:00 PM,M3 1006,,,,,,,,,,,
CS 137,001,Monday,"December 16, 2013",4:00 PM,6:30 PM,M3 1006,,,,,,,,,,,
CS 145,001,Thursday,"December 12, 2013",4:00 PM,6:30 PM,PAC 4,,,,,,,,,,,
CS 200,001,Saturday,"December 7, 2013",12:30 PM,3:00 PM,PAC 9,,,,,,,,,,,
CS 230,001,Monday,"December 9, 2013",7:30 PM,10:00 PM,PAC 8,,,,,,,,,,,
CS 234,001,Monday,"December 16, 2013",7:30 PM,10:00 PM,PAC 8,,,,,,,,,,,
CS 240,"001,002",Monday,"December 9, 2013",12:30 PM,3:00 PM,"PAC 8,9",,,,,,,,,,,
CS 241,001 to 003,Tuesday,"December 10, 2013",4:00 PM,6:30 PM,"DC 1350,1351",,,,,,,,,,,
CS 245,001 to 005,Monday,"December 9, 2013",4:00 PM,6:30 PM,"PAC 7,8,9,10,11,12",,,,,,,,,,,
CS 246,001 to 005,Saturday,"December 14, 2013",12:30 PM,3:00 PM,"PAC 4,5,6,7",,,,,,,,,,,
CS 251,"001,002",Friday,"December 13, 2013",4:00 PM,6:30 PM,M3 1006,,,,,,,,,,,
CS 330,"001,002",Saturday,"December 14, 2013",12:30 PM,3:00 PM,"PAC 1,2",,,,,,,,,,,
CS 335,001,Thursday,"December 5, 2013",12:30 PM,3:00 PM,"PAC 11,12",,,,,,,,,,,
CS 338,001,Thursday,"December 12, 2013",9:00 AM,11:30 AM,DC 1350,,,,,,,,,,,
CS 341,001 to 003,Tuesday,"December 17, 2013",9:00 AM,11:30 AM,"DC 1350,1351",,,,,,,,,,,
CS 343,001 to 003,Wednesday,"December 11, 2013",4:00 PM,6:30 PM,"DC 1350,1351",,,,,,,,,,,
CS 348,"001,002",Tuesday,"December 10, 2013",9:00 AM,11:30 AM,"RCH 301,302",,,,,,,,,,,
CS 348,003,Tuesday,"December 10, 2013",9:00 AM,11:30 AM,"RCH 305,307",,,,,,,,,,,
CS 349,"001,002",Friday,"December 6, 2013",12:30 PM,3:00 PM,"PAC 11,12",,,,,,,,,,,
CS 350,001 to 003,Monday,"December 9, 2013",4:00 PM,6:30 PM,"DC 1350,1351",,,,,,,,,,,
CS 360,001,Thursday,"December 12, 2013",4:00 PM,6:30 PM,PAC 5,,,,,,,,,,,
CS 370,"001,002",Thursday,"December 19, 2013",9:00 AM,11:30 AM,"PAC 7,8",,,,,,,,,,,
CS 430,001,Saturday,"December 14, 2013",7:30 PM,10:00 PM,MC 4059,,,,,,,,,,,
CS 432,001,Wednesday,"December 18, 2013",7:30 PM,10:00 PM,MC 4020,,,,,,,,,,,
CS 445,001,Thursday,"December 5, 2013",12:30 PM,3:00 PM,"RCH 301,302",,,,,,,,,,,
CS 456,"001,002",Friday,"December 13, 2013",12:30 PM,3:00 PM,"MC 2034,2035,2038",,,,,,,,,,,
CS 458,"001,002",Wednesday,"December 18, 2013",9:00 AM,11:30 AM,"PAC 9,10,11,12",,,,,,,,,,,
CS 466,001,Friday,"December 20, 2013",9:00 AM,11:30 AM,PAC 5,,,,,,,,,,,
CS 486,001,Tuesday,"December 10, 2013",7:30 PM,10:00 PM,"MC 2017,2054",,,,,,,,,,,
CS 488,001,Saturday,"December 14, 2013",9:00 AM,11:30 AM,PAC 12,,,,,,,,,,,
CS 645,001,Thursday,"December 5, 2013",12:30 PM,3:00 PM,"RCH 301,302",,,,,,,,,,,
CS 656,"001,002",Friday,"December 13, 2013",12:30 PM,3:00 PM,"MC 2034,2035,2038",,,,,,,,,,,
CS 658,"001,002",Wednesday,"December 18, 2013",9:00 AM,11:30 AM,"PAC 9,10,11,12",,,,,,,,,,,
CS 666,001,Friday,"December 20, 2013",9:00 AM,11:30 AM,PAC 5,,,,,,,,,,,
CS 686,001,Tuesday,"December 10, 2013",7:30 PM,10:00 PM,"MC 2017,2054",,,,,,,,,,,
CS 688,001,Saturday,"December 14, 2013",9:00 AM,11:30 AM,PAC 12,,,,,,,,,,,
DRAMA 101A,001,Tuesday,"December 17, 2013",9:00 AM,11:30 AM,"MC 4020,4021",,,,,,,,,,,
DRAMA 386,002,Wednesday,"December 18, 2013",9:00 AM,11:00 AM,RCH 308,,,,,,,,,,,
DRAMA 386,081 On Line,See https://uwaterloo.ca/quest/help/students/how-do-i/online-exam-schedule,,,,,,,,,,,,,,,
DUTCH 101,001,Thursday,"December 19, 2013",7:30 PM,10:00 PM,See Prof,,,,,,,,,,,
DUTCH 201,001,Friday,"December 13, 2013",12:30 PM,3:00 PM,See Prof,,,,,,,,,,,
EARTH 121,001,Monday,"December 9, 2013",7:30 PM,10:00 PM,"PAC 4,5,6,7",,,,,,,,,,,
EARTH 121L,001 to 006,Saturday,"December 7, 2013",12:30 PM,1:30 PM,M3 1006,,,,,,,,,,,
EARTH 123,001,Thursday,"December 19, 2013",12:30 PM,3:00 PM,"PAC 2,3",,,,,,,,,,,
EARTH 123L,001 to 004,Friday,"December 20, 2013",4:00 PM,6:30 PM,M3 1006,,,,,,,,,,,
EARTH 231,001,Friday,"December 20, 2013",9:00 AM,11:30 AM,MC 1085,,,,,,,,,,,
EARTH 235,001,Tuesday,"December 10, 2013",12:30 PM,3:00 PM,"PAC 9,10",,,,,,,,,,,
EARTH 260,001,Friday,"December 13, 2013",4:00 PM,6:30 PM,RCH 301,,,,,,,,,,,
EARTH 331,001,Monday,"December 9, 2013",7:30 PM,10:00 PM,PAC 9,,,,,,,,,,,
EARTH 342,001,Tuesday,"December 17, 2013",12:30 PM,3:00 PM,PAC 1,,,,,,,,,,,
EARTH 359,001,Thursday,"December 5, 2013",12:30 PM,3:00 PM,MC 4059,,,,,,,,,,,
EARTH 421,001,Saturday,"December 7, 2013",7:30 PM,10:00 PM,RCH 307,,,,,,,,,,,
EARTH 440,001,Friday,"December 6, 2013",12:30 PM,3:00 PM,RCH 307,,,,,,,,,,,
EARTH 461,001,Tuesday,"December 10, 2013",4:00 PM,6:30 PM,RCH 205,,,,,,,,,,,
EARTH 668,001,Tuesday,"December 10, 2013",4:00 PM,6:30 PM,RCH 205,,,,,,,,,,,
ECE 105,001 to 004,Monday,"December 9, 2013",4:00 PM,6:30 PM,"PAC 1,2,3,4,5,6",,,,,,,,,,,
ECE 140,001 to 004,Wednesday,"December 11, 2013",9:00 AM,11:30 AM,"PAC 1,2,3,4,5,6",,,,,,,,,,,
ECE 150,001 to 003,Friday,"December 13, 2013",7:30 PM,10:00 PM,"PAC 4,5,6,7",,,,,,,,,,,
ECE 205,001,Monday,"December 9, 2013",12:30 PM,3:00 PM,"MC 2034,2035,2038",,,,,,,,,,,
ECE 206,001,Thursday,"December 5, 2013",9:00 AM,11:30 AM,"RCH 103,105",,,,,,,,,,,
ECE 207,"001,002",Thursday,"December 12, 2013",12:30 PM,3:00 PM,"RCH 103,105,110,112",,,,,,,,,,,
ECE 209,001,Monday,"December 9, 2013",9:00 AM,11:30 AM,"RCH 103,105",,,,,,,,,,,
ECE 222,001,Thursday,"December 5, 2013",12:30 PM,3:00 PM,"RCH 103,105,110",,,,,,,,,,,
ECE 222,002,Wednesday,"December 11, 2013",4:00 PM,6:30 PM,"RCH 103,105,110",,,,,,,,,,,
ECE 224,"001,002",Friday,"December 6, 2013",12:30 PM,3:00 PM,M3 1006,,,,,,,,,,,
ECE 240,001,Wednesday,"December 11, 2013",4:00 PM,6:30 PM,"RCH 301,302",,,,,,,,,,,
ECE 242,"001,002",Tuesday,"December 17, 2013",9:00 AM,11:30 AM,M3 1006,,,,,,,,,,,
ECE 250,001,Friday,"December 13, 2013",12:30 PM,3:00 PM,"RCH 301,302",,,,,,,,,,,
ECE 254,001,Tuesday,"December 10, 2013",4:00 PM,6:30 PM,"RCH 110,112",,,,,,,,,,,
ECE 290,001,Monday,"December 16, 2013",4:00 PM,6:30 PM,DC 1350,,,,,,,,,,,
ECE 318,001,Thursday,"December 12, 2013",9:00 AM,11:30 AM,"RCH 301,309",,,,,,,,,,,
ECE 356,001,Friday,"December 20, 2013",4:00 PM,6:30 PM,MC 4020,,,,,,,,,,,
ECE 358,001,Monday,"December 16, 2013",12:30 PM,3:00 PM,RCH 211,,,,,,,,,,,
ECE 361,001,Thursday,"December 19, 2013",7:30 PM,10:00 PM,PAC 6,,,,,,,,,,,
ECE 390,001,Friday,"December 13, 2013",4:00 PM,6:30 PM,"RCH 110,112",,,,,,,,,,,
ECE 451,001,Thursday,"December 5, 2013",12:30 PM,3:00 PM,"RCH 301,302",,,,,,,,,,,
ECE 484,001,Thursday,"December 5, 2013",12:30 PM,3:00 PM,See Prof,,,,,,,,,,,
ECON 101,"002,004,007",Thursday,"December 5, 2013",4:00 PM,6:30 PM,"PAC 1,2,3,4,5,6,11,12",,,,,,,,,,,
ECON 101,"008,009",Thursday,"December 5, 2013",4:00 PM,6:30 PM,"M3 1006",,,,,,,,,,,
ECON 101,001,Thursday,"December 5, 2013",4:00 PM,6:30 PM,"MC 2017,2034,2035,2038,2054",,,,,,,,,,,
ECON 101,003,Thursday,"December 5, 2013",4:00 PM,6:30 PM,"RCH 301,302,305,306",,,,,,,,,,,
ECON 101,005,Thursday,"December 5, 2013",4:00 PM,6:30 PM,"DC 1350,1351",,,,,,,,,,,
ECON 101,006,Thursday,"December 5, 2013",4:00 PM,6:30 PM,"PAC 7,8,9,10",,,,,,,,,,,
ECON 101,081 On Line,See https://uwaterloo.ca/quest/help/students/how-do-i/online-exam-schedule,,,,,,,,,,,,,,,
ECON 102,001,Saturday,"December 14, 2013",9:00 AM,11:30 AM,PAC 11,,,,,,,,,,,
ECON 102,002,Saturday,"December 14, 2013",9:00 AM,11:30 AM,"PAC 4,5",,,,,,,,,,,
ECON 102,003,Saturday,"December 14, 2013",9:00 AM,11:30 AM,"PAC 2,3",,,,,,,,,,,
ECON 120W,,See http://www.wlu.ca/page.php?grp_id=1366&p=14566,,,,WLU,,,,,,,,,,,
ECON 201,"002,005",Wednesday,"December 11, 2013",9:00 AM,11:30 AM,"PAC 7,8",,,,,,,,,,,
ECON 201,001,Wednesday,"December 11, 2013",9:00 AM,11:30 AM,"RCH 103,105",,,,,,,,,,,
ECON 201,003,Wednesday,"December 11, 2013",9:00 AM,11:30 AM,"PAC 11,12",,,,,,,,,,,
ECON 201,004,Wednesday,"December 11, 2013",9:00 AM,11:30 AM,"RCH 110,112",,,,,,,,,,,
ECON 202,"001,003",Saturday,"December 14, 2013",4:00 PM,6:30 PM,"PAC 1,2",,,,,,,,,,,
ECON 202,"002,004",Saturday,"December 14, 2013",4:00 PM,6:30 PM,"PAC 4,5",,,,,,,,,,,
ECON 211,001,Thursday,"December 5, 2013",9:00 AM,11:30 AM,"RCH 307,308",,,,,,,,,,,
ECON 221,"001,002",Thursday,"December 12, 2013",12:30 PM,2:30 PM,"MC 2034,2035,2038",,,,,,,,,,,
ECON 231,"001,002",Monday,"December 9, 2013",4:00 PM,6:30 PM,"RCH 110,112",,,,,,,,,,,
ECON 231,003,Monday,"December 9, 2013",4:00 PM,6:00 PM,"RCH 302,305",,,,,,,,,,,
ECON 301,001,Friday,"December 6, 2013",7:30 PM,10:00 PM,"MC 2017,2054",,,,,,,,,,,
ECON 301,002,Friday,"December 6, 2013",7:30 PM,10:00 PM,MC 1085,,,,,,,,,,,
ECON 302,"002,003",Saturday,"December 14, 2013",4:00 PM,6:30 PM,"PAC 7,8",,,,,,,,,,,
ECON 302,001,Saturday,"December 14, 2013",4:00 PM,6:30 PM,PAC 3,,,,,,,,,,,
ECON 304,001,Friday,"December 13, 2013",12:30 PM,3:00 PM,"RCH 110,112",,,,,,,,,,,
ECON 311,001,Thursday,"December 5, 2013",9:00 AM,11:30 AM,RCH 309,,,,,,,,,,,
ECON 321,001,Thursday,"December 12, 2013",9:00 AM,11:30 AM,RCH 211,,,,,,,,,,,
ECON 321,002,Thursday,"December 12, 2013",9:00 AM,11:00 AM,RCH 307,,,,,,,,,,,
ECON 341,001,Friday,"December 20, 2013",12:30 PM,2:30 PM,MC 4059,,,,,,,,,,,
ECON 344,"002,003",Thursday,"December 5, 2013",4:00 PM,5:00 PM,"RCH 103,105,106,112",,,,,,,,,,,
ECON 344,001,Thursday,"December 5, 2013",4:00 PM,6:00 PM,"RCH 307,308",,,,,,,,,,,
ECON 351,001,Friday,"December 6, 2013",12:30 PM,2:30 PM,RCH 112,,,,,,,,,,,
ECON 355,001,Saturday,"December 7, 2013",12:30 PM,3:00 PM,PAC 10,,,,,,,,,,,
ECON 361,001,Wednesday,"December 18, 2013",7:30 PM,10:00 PM,MC 2054,,,,,,,,,,,
ECON 363,001,Thursday,"December 19, 2013",4:00 PM,6:00 PM,MC 4042,,,,,,,,,,,
ECON 371,"001,002",Tuesday,"December 17, 2013",7:30 PM,10:00 PM,"PAC 1,2",,,,,,,,,,,
ECON 383,001,Monday,"December 16, 2013",7:30 PM,10:00 PM,"PAC 9,10",,,,,,,,,,,
ECON 401,001,Tuesday,"December 10, 2013",7:30 PM,10:00 PM,MC 4041,,,,,,,,,,,
ECON 401,002,Tuesday,"December 10, 2013",7:30 PM,10:00 PM,MC 4042,,,,,,,,,,,
ECON 402,001,Friday,"December 20, 2013",12:30 PM,2:00 PM,MC 4041,,,,,,,,,,,
ECON 404,001,Thursday,"December 12, 2013",7:30 PM,10:00 PM,MC 4041,,,,,,,,,,,
ECON 421,001,Tuesday,"December 17, 2013",4:00 PM,6:30 PM,PAC 11,,,,,,,,,,,
ECON 421,002,Tuesday,"December 17, 2013",4:00 PM,6:30 PM,PAC 12,,,,,,,,,,,
ECON 456,001,Saturday,"December 14, 2013",4:00 PM,6:30 PM,PAC 9,,,,,,,,,,,
ECON 483,001,Monday,"December 16, 2013",4:00 PM,6:30 PM,RCH 211,,,,,,,,,,,
ECON 488,001,Thursday,"December 5, 2013",4:00 PM,6:30 PM,See Prof,,,,,,,,,,,
ECON 631,001,Thursday,"December 5, 2013",4:00 PM,6:30 PM,See Prof,,,,,,,,,,,
ELPE 100,081 On Line,See https://uwaterloo.ca/quest/help/students/how-do-i/online-exam-schedule,,,,,,,,,,,,,,,
ENBUS 202,001,Friday,"December 6, 2013",9:00 AM,11:30 AM,"RCH 302,305",,,,,,,,,,,
ENBUS 204,001,Thursday,"December 12, 2013",9:00 AM,11:30 AM,"RCH 302,305",,,,,,,,,,,
ENGL 100A,001,Thursday,"December 5, 2013",9:00 AM,11:30 AM,See Prof,,,,,,,,,,,
ENGL 101A,002,Monday,"December 9, 2013",4:00 PM,6:30 PM,See Prof,,,,,,,,,,,
ENGL 101A,003,Friday,"December 20, 2013",9:00 AM,11:30 AM,See Prof,,,,,,,,,,,
ENGL 101B,001,Tuesday,"December 17, 2013",12:30 PM,3:00 PM,See Prof,,,,,,,,,,,
ENGL 101B,002,Saturday,"December 7, 2013",4:00 PM,6:30 PM,See Prof,,,,,,,,,,,
ENGL 102B,081 On Line,See https://uwaterloo.ca/quest/help/students/how-do-i/online-exam-schedule,,,,,,,,,,,,,,,
ENGL 104,001,Friday,"December 13, 2013",9:00 AM,11:30 AM,RCH 309,,,,,,,,,,,
ENGL 108A,001,Friday,"December 20, 2013",7:30 PM,10:00 PM,See Prof,,,,,,,,,,,
ENGL 108F,001,Saturday,"December 14, 2013",9:00 AM,10:30 AM,See Prof,,,,,,,,,,,
ENGL 108F,002,Monday,"December 9, 2013",7:30 PM,10:00 PM,See Prof,,,,,,,,,,,
ENGL 108H,001,Friday,"December 20, 2013",12:30 PM,3:00 PM,MC 4045,,,,,,,,,,,
ENGL 109,081 On Line,See https://uwaterloo.ca/quest/help/students/how-do-i/online-exam-schedule,,,,,,,,,,,,,,,
ENGL 129R,001,Tuesday,"December 17, 2013",4:00 PM,6:30 PM,See Prof,,,,,,,,,,,
ENGL 190,001,Thursday,"December 19, 2013",12:30 PM,3:00 PM,PAC 4,,,,,,,,,,,
ENGL 190,081 On Line,See https://uwaterloo.ca/quest/help/students/how-do-i/online-exam-schedule,,,,,,,,,,,,,,,
ENGL 200A,001,Thursday,"December 5, 2013",12:30 PM,3:00 PM,MC 1085,,,,,,,,,,,
ENGL 200A,081 On Line,See https://uwaterloo.ca/quest/help/students/how-do-i/online-exam-schedule,,,,,,,,,,,,,,,
ENGL 208A,001,Wednesday,"December 18, 2013",9:00 AM,11:30 AM,See Prof,,,,,,,,,,,
ENGL 208C,081 On Line,See https://uwaterloo.ca/quest/help/students/how-do-i/online-exam-schedule,,,,,,,,,,,,,,,
ENGL 208H,001,Monday,"December 16, 2013",4:00 PM,6:30 PM,RCH 205,,,,,,,,,,,
ENGL 208K,001,Friday,"December 13, 2013",9:00 AM,11:00 AM,See Prof,,,,,,,,,,,
ENGL 208M,001,Monday,"December 16, 2013",12:30 PM,3:00 PM,See Prof,,,,,,,,,,,
ENGL 210F,081 On Line,See https://uwaterloo.ca/quest/help/students/how-do-i/online-exam-schedule,,,,,,,,,,,,,,,
ENGL 210I,001,Saturday,"December 14, 2013",4:00 PM,6:30 PM,See Prof,,,,,,,,,,,
ENGL 213,001,Thursday,"December 5, 2013",4:00 PM,6:30 PM,See Prof,,,,,,,,,,,
ENGL 247,001,Tuesday,"December 10, 2013",12:30 PM,3:00 PM,RCH 204,,,,,,,,,,,
ENGL 251A,001,Saturday,"December 14, 2013",7:30 PM,10:00 PM,See Prof,,,,,,,,,,,
ENGL 251A,002,Saturday,"December 7, 2013",9:00 AM,11:30 AM,RCH 211,,,,,,,,,,,
ENGL 251A,005,Friday,"December 20, 2013",9:00 AM,11:30 AM,PAC 8,,,,,,,,,,,
ENGL 251A,081 On Line,See https://uwaterloo.ca/quest/help/students/how-do-i/online-exam-schedule,,,,,,,,,,,,,,,
ENGL 292,001,Thursday,"December 19, 2013",9:00 AM,11:30 AM,MC 2054,,,,,,,,,,,
ENGL 301H,001,Friday,"December 13, 2013",4:00 PM,6:30 PM,RCH 306,,,,,,,,,,,
ENGL 306A,001,Wednesday,"December 11, 2013",12:30 PM,3:00 PM,RCH 211,,,,,,,,,,,
ENGL 309A,001,Monday,"December 9, 2013",7:30 PM,10:00 PM,RCH 211,,,,,,,,,,,
ENGL 310A,001,Thursday,"December 5, 2013",12:30 PM,2:30 PM,See Prof,,,,,,,,,,,
ENGL 342,001,Tuesday,"December 17, 2013",9:00 AM,10:30 AM,RCH 205,,,,,,,,,,,
ENGL 350A,001,Friday,"December 6, 2013",9:00 AM,11:00 AM,See Prof,,,,,,,,,,,
ENGL 350B,081 On Line,See https://uwaterloo.ca/quest/help/students/how-do-i/online-exam-schedule,,,,,,,,,,,,,,,
ENGL 362,002,Wednesday,"December 18, 2013",9:00 AM,11:00 AM,RCH 308,,,,,,,,,,,
ENGL 362,081 On Line,See https://uwaterloo.ca/quest/help/students/how-do-i/online-exam-schedule,,,,,,,,,,,,,,,
ENGL 376R,001,Monday,"December 9, 2013",9:00 AM,11:30 AM,See Prof,,,,,,,,,,,
ENGL 409A,001,Tuesday,"December 10, 2013",4:00 PM,6:30 PM,RCH 206,,,,,,,,,,,
ENGL 430A,001,Thursday,"December 12, 2013",9:00 AM,11:30 AM,See Prof,,,,,,,,,,,
ENGL 451A,001,Thursday,"December 12, 2013",12:30 PM,3:00 PM,RCH 205,,,,,,,,,,,
ENVE 214,001,Monday,"December 9, 2013",12:30 PM,3:00 PM,See Prof,,,,,,,,,,,
ENVE 223,001,Saturday,"December 7, 2013",4:00 PM,6:30 PM,See Prof,,,,,,,,,,,
ENVE 276,001,Thursday,"December 5, 2013",12:30 PM,3:00 PM,See Prof,,,,,,,,,,,
ENVE 292,001,Wednesday,"December 11, 2013",9:00 AM,11:30 AM,See Prof,,,,,,,,,,,
ENVE 472,001,Friday,"December 6, 2013",7:30 PM,10:00 PM,See Prof,,,,,,,,,,,
ENVS 200,001,Wednesday,"December 18, 2013",7:30 PM,10:00 PM,"DC 1350,1351",,,,,,,,,,,
ENVS 201,001,Tuesday,"December 10, 2013",7:30 PM,10:00 PM,"PAC 1,2,3",,,,,,,,,,,
ENVS 278,001,Friday,"December 13, 2013",12:30 PM,3:00 PM,"PAC 7,8,11,12",,,,,,,,,,,
ERS 110,001,Thursday,"December 5, 2013",9:00 AM,11:30 AM,See Prof,,,,,,,,,,,
ERS 210,001,Wednesday,"December 11, 2013",4:00 PM,6:30 PM,See Prof,,,,,,,,,,,
ERS 211,001,Monday,"December 16, 2013",9:00 AM,11:30 AM,See Prof,,,,,,,,,,,
ERS 234,001,Saturday,"December 7, 2013",7:30 PM,10:00 PM,See Prof,,,,,,,,,,,
ERS 370,001,Monday,"December 9, 2013",4:00 PM,6:00 PM,See Prof,,,,,,,,,,,
ERS 484,001,Thursday,"December 5, 2013",4:00 PM,6:30 PM,See Prof,,,,,,,,,,,
ERS 675,001,Thursday,"December 5, 2013",4:00 PM,6:30 PM,See Prof,,,,,,,,,,,
ESL 102R,001 to 008,Thursday,"December 12, 2013",7:30 PM,10:00 PM,See Prof,,,,,,,,,,,
ESL 129R,001 to 003,Tuesday,"December 17, 2013",4:00 PM,6:30 PM,See Prof,,,,,,,,,,,
ESL 129R,081 On Line,See https://uwaterloo.ca/quest/help/students/how-do-i/online-exam-schedule,,,,,,,,,,,,,,,
FINE 241,001,Thursday,"December 5, 2013",4:00 PM,6:00 PM,See Prof,,,,,,,,,,,
FR 151,001 to 004,Wednesday,"December 18, 2013",9:00 AM,11:00 AM,"DC 1350,1351",,,,,,,,,,,
FR 151,081 On Line,See https://uwaterloo.ca/quest/help/students/how-do-i/online-exam-schedule,,,,,,,,,,,,,,,
FR 152,001 to 004,Tuesday,"December 17, 2013",9:00 AM,11:00 AM,MC 1085,,,,,,,,,,,
FR 152,081 On Line,See https://uwaterloo.ca/quest/help/students/how-do-i/online-exam-schedule,,,,,,,,,,,,,,,
FR 192A,001 to 005,Saturday,"December 14, 2013",12:30 PM,2:30 PM,"DC 1350,1351",,,,,,,,,,,
FR 192A,006,Saturday,"December 14, 2013",12:30 PM,2:30 PM,See Prof,,,,,,,,,,,
FR 192A,081 On Line,See https://uwaterloo.ca/quest/help/students/how-do-i/online-exam-schedule,,,,,,,,,,,,,,,
FR 192B,001 to 004,Saturday,"December 7, 2013",12:30 PM,2:30 PM,"MC 4059,4061",,,,,,,,,,,
FR 192B,081 On Line,See https://uwaterloo.ca/quest/help/students/how-do-i/online-exam-schedule,,,,,,,,,,,,,,,
FR 197,001,Monday,"December 16, 2013",4:00 PM,6:30 PM,See Prof,,,,,,,,,,,
FR 251,"001,002",Friday,"December 20, 2013",7:30 PM,9:30 PM,See Prof,,,,,,,,,,,
FR 251,081 On Line,See https://uwaterloo.ca/quest/help/students/how-do-i/online-exam-schedule,,,,,,,,,,,,,,,
FR 252,001,Tuesday,"December 17, 2013",12:30 PM,3:00 PM,See Prof,,,,,,,,,,,
FR 252,081 On Line,See https://uwaterloo.ca/quest/help/students/how-do-i/online-exam-schedule,,,,,,,,,,,,,,,
FR 263,001,Friday,"December 6, 2013",9:00 AM,11:00 AM,See Prof,,,,,,,,,,,
FR 291,081 On Line,See https://uwaterloo.ca/quest/help/students/how-do-i/online-exam-schedule,,,,,,,,,,,,,,,
FR 297,001,Friday,"December 6, 2013",7:30 PM,9:30 PM,See Prof,,,,,,,,,,,
FR 297,081 On Line,See https://uwaterloo.ca/quest/help/students/how-do-i/online-exam-schedule,,,,,,,,,,,,,,,
FR 353,001,Wednesday,"December 18, 2013",9:00 AM,11:30 AM,See Prof,,,,,,,,,,,
FR 375,081 On Line,See https://uwaterloo.ca/quest/help/students/how-do-i/online-exam-schedule,,,,,,,,,,,,,,,
FR 424,001,Thursday,"December 5, 2013",12:30 PM,2:30 PM,See Prof,,,,,,,,,,,
GENE 121,001,Wednesday,"December 11, 2013",4:00 PM,6:30 PM,M3 1006,,,,,,,,,,,
GEOG 201,001,Tuesday,"December 10, 2013",12:30 PM,3:00 PM,M3 1006,,,,,,,,,,,
GEOG 202,001,Saturday,"December 14, 2013",4:00 PM,6:30 PM,DC 1350,,,,,,,,,,,
GEOG 210,001,Friday,"December 6, 2013",9:00 AM,11:30 AM,RCH 301,,,,,,,,,,,
GEOG 215,001,Thursday,"December 19, 2013",9:00 AM,11:30 AM,"PAC 9,10",,,,,,,,,,,
GEOG 222,001,Thursday,"December 12, 2013",4:00 PM,6:30 PM,"PAC 1,2",,,,,,,,,,,
GEOG 281,001,Thursday,"December 5, 2013",12:30 PM,3:00 PM,M3 1006,,,,,,,,,,,
GEOG 310,001,Monday,"December 16, 2013",7:30 PM,10:00 PM,MC 4020,,,,,,,,,,,
GEOG 311,001,Tuesday,"December 17, 2013",9:00 AM,11:30 AM,"PAC 9,10",,,,,,,,,,,
GEOG 316,001,Friday,"December 6, 2013",7:30 PM,10:00 PM,MC 4040,,,,,,,,,,,
GEOG 353,001,Tuesday,"December 17, 2013",7:30 PM,10:00 PM,PAC 3,,,,,,,,,,,
GEOG 393,001,Saturday,"December 14, 2013",9:00 AM,11:30 AM,PAC 6,,,,,,,,,,,
GEOG 453,001,Thursday,"December 5, 2013",9:00 AM,11:30 AM,"RCH 301,302",,,,,,,,,,,
GEOG 459,001,Monday,"December 16, 2013",12:30 PM,3:00 PM,MC 1085,,,,,,,,,,,
GEOG 475,002,Saturday,"December 7, 2013",4:00 PM,6:30 PM,RCH 205,,,,,,,,,,,
GER 100,001,Friday,"December 20, 2013",4:00 PM,6:30 PM,See Prof,,,,,,,,,,,
GER 101,001 to 006,Thursday,"December 19, 2013",4:00 PM,6:30 PM,See Prof,,,,,,,,,,,
GER 101,081 On Line,See https://uwaterloo.ca/quest/help/students/how-do-i/online-exam-schedule,,,,,,,,,,,,,,,
GER 102,001,Wednesday,"December 18, 2013",12:30 PM,3:00 PM,See Prof,,,,,,,,,,,
GER 102,081 On Line,See https://uwaterloo.ca/quest/help/students/how-do-i/online-exam-schedule,,,,,,,,,,,,,,,
GER 201,001,Saturday,"December 7, 2013",7:30 PM,10:00 PM,See Prof,,,,,,,,,,,
GER 201,081 On Line,See https://uwaterloo.ca/quest/help/students/how-do-i/online-exam-schedule,,,,,,,,,,,,,,,
GER 304,001,Thursday,"December 19, 2013",12:30 PM,3:00 PM,See Prof,,,,,,,,,,,
GERON 201,001,Monday,"December 16, 2013",7:30 PM,9:30 PM,"DC 1350,1351",,,,,,,,,,,
GERON 220,001,Wednesday,"December 11, 2013",7:30 PM,10:00 PM,"PAC 7,8",,,,,,,,,,,
GERON 245,001,Wednesday,"December 18, 2013",12:30 PM,3:00 PM,"PAC 1,2",,,,,,,,,,,
GERON 355,001,Wednesday,"December 11, 2013",12:30 PM,3:00 PM,"M3 1006,MC 4045,4059,4061",,,,,,,,,,,
GRK 331,001,Friday,"December 6, 2013",12:30 PM,2:30 PM,RCH 205,,,,,,,,,,,
HIST 102,001,Wednesday,"December 18, 2013",12:30 PM,3:00 PM,"PAC 11,12",,,,,,,,,,,
HIST 103,001,Thursday,"December 5, 2013",12:30 PM,3:00 PM,See Prof,,,,,,,,,,,
HIST 106,001,Wednesday,"December 18, 2013",4:00 PM,6:30 PM,See Prof,,,,,,,,,,,
HIST 110,001,Saturday,"December 7, 2013",7:30 PM,10:00 PM,See Prof,,,,,,,,,,,
HIST 113,001,Tuesday,"December 10, 2013",4:00 PM,6:30 PM,See Prof,,,,,,,,,,,
HIST 115,001,Monday,"December 9, 2013",12:30 PM,3:00 PM,See Prof,,,,,,,,,,,
HIST 220,001,Monday,"December 16, 2013",12:30 PM,3:00 PM,See Prof,,,,,,,,,,,
HIST 221,001,Thursday,"December 12, 2013",12:30 PM,2:30 PM,See Prof,,,,,,,,,,,
HIST 223,001,Friday,"December 20, 2013",12:30 PM,3:00 PM,See Prof,,,,,,,,,,,
HIST 230,001,Wednesday,"December 18, 2013",12:30 PM,3:00 PM,See Prof,,,,,,,,,,,
HIST 232,001,Tuesday,"December 10, 2013",9:00 AM,11:30 AM,See Prof,,,,,,,,,,,
HIST 235,001,Thursday,"December 5, 2013",7:30 PM,10:00 PM,See Prof,,,,,,,,,,,
HIST 242,001,Monday,"December 16, 2013",12:30 PM,2:30 PM,RCH 307,,,,,,,,,,,
HIST 243,001,Thursday,"December 19, 2013",4:00 PM,6:30 PM,See Prof,,,,,,,,,,,
HIST 250,001,Monday,"December 9, 2013",9:00 AM,11:00 AM,See Prof,,,,,,,,,,,
HIST 263,001,Tuesday,"December 17, 2013",7:30 PM,9:30 PM,See Prof,,,,,,,,,,,
HIST 275,001,Friday,"December 13, 2013",7:30 PM,10:00 PM,See Prof,,,,,,,,,,,
HIST 311,001,Saturday,"December 14, 2013",4:00 PM,6:30 PM,See Prof,,,,,,,,,,,
HIST 314,001,Thursday,"December 12, 2013",9:00 AM,11:30 AM,See Prof,,,,,,,,,,,
HIST 317,001,Thursday,"December 5, 2013",7:30 PM,10:00 PM,See Prof,,,,,,,,,,,
HIST 356,001,Friday,"December 6, 2013",12:30 PM,3:00 PM,See Prof,,,,,,,,,,,
HIST 358,001,Wednesday,"December 11, 2013",12:30 PM,3:00 PM,See Prof,,,,,,,,,,,
HIST 388,001,Wednesday,"December 11, 2013",12:30 PM,2:30 PM,See Prof,,,,,,,,,,,
HIST 389,001,Thursday,"December 5, 2013",9:00 AM,11:30 AM,See Prof,,,,,,,,,,,
HLTH 101,"001,002",Tuesday,"December 17, 2013",4:00 PM,6:30 PM,"PAC 1,2,3,8",,,,,,,,,,,
HLTH 103,001,Tuesday,"December 10, 2013",7:30 PM,9:30 PM,See Prof,,,,,,,,,,,
HLTH 201,001,Monday,"December 16, 2013",7:30 PM,9:30 PM,"DC 1350,1351",,,,,,,,,,,
HLTH 220,001,Wednesday,"December 11, 2013",7:30 PM,10:00 PM,"PAC 7,8",,,,,,,,,,,
HLTH 245,001,Wednesday,"December 18, 2013",12:30 PM,3:00 PM,"PAC 1,2",,,,,,,,,,,
HLTH 333,001,Thursday,"December 5, 2013",9:00 AM,11:30 AM,"PAC 11,12",,,,,,,,,,,
HLTH 341,001,Tuesday,"December 10, 2013",12:30 PM,2:00 PM,"RCH 103,105",,,,,,,,,,,
HLTH 344,001,Wednesday,"December 18, 2013",9:00 AM,11:00 AM,"RCH 103,105",,,,,,,,,,,
HLTH 346,001,Thursday,"December 12, 2013",7:30 PM,10:00 PM,"PAC 4,5,6,10",,,,,,,,,,,
HLTH 407,001,Monday,"December 9, 2013",12:30 PM,3:00 PM,"MC 4020,4021",,,,,,,,,,,
HLTH 442,001,Saturday,"December 14, 2013",12:30 PM,3:00 PM,PAC 12,,,,,,,,,,,
HRM 200,001,Friday,"December 13, 2013",7:30 PM,10:00 PM,"PAC 1,2,3,9",,,,,,,,,,,
HRM 301,001,Saturday,"December 14, 2013",12:30 PM,2:30 PM,"MC 2034,2035",,,,,,,,,,,
HRM 303,001,Friday,"December 6, 2013",12:30 PM,2:30 PM,RCH 301,,,,,,,,,,,
HUMSC 101,002,Friday,"December 6, 2013",4:00 PM,6:00 PM,See Prof,,,,,,,,,,,
HUMSC 102,001,Tuesday,"December 17, 2013",12:30 PM,3:00 PM,See Prof,,,,,,,,,,,
HUMSC 201,001,Saturday,"December 7, 2013",12:30 PM,3:00 PM,See Prof,,,,,,,,,,,
INDEV 100,001,Monday,"December 9, 2013",12:30 PM,3:00 PM,See Prof,,,,,,,,,,,
INDEV 200,001,Monday,"December 16, 2013",12:30 PM,3:00 PM,See Prof,,,,,,,,,,,
INDEV 300,001,Friday,"December 13, 2013",4:00 PM,6:30 PM,RCH 307,,,,,,,,,,,
INTST 101,081 On Line,See https://uwaterloo.ca/quest/help/students/how-do-i/online-exam-schedule,,,,,,,,,,,,,,,
JAPAN 101R,"001,002",Thursday,"December 19, 2013",12:30 PM,2:30 PM,See Prof,,,,,,,,,,,
JAPAN 102R,001,Thursday,"December 19, 2013",4:00 PM,6:00 PM,See Prof,,,,,,,,,,,
JAPAN 201R,"001,002",Monday,"December 16, 2013",12:30 PM,3:00 PM,See Prof,,,,,,,,,,,
JAPAN 202R,001,Thursday,"December 19, 2013",7:30 PM,10:00 PM,See Prof,,,,,,,,,,,
JAPAN 301R,001,Saturday,"December 7, 2013",9:00 AM,11:30 AM,See Prof,,,,,,,,,,,
JAPAN 302R,001,Tuesday,"December 10, 2013",7:30 PM,10:00 PM,See Prof,,,,,,,,,,,
KIN 104,001,Friday,"December 13, 2013",12:30 PM,2:00 PM,"DC 1350,1351",,,,,,,,,,,
KIN 105,001,Thursday,"December 12, 2013",12:30 PM,3:00 PM,"DC 1350,1351",,,,,,,,,,,
KIN 121,001,Thursday,"December 5, 2013",12:30 PM,3:00 PM,"DC 1350,1351",,,,,,,,,,,
KIN 155,001,Monday,"December 16, 2013",7:30 PM,10:00 PM,"PAC 1,2,3",,,,,,,,,,,
KIN 217,001,Tuesday,"December 10, 2013",7:30 PM,10:00 PM,"PAC 4,5,6,7",,,,,,,,,,,
KIN 242,001,Saturday,"December 14, 2013",12:30 PM,3:00 PM,M3 1006,,,,,,,,,,,
KIN 301,001,Wednesday,"December 18, 2013",7:30 PM,10:00 PM,MC 1085,,,,,,,,,,,
KIN 320,001,Saturday,"December 7, 2013",12:30 PM,2:30 PM,MC 4042,,,,,,,,,,,
KIN 346,001,Thursday,"December 12, 2013",7:30 PM,10:00 PM,"PAC 4,5,6,10",,,,,,,,,,,
KIN 357,001,Friday,"December 6, 2013",12:30 PM,2:30 PM,RCH 302,,,,,,,,,,,
KIN 405,001,Wednesday,"December 11, 2013",7:30 PM,10:00 PM,"MC 4059,4061",,,,,,,,,,,
KIN 407,001,Monday,"December 9, 2013",12:30 PM,3:00 PM,"MC 4020,4021",,,,,,,,,,,
KIN 428,001,Monday,"December 16, 2013",12:30 PM,3:00 PM,"RCH 308,309",,,,,,,,,,,
KIN 456,001,Monday,"December 9, 2013",4:00 PM,6:30 PM,RCH 306,,,,,,,,,,,
KIN 471,001,Thursday,"December 19, 2013",9:00 AM,11:30 AM,PAC 12,,,,,,,,,,,
KOREA 101R,"001,002",Thursday,"December 19, 2013",7:30 PM,10:00 PM,See Prof,,,,,,,,,,,
LAT 101,001 to 003,Tuesday,"December 10, 2013",12:30 PM,2:30 PM,"RCH 110,112",,,,,,,,,,,
LAT 201,001,Saturday,"December 7, 2013",7:30 PM,9:30 PM,RCH 209,,,,,,,,,,,
LS 101,001,Monday,"December 9, 2013",9:00 AM,11:30 AM,See Prof,,,,,,,,,,,
LS 101,081 On Line,See https://uwaterloo.ca/quest/help/students/how-do-i/online-exam-schedule,,,,,,,,,,,,,,,
LS 101,082 On Line,See https://uwaterloo.ca/quest/help/students/how-do-i/online-exam-schedule,,,,,,,,,,,,,,,
LS 280,001,Thursday,"December 5, 2013",4:00 PM,6:30 PM,See Prof,,,,,,,,,,,
LS 321,001,Monday,"December 9, 2013",7:30 PM,10:00 PM,See Prof,,,,,,,,,,,
MATBUS 470,001,Thursday,"December 19, 2013",9:00 AM,11:30 AM,PAC 3,,,,,,,,,,,
MATBUS 471,001,Thursday,"December 12, 2013",7:30 PM,10:00 PM,PAC 11,,,,,,,,,,,
MATH 103,001,Monday,"December 16, 2013",12:30 PM,3:00 PM,MC 4059,,,,,,,,,,,
MATH 103,081 On Line,See https://uwaterloo.ca/quest/help/students/how-do-i/online-exam-schedule,,,,,,,,,,,,,,,
MATH 104,001,Friday,"December 20, 2013",9:00 AM,11:30 AM,PAC 6,,,,,,,,,,,
MATH 106,001,Thursday,"December 12, 2013",9:00 AM,11:30 AM,MC 1085,,,,,,,,,,,
MATH 106,081 On Line,See https://uwaterloo.ca/quest/help/students/how-do-i/online-exam-schedule,,,,,,,,,,,,,,,
MATH 109,"001,002",Monday,"December 16, 2013",12:30 PM,3:00 PM,"PAC 1,2,3,4",,,,,,,,,,,
MATH 114,001,Thursday,"December 12, 2013",7:30 PM,10:00 PM,M3 1006,,,,,,,,,,,
MATH 115,001 to 008,Friday,"December 13, 2013",9:00 AM,11:30 AM,"PAC 1,2,3,4,5,6,7,8,9,10,11,12",,,,,,,,,,,
MATH 116,001 to 007,Thursday,"December 5, 2013",9:00 AM,11:30 AM,"PAC 1,2,3,4,5,6,7,8,9,10",,,,,,,,,,,
MATH 117,001 to 005,Thursday,"December 5, 2013",7:30 PM,10:00 PM,"PAC 1,2,3,4,5,6,9,10",,,,,,,,,,,
MATH 124,001,Monday,"December 9, 2013",4:00 PM,6:30 PM,"MC 4020,4021,4059,4061",,,,,,,,,,,
MATH 127,001 to 010,Wednesday,"December 11, 2013",4:00 PM,6:30 PM,"PAC 1,2,3,4,5,6,7,8,9,10,11,12",,,,,,,,,,,
MATH 127,081 On Line,See https://uwaterloo.ca/quest/help/students/how-do-i/online-exam-schedule,,,,,,,,,,,,,,,
MATH 128,001,Wednesday,"December 11, 2013",4:00 PM,6:30 PM,"MC 4020,4021",,,,,,,,,,,
MATH 128,081 On Line,See https://uwaterloo.ca/quest/help/students/how-do-i/online-exam-schedule,,,,,,,,,,,,,,,
MATH 135,"001,010 to 012",Monday,"December 9, 2013",9:00 AM,11:30 AM,"MC 2017,2054",,,,,,,,,,,
MATH 135,"009, 081",Monday,"December 9, 2013",9:00 AM,11:30 AM,"MC 4059,4060,4061",,,,,,,,,,,
MATH 135,002 to 007,Monday,"December 9, 2013",9:00 AM,11:30 AM,"PAC 1,2,3,4,5,6,7,8,9,10,11,12",,,,,,,,,,,
MATH 135,008,Monday,"December 9, 2013",9:00 AM,11:30 AM,"MC 4020,4021,4045",,,,,,,,,,,
MATH 136,001 to 003,Thursday,"December 12, 2013",12:30 PM,3:00 PM,"M3 1006,MC 4059,4060,4061",,,,,,,,,,,
MATH 137,"001,002",Wednesday,"December 11, 2013",12:30 PM,3:00 PM,"DC 1350,1351,MC 1085",,,,,,,,,,,
MATH 137,"003 to 007,010",Wednesday,"December 11, 2013",12:30 PM,3:00 PM,"PAC 1,2,3,4,5,6,7,8,9,10,11,12",,,,,,,,,,,
MATH 137,"009,011",Wednesday,"December 11, 2013",12:30 PM,3:00 PM,"RCH 103,105",,,,,,,,,,,
MATH 137,008,Wednesday,"December 11, 2013",12:30 PM,3:00 PM,"RCH 308,309",,,,,,,,,,,
MATH 138,001 to 003,Wednesday,"December 11, 2013",12:30 PM,3:00 PM,"RCH 301,302,305,306,307",,,,,,,,,,,
MATH 145,001,Monday,"December 9, 2013",9:00 AM,11:30 AM,MC 1085,,,,,,,,,,,
MATH 147,001,Wednesday,"December 11, 2013",12:30 PM,3:00 PM,"RCH 110,112",,,,,,,,,,,
MATH 207,001,Wednesday,"December 11, 2013",7:30 PM,10:00 PM,MC 4042,,,,,,,,,,,
MATH 215,001,Wednesday,"December 18, 2013",4:00 PM,6:30 PM,"PAC 1,2",,,,,,,,,,,
MATH 217,001,Wednesday,"December 11, 2013",9:00 AM,11:30 AM,"MC 4020,4021",,,,,,,,,,,
MATH 218,001,Thursday,"December 5, 2013",12:30 PM,3:00 PM,MC 4061,,,,,,,,,,,
MATH 225,001,Friday,"December 6, 2013",12:30 PM,3:00 PM,RCH 306,,,,,,,,,,,
MATH 227,001,Wednesday,"December 18, 2013",12:30 PM,3:00 PM,PAC 3,,,,,,,,,,,
MATH 228,001,Tuesday,"December 17, 2013",4:00 PM,6:30 PM,See Prof,,,,,,,,,,,
MATH 229,001,Saturday,"December 7, 2013",7:30 PM,10:00 PM,RCH 212,,,,,,,,,,,
MATH 235,001 to 007,Thursday,"December 12, 2013",12:30 PM,3:00 PM,"PAC 1,2,3,11,12",,,,,,,,,,,
MATH 237,001 to 005,Tuesday,"December 10, 2013",12:30 PM,3:00 PM,"PAC 4,5,6,7",,,,,,,,,,,
MATH 239,001 to 004,Tuesday,"December 17, 2013",4:00 PM,6:30 PM,"PAC 4,5,6,7",,,,,,,,,,,
MATH 245,001,Thursday,"December 12, 2013",12:30 PM,3:00 PM,PAC 9,,,,,,,,,,,
MATH 247,001,Tuesday,"December 10, 2013",7:30 PM,10:00 PM,PAC 12,,,,,,,,,,,
MATH 249,001,Tuesday,"December 17, 2013",4:00 PM,6:30 PM,PAC 9,,,,,,,,,,,
ME 201,001,Friday,"December 6, 2013",9:00 AM,11:30 AM,See Prof,,,,,,,,,,,
ME 202,001,Monday,"December 16, 2013",9:00 AM,11:30 AM,See Prof,,,,,,,,,,,
ME 203,001,Monday,"December 9, 2013",12:30 PM,3:00 PM,See Prof,,,,,,,,,,,
ME 212,001,Tuesday,"December 17, 2013",4:00 PM,6:30 PM,See Prof,,,,,,,,,,,
ME 219,001,Monday,"December 9, 2013",9:00 AM,11:30 AM,See Prof,,,,,,,,,,,
ME 220,001,Friday,"December 13, 2013",12:30 PM,3:00 PM,See Prof,,,,,,,,,,,
ME 230,001,Wednesday,"December 11, 2013",9:00 AM,11:30 AM,See Prof,,,,,,,,,,,
ME 235,001,Friday,"December 13, 2013",7:30 PM,10:00 PM,See Prof,,,,,,,,,,,
ME 250,001,Friday,"December 6, 2013",12:30 PM,3:00 PM,See Prof,,,,,,,,,,,
ME 250,002,Monday,"December 9, 2013",4:00 PM,6:30 PM,RCH 307,,,,,,,,,,,
ME 262,001,Monday,"December 16, 2013",12:30 PM,3:00 PM,See Prof,,,,,,,,,,,
ME 269,001,Friday,"December 13, 2013",9:00 AM,11:30 AM,See Prof,,,,,,,,,,,
ME 322,001,Thursday,"December 12, 2013",9:00 AM,11:30 AM,See Prof,,,,,,,,,,,
ME 353,001,Friday,"December 6, 2013",12:30 PM,3:00 PM,See Prof,,,,,,,,,,,
ME 360,001,Friday,"December 13, 2013",12:30 PM,3:00 PM,See Prof,,,,,,,,,,,
ME 362,001,Monday,"December 16, 2013",9:00 AM,11:30 AM,See Prof,,,,,,,,,,,
ME 423,001,Wednesday,"December 11, 2013",7:30 PM,10:00 PM,See Prof,,,,,,,,,,,
ME 436,001,Tuesday,"December 10, 2013",9:00 AM,11:30 AM,See Prof,,,,,,,,,,,
ME 456,001,Thursday,"December 12, 2013",4:00 PM,6:30 PM,See Prof,,,,,,,,,,,
ME 459,001,Saturday,"December 7, 2013",7:30 PM,10:00 PM,See Prof,,,,,,,,,,,
ME 548,001,Friday,"December 13, 2013",4:00 PM,6:30 PM,See Prof,,,,,,,,,,,
ME 559,001,Tuesday,"December 17, 2013",7:30 PM,10:00 PM,See Prof,,,,,,,,,,,
ME 561,001,Saturday,"December 14, 2013",9:00 AM,11:30 AM,See Prof,,,,,,,,,,,
ME 599,001,Tuesday,"December 17, 2013",9:00 AM,11:30 AM,See Prof,,,,,,,,,,,
ME 760,003,Tuesday,"December 17, 2013",9:00 AM,11:30 AM,See Prof,,,,,,,,,,,
MEDVL 105,001,Monday,"December 9, 2013",4:00 PM,6:00 PM,"RCH 103,105",,,,,,,,,,,
MEDVL 115,001,Monday,"December 9, 2013",12:30 PM,3:00 PM,See Prof,,,,,,,,,,,
MNS 101,001,Friday,"December 20, 2013",4:00 PM,6:30 PM,MC 4061,,,,,,,,,,,
MNS 211,001,Thursday,"December 12, 2013",12:30 PM,3:00 PM,PAC 10,,,,,,,,,,,
MSCI 211,001,Tuesday,"December 17, 2013",7:30 PM,10:00 PM,"PAC 4,5,6",,,,,,,,,,,
MSCI 211,081 On Line,See https://uwaterloo.ca/quest/help/students/how-do-i/online-exam-schedule,,,,,,,,,,,,,,,
MSCI 240,001,Wednesday,"December 11, 2013",7:30 PM,10:00 PM,See Prof,,,,,,,,,,,
MSCI 262,"001,002",Saturday,"December 7, 2013",9:00 AM,11:00 AM,RCH 301,,,,,,,,,,,
MSCI 271,001,Thursday,"December 5, 2013",12:30 PM,3:00 PM,See Prof,,,,,,,,,,,
MSCI 311,001,Tuesday,"December 10, 2013",12:30 PM,3:00 PM,"PAC 11,12",,,,,,,,,,,
MSCI 331,001,Monday,"December 16, 2013",12:30 PM,3:00 PM,See Prof,,,,,,,,,,,
MSCI 332,"001,002",Saturday,"December 7, 2013",4:00 PM,6:30 PM,See Prof,,,,,,,,,,,
MSCI 343,001,Thursday,"December 5, 2013",12:30 PM,3:00 PM,See Prof,,,,,,,,,,,
MSCI 422,001,Wednesday,"December 11, 2013",9:00 AM,11:30 AM,"MC 4059,4061",,,,,,,,,,,
MSCI 446,001,Monday,"December 9, 2013",4:00 PM,6:30 PM,See Prof,,,,,,,,,,,
MTE 203,001,Monday,"December 16, 2013",12:30 PM,3:00 PM,See Prof,,,,,,,,,,,
MTE 204,001,Friday,"December 6, 2013",12:30 PM,3:00 PM,See Prof,,,,,,,,,,,
MTE 220,001,Wednesday,"December 11, 2013",12:30 PM,3:00 PM,See Prof,,,,,,,,,,,
MTE 241,001,Monday,"December 9, 2013",12:30 PM,3:00 PM,See Prof,,,,,,,,,,,
MTE 420,001,Friday,"December 6, 2013",12:30 PM,3:00 PM,See Prof,,,,,,,,,,,
MTE 460,001,Saturday,"December 7, 2013",7:30 PM,10:00 PM,See Prof,,,,,,,,,,,
MTHEL 131,001,Thursday,"December 19, 2013",7:30 PM,10:00 PM,"PAC 1,2,3",,,,,,,,,,,
MUSIC 100,001,Friday,"December 13, 2013",7:30 PM,10:00 PM,See Prof,,,,,,,,,,,
MUSIC 100,002,Friday,"December 13, 2013",7:30 PM,9:00 PM,See Prof,,,,,,,,,,,
MUSIC 111,001,Thursday,"December 12, 2013",4:00 PM,6:30 PM,See Prof,,,,,,,,,,,
MUSIC 140,001,Wednesday,"December 18, 2013",4:00 PM,6:30 PM,See Prof,,,,,,,,,,,
MUSIC 231,001,Thursday,"December 5, 2013",9:00 AM,11:30 AM,See Prof,,,,,,,,,,,
MUSIC 245,001,Saturday,"December 7, 2013",4:00 PM,6:00 PM,See Prof,,,,,,,,,,,
MUSIC 254,001,Monday,"December 9, 2013",9:00 AM,11:00 AM,See Prof,,,,,,,,,,,
MUSIC 275,001,Saturday,"December 14, 2013",4:00 PM,6:30 PM,See Prof,,,,,,,,,,,
MUSIC 334,001,Monday,"December 9, 2013",7:30 PM,10:00 PM,See Prof,,,,,,,,,,,
MUSIC 363,001,Thursday,"December 5, 2013",9:00 AM,11:30 AM,See Prof,,,,,,,,,,,
MUSIC 370,001,Monday,"December 16, 2013",7:30 PM,10:00 PM,See Prof,,,,,,,,,,,
MUSIC 376,001,Thursday,"December 5, 2013",7:30 PM,10:00 PM,See Prof,,,,,,,,,,,
NE 100,001,Wednesday,"December 11, 2013",7:30 PM,10:00 PM,"PAC 11,12",,,,,,,,,,,
NE 112,001,Tuesday,"December 10, 2013",12:30 PM,3:00 PM,"RCH 302,305",,,,,,,,,,,
NE 113,001,Saturday,"December 7, 2013",12:30 PM,3:00 PM,PAC 7,,,,,,,,,,,
NE 121,001,Friday,"December 13, 2013",9:00 AM,11:30 AM,"RCH 109,110,112",,,,,,,,,,,
NE 216,001,Friday,"December 6, 2013",12:30 PM,3:00 PM,"RCH 103,105",,,,,,,,,,,
NE 224,001,Wednesday,"December 11, 2013",4:00 PM,6:30 PM,"MC 4059,4061",,,,,,,,,,,
NE 225,001,Friday,"December 13, 2013",9:00 AM,11:30 AM,"RCH 103,105",,,,,,,,,,,
NE 241,001,Monday,"December 16, 2013",12:30 PM,3:00 PM,"RCH 110,112",,,,,,,,,,,
NE 335,001,Friday,"December 6, 2013",12:30 PM,3:00 PM,DC 1350,,,,,,,,,,,
NE 336,001,Saturday,"December 14, 2013",9:00 AM,11:30 AM,PAC 1,,,,,,,,,,,
NE 352,001,Tuesday,"December 17, 2013",9:00 AM,11:30 AM,"RCH 103,105",,,,,,,,,,,
NE 353,001,Thursday,"December 19, 2013",4:00 PM,6:30 PM,PAC 1,,,,,,,,,,,
NE 445,001,Friday,"December 13, 2013",12:30 PM,3:00 PM,RCH 307,,,,,,,,,,,
NE 451,001,Monday,"December 9, 2013",4:00 PM,6:30 PM,RCH 205,,,,,,,,,,,
NE 461,001,Friday,"December 6, 2013",12:30 PM,3:00 PM,"PAC 9,10",,,,,,,,,,,
NE 471,001,Monday,"December 16, 2013",4:00 PM,6:30 PM,RCH 204,,,,,,,,,,,
NE 481,001,Thursday,"December 12, 2013",4:00 PM,6:30 PM,PAC 6,,,,,,,,,,,
NE 491,001,Tuesday,"December 17, 2013",12:30 PM,3:00 PM,PAC 8,,,,,,,,,,,
OPTOM 104,001,Monday,"December 9, 2013",9:00 AM,11:30 AM,REV 200,,,,,,,,,,,
OPTOM 105,001,Friday,"December 13, 2013",9:00 AM,10:30 AM,REV 200,,,,,,,,,,,
OPTOM 106,001,Thursday,"December 5, 2013",9:00 AM,11:30 AM,REV 200,,,,,,,,,,,
OPTOM 108,001,Monday,"December 16, 2013",9:00 AM,10:30 AM,REV 200,,,,,,,,,,,
OPTOM 109,001,Saturday,"December 7, 2013",9:00 AM,11:00 AM,REV 200,,,,,,,,,,,
OPTOM 124,001,Wednesday,"December 11, 2013",9:00 AM,11:00 AM,REV 200,,,,,,,,,,,
OPTOM 215,001,Friday,"December 13, 2013",12:30 PM,1:30 PM,REV 200,,,,,,,,,,,
OPTOM 216,001,Monday,"December 9, 2013",12:30 PM,2:30 PM,REV 200,,,,,,,,,,,
OPTOM 231,001,Thursday,"December 5, 2013",12:30 PM,2:30 PM,REV 200,,,,,,,,,,,
OPTOM 243,001,Saturday,"December 7, 2013",12:30 PM,3:00 PM,REV 200,,,,,,,,,,,
OPTOM 245,001,Wednesday,"December 11, 2013",12:30 PM,2:30 PM,REV 200,,,,,,,,,,,
OPTOM 252,001,Monday,"December 16, 2013",12:30 PM,2:30 PM,REV 200,,,,,,,,,,,
OPTOM 342A,001,Wednesday,"December 11, 2013",4:00 PM,6:00 PM,REV 200,,,,,,,,,,,
OPTOM 347,001,Saturday,"December 7, 2013",4:00 PM,6:30 PM,REV 200,,,,,,,,,,,
OPTOM 375,001,Monday,"December 9, 2013",4:00 PM,6:30 PM,REV 200,,,,,,,,,,,
OPTOM 387,001,Thursday,"December 5, 2013",4:00 PM,6:30 PM,REV 200,,,,,,,,,,,
PACS 201,001,Saturday,"December 14, 2013",9:00 AM,11:30 AM,See Prof,,,,,,,,,,,
PACS 202,001,Tuesday,"December 17, 2013",12:30 PM,3:00 PM,See Prof,,,,,,,,,,,
PACS 203,001,Tuesday,"December 10, 2013",9:00 AM,11:30 AM,See Prof,,,,,,,,,,,
PHIL 100J,"001,002",Thursday,"December 19, 2013",7:30 PM,10:00 PM,See Prof,,,,,,,,,,,
PHIL 110A,001,Friday,"December 20, 2013",9:00 AM,11:30 AM,See Prof,,,,,,,,,,,
PHIL 110A,081 On Line,See https://uwaterloo.ca/quest/help/students/how-do-i/online-exam-schedule,,,,,,,,,,,,,,,
PHIL 110B,002,Saturday,"December 7, 2013",12:30 PM,3:00 PM,See Prof,,,,,,,,,,,
PHIL 145,001,Thursday,"December 5, 2013",7:30 PM,10:00 PM,See Prof,,,,,,,,,,,
PHIL 145,081 On Line,See https://uwaterloo.ca/quest/help/students/how-do-i/online-exam-schedule,,,,,,,,,,,,,,,
PHIL 202,081 On Line,See https://uwaterloo.ca/quest/help/students/how-do-i/online-exam-schedule,,,,,,,,,,,,,,,
PHIL 215,081 On Line,See https://uwaterloo.ca/quest/help/students/how-do-i/online-exam-schedule,,,,,,,,,,,,,,,
PHIL 218J,001,Friday,"December 6, 2013",9:00 AM,11:30 AM,See Prof,,,,,,,,,,,
PHIL 220,081 On Line,See https://uwaterloo.ca/quest/help/students/how-do-i/online-exam-schedule,,,,,,,,,,,,,,,
PHIL 224,001,Monday,"December 9, 2013",9:00 AM,11:30 AM,See Prof,,,,,,,,,,,
PHIL 226,"001,002",Monday,"December 9, 2013",4:00 PM,6:30 PM,See Prof,,,,,,,,,,,
PHYS 111,001 to 005,Monday,"December 16, 2013",4:00 PM,6:30 PM,"PAC 1,2,3,4,5,6,7,8,9,10",,,,,,,,,,,
PHYS 111L,001 to 032,Wednesday,"December 18, 2013",7:30 PM,8:30 PM,"PAC 1,2,3,4,5,6,9,10",,,,,,,,,,,
PHYS 115,001 to 006,Monday,"December 9, 2013",12:30 PM,3:00 PM,"PAC 1,2,3,4,5,6,7",,,,,,,,,,,
PHYS 121,001 to 003,Monday,"December 16, 2013",12:30 PM,3:00 PM,"PAC 5,6,7,8,9,10",,,,,,,,,,,
PHYS 121L,001 to 008,Wednesday,"December 18, 2013",7:30 PM,8:30 PM,"PAC 8,12",,,,,,,,,,,
PHYS 131L,001 to 008,Wednesday,"December 18, 2013",7:30 PM,8:30 PM,"PAC 7,11",,,,,,,,,,,
PHYS 222,081 On Line,See https://uwaterloo.ca/quest/help/students/how-do-i/online-exam-schedule,,,,,,,,,,,,,,,
PHYS 224,001,Thursday,"December 5, 2013",12:30 PM,3:00 PM,See Prof,,,,,,,,,,,
PHYS 225,001,Thursday,"December 19, 2013",9:00 AM,11:30 AM,See Prof,,,,,,,,,,,
PHYS 226,081 On Line,See https://uwaterloo.ca/quest/help/students/how-do-i/online-exam-schedule,,,,,,,,,,,,,,,
PHYS 236,001,Monday,"December 9, 2013",4:00 PM,6:30 PM,See Prof,,,,,,,,,,,
PHYS 256,001,Tuesday,"December 10, 2013",4:00 PM,6:30 PM,"RCH 103,105",,,,,,,,,,,
PHYS 275,001,Monday,"December 16, 2013",4:00 PM,6:30 PM,"PAC 11,12",,,,,,,,,,,
PHYS 334,001,Tuesday,"December 10, 2013",12:30 PM,3:00 PM,RCH 211,,,,,,,,,,,
PHYS 353,001,Friday,"December 6, 2013",7:30 PM,10:00 PM,See Prof,,,,,,,,,,,
PHYS 358,001,Thursday,"December 19, 2013",4:00 PM,6:30 PM,PAC 5,,,,,,,,,,,
PHYS 363,001,Saturday,"December 14, 2013",7:30 PM,10:00 PM,MC 4061,,,,,,,,,,,
PHYS 364,001,Thursday,"December 5, 2013",7:30 PM,10:00 PM,See Prof,,,,,,,,,,,
PHYS 380,001,Wednesday,"December 18, 2013",12:30 PM,3:00 PM,See Prof,,,,,,,,,,,
PHYS 434,001,Tuesday,"December 17, 2013",12:30 PM,3:00 PM,PAC 2,,,,,,,,,,,
PHYS 441A,001,Saturday,"December 14, 2013",9:00 AM,11:30 AM,"PAC 9,10",,,,,,,,,,,
PHYS 454,001,Monday,"December 9, 2013",7:30 PM,10:00 PM,PAC 11,,,,,,,,,,,
PHYS 461,001,Monday,"December 9, 2013",4:00 PM,6:30 PM,See Prof,,,,,,,,,,,
PHYS 475,001,Wednesday,"December 11, 2013",7:30 PM,10:00 PM,PAC 10,,,,,,,,,,,
PLAN 100,001,Tuesday,"December 10, 2013",7:30 PM,10:00 PM,"DC 1350,1351",,,,,,,,,,,
PLAN 105,001,Wednesday,"December 11, 2013",7:30 PM,10:00 PM,M3 1006,,,,,,,,,,,
PLAN 281,001,Thursday,"December 5, 2013",12:30 PM,3:00 PM,M3 1006,,,,,,,,,,,
PLAN 351,001,Friday,"December 6, 2013",7:30 PM,10:00 PM,MC 4040,,,,,,,,,,,
PLAN 362,001,Wednesday,"December 11, 2013",12:30 PM,3:00 PM,See Prof,,,,,,,,,,,
PLAN 440,001,Friday,"December 6, 2013",12:30 PM,2:30 PM,RCH 305,,,,,,,,,,,
PLAN 453,001,Thursday,"December 5, 2013",9:00 AM,11:30 AM,"RCH 301,302",,,,,,,,,,,
PLAN 674,001,Wednesday,"December 11, 2013",12:30 PM,3:00 PM,See Prof,,,,,,,,,,,
PMATH 330,001,Monday,"December 9, 2013",7:30 PM,10:00 PM,PAC 12,,,,,,,,,,,
PMATH 331,001,Saturday,"December 7, 2013",7:30 PM,10:00 PM,RCH 301,,,,,,,,,,,
PMATH 334,001,Friday,"December 13, 2013",9:00 AM,11:30 AM,RCH 306,,,,,,,,,,,
PMATH 340,001,Friday,"December 20, 2013",9:00 AM,11:30 AM,PAC 7,,,,,,,,,,,
PMATH 347,001,Friday,"December 13, 2013",7:30 PM,10:00 PM,PAC 8,,,,,,,,,,,
PMATH 351,001,Saturday,"December 7, 2013",7:30 PM,10:00 PM,RCH 211,,,,,,,,,,,
PMATH 451,001,Friday,"December 6, 2013",4:00 PM,6:30 PM,See Prof,,,,,,,,,,,
PMATH 451,081 On Line,See https://uwaterloo.ca/quest/help/students/how-do-i/online-exam-schedule,,,,,,,,,,,,,,,
PMATH 651,001,Friday,"December 6, 2013",4:00 PM,6:30 PM,See Prof,,,,,,,,,,,
PORT 101,001,Tuesday,"December 10, 2013",4:00 PM,6:00 PM,RCH 204,,,,,,,,,,,
PSCI 100,001,Friday,"December 13, 2013",4:00 PM,6:00 PM,"DC 1350,1351,MC 1056",,,,,,,,,,,
PSCI 250,001,Friday,"December 6, 2013",12:30 PM,3:00 PM,RCH 211,,,,,,,,,,,
PSCI 252,001,Thursday,"December 19, 2013",9:00 AM,11:30 AM,PAC 11,,,,,,,,,,,
PSCI 255,001,Friday,"December 20, 2013",9:00 AM,11:00 AM,DC 1350,,,,,,,,,,,
PSCI 257,001,Wednesday,"December 18, 2013",12:30 PM,3:00 PM,See Prof,,,,,,,,,,,
PSCI 264,001,Tuesday,"December 10, 2013",12:30 PM,2:30 PM,RCH 307,,,,,,,,,,,
PSCI 281,001,Monday,"December 16, 2013",4:00 PM,6:30 PM,RCH 301,,,,,,,,,,,
PSCI 324,001,Friday,"December 13, 2013",7:30 PM,10:00 PM,PAC 10,,,,,,,,,,,
PSCI 358,001,Thursday,"December 5, 2013",12:30 PM,2:30 PM,RCH 112,,,,,,,,,,,
PSCI 370,001,Wednesday,"December 11, 2013",9:00 AM,11:30 AM,PAC 10,,,,,,,,,,,
PSCI 389,001,Monday,"December 16, 2013",12:30 PM,3:00 PM,"RCH 103,105",,,,,,,,,,,
PSYCH 101,001,Saturday,"December 14, 2013",7:30 PM,9:30 PM,"PAC 4,5,6,7,8,11,12",,,,,,,,,,,
PSYCH 101,002,Saturday,"December 14, 2013",7:30 PM,10:00 PM,"PAC 1,2,3,9,10, DC 1350",,,,,,,,,,,
PSYCH 101,004,Thursday,"December 12, 2013",4:00 PM,6:00 PM,See Prof,,,,,,,,,,,
PSYCH 101,081 On Line,See https://uwaterloo.ca/quest/help/students/how-do-i/online-exam-schedule,,,,,,,,,,,,,,,
PSYCH 121R,001 to 003,Monday,"December 9, 2013",7:30 PM,10:00 PM,See Prof,,,,,,,,,,,
PSYCH 211,001,Friday,"December 13, 2013",9:00 AM,11:00 AM,"DC 1350,1351",,,,,,,,,,,
PSYCH 253,001,Monday,"December 16, 2013",7:30 PM,10:00 PM,"PAC 4,5,6,7",,,,,,,,,,,
PSYCH 253,081 On Line,See https://uwaterloo.ca/quest/help/students/how-do-i/online-exam-schedule,,,,,,,,,,,,,,,
PSYCH 257,001,Thursday,"December 12, 2013",4:00 PM,6:00 PM,"DC 1350,1351",,,,,,,,,,,
PSYCH 261,001,Tuesday,"December 10, 2013",12:30 PM,2:00 PM,"DC 1350,1351",,,,,,,,,,,
PSYCH 261,081 On Line,See https://uwaterloo.ca/quest/help/students/how-do-i/online-exam-schedule,,,,,,,,,,,,,,,
PSYCH 291,001,Monday,"December 9, 2013",12:30 PM,2:30 PM,"RCH 105,110,112,301,302",,,,,,,,,,,
PSYCH 318,001,Wednesday,"December 18, 2013",9:00 AM,11:30 AM,See Prof,,,,,,,,,,,
PSYCH 320,001,Thursday,"December 5, 2013",7:30 PM,9:30 PM,"RCH 103,105",,,,,,,,,,,
PSYCH 322R,001,Tuesday,"December 10, 2013",9:00 AM,11:30 AM,See Prof,,,,,,,,,,,
PSYCH 336,001,Saturday,"December 14, 2013",4:00 PM,6:30 PM,PAC 6,,,,,,,,,,,
PSYCH 340,001,Friday,"December 20, 2013",9:00 AM,10:30 AM,DC 1351,,,,,,,,,,,
PSYCH 349R,001,Saturday,"December 7, 2013",12:30 PM,3:00 PM,See Prof,,,,,,,,,,,
PSYCH 353,001,Thursday,"December 12, 2013",9:00 AM,11:30 AM,"RCH 110,112",,,,,,,,,,,
PSYCH 354,001,Thursday,"December 19, 2013",4:00 PM,5:30 PM,DC 1350,,,,,,,,,,,
PSYCH 380,001,Wednesday,"December 11, 2013",12:30 PM,3:00 PM,RCH 204,,,,,,,,,,,
PSYCH 391,001,Monday,"December 16, 2013",12:30 PM,3:00 PM,"RCH 301,302,305",,,,,,,,,,,
REC 101,001,Monday,"December 9, 2013",9:00 AM,11:00 AM,M3 1006,,,,,,,,,,,
REC 251,081 On Line,See https://uwaterloo.ca/quest/help/students/how-do-i/online-exam-schedule,,,,,,,,,,,,,,,
REC 416,001,Thursday,"December 12, 2013",4:00 PM,6:30 PM,PAC 3,,,,,,,,,,,
REES 273,001,Tuesday,"December 17, 2013",9:00 AM,11:30 AM,See Prof,,,,,,,,,,,
RS 151,001,Monday,"December 9, 2013",9:00 AM,11:30 AM,See Prof,,,,,,,,,,,
RS 152,001,Friday,"December 13, 2013",4:00 PM,6:30 PM,See Prof,,,,,,,,,,,
RS 216,001,Tuesday,"December 10, 2013",9:00 AM,11:30 AM,RCH 205,,,,,,,,,,,
RS 235,081 On Line,See https://uwaterloo.ca/quest/help/students/how-do-i/online-exam-schedule,,,,,,,,,,,,,,,
RS 236,001,Friday,"December 20, 2013",9:00 AM,11:30 AM,See Prof,,,,,,,,,,,
RS 237,001,Saturday,"December 7, 2013",7:30 PM,10:00 PM,See Prof,,,,,,,,,,,
RS 240,001,Thursday,"December 5, 2013",7:30 PM,10:00 PM,See Prof,,,,,,,,,,,
RS 280,001,Wednesday,"December 11, 2013",12:30 PM,3:00 PM,See Prof,,,,,,,,,,,
RS 286,001,Thursday,"December 5, 2013",9:00 AM,11:00 AM,See Prof,,,,,,,,,,,
RS 357,001,Thursday,"December 5, 2013",9:00 AM,11:30 AM,See Prof,,,,,,,,,,,
RUSS 101,"001,002",Saturday,"December 7, 2013",12:30 PM,3:00 PM,See Prof,,,,,,,,,,,
RUSS 201,001,Saturday,"December 7, 2013",4:00 PM,6:30 PM,See Prof,,,,,,,,,,,
SCI 206,001,Friday,"December 20, 2013",4:00 PM,6:30 PM,"DC 1350,1351",,,,,,,,,,,
SCI 237,001,Thursday,"December 19, 2013",4:00 PM,6:30 PM,"PAC 2,3",,,,,,,,,,,
SCI 238,081 On Line,See https://uwaterloo.ca/quest/help/students/how-do-i/online-exam-schedule,,,,,,,,,,,,,,,
SDS 131R,001,Monday,"December 16, 2013",9:00 AM,11:30 AM,See Prof,,,,,,,,,,,
SDS 131R,081 On Line,See https://uwaterloo.ca/quest/help/students/how-do-i/online-exam-schedule,,,,,,,,,,,,,,,
SDS 150R,001,Friday,"December 20, 2013",9:00 AM,11:30 AM,See Prof,,,,,,,,,,,
SDS 150R,081 On Line,See https://uwaterloo.ca/quest/help/students/how-do-i/online-exam-schedule,,,,,,,,,,,,,,,
SDS 210R,001,Tuesday,"December 17, 2013",9:00 AM,11:30 AM,See Prof,,,,,,,,,,,
SDS 220R,001,Monday,"December 9, 2013",9:00 AM,11:30 AM,See Prof,,,,,,,,,,,
SDS 231R,001,Thursday,"December 12, 2013",9:00 AM,11:30 AM,See Prof,,,,,,,,,,,
SDS 250R,001 to 003,Thursday,"December 5, 2013",12:30 PM,3:00 PM,See Prof,,,,,,,,,,,
SDS 251R,081 On Line,See https://uwaterloo.ca/quest/help/students/how-do-i/online-exam-schedule,,,,,,,,,,,,,,,
SDS 355R,001,Saturday,"December 14, 2013",4:00 PM,6:30 PM,See Prof,,,,,,,,,,,
SE 212,001,Friday,"December 6, 2013",12:30 PM,3:00 PM,DC 1351,,,,,,,,,,,
SE 463,001,Thursday,"December 5, 2013",12:30 PM,3:00 PM,"RCH 301,302",,,,,,,,,,,
SI 221R,001,Wednesday,"December 11, 2013",12:30 PM,2:30 PM,See Prof,,,,,,,,,,,
SMF 204,001,Tuesday,"December 10, 2013",4:00 PM,6:30 PM,See Prof,,,,,,,,,,,
SMF 317,001,Thursday,"December 5, 2013",7:30 PM,10:00 PM,See Prof,,,,,,,,,,,
SOC 101,001,Wednesday,"December 11, 2013",7:30 PM,10:00 PM,"PAC 1,2,3,4,5,6,9",,,,,,,,,,,
SOC 101,002,Wednesday,"December 11, 2013",7:30 PM,10:00 PM,See Prof,,,,,,,,,,,
SOC 101,003,Thursday,"December 5, 2013",9:00 AM,11:30 AM,See Prof,,,,,,,,,,,
SOC 101,004,Thursday,"December 12, 2013",7:30 PM,10:00 PM,"PAC 1,2,3,9",,,,,,,,,,,
SOC 101,081 On Line,See https://uwaterloo.ca/quest/help/students/how-do-i/online-exam-schedule,,,,,,,,,,,,,,,
SOC 120R,001 to 003,Friday,"December 6, 2013",7:30 PM,10:00 PM,See Prof,,,,,,,,,,,
SOC 201,001,Tuesday,"December 10, 2013",12:30 PM,3:00 PM,See Prof,,,,,,,,,,,
SOC 202,001,Thursday,"December 12, 2013",12:30 PM,3:00 PM,See Prof,,,,,,,,,,,
SOC 204R,001,Monday,"December 16, 2013",9:00 AM,11:00 AM,See Prof,,,,,,,,,,,
SOC 207,001,Wednesday,"December 11, 2013",4:00 PM,6:30 PM,See Prof,,,,,,,,,,,
SOC 222,001,Monday,"December 16, 2013",12:30 PM,3:00 PM,See Prof,,,,,,,,,,,
SOC 224R,001,Friday,"December 6, 2013",7:30 PM,9:30 PM,See Prof,,,,,,,,,,,
SOC 226,001,Friday,"December 13, 2013",9:00 AM,11:30 AM,See Prof,,,,,,,,,,,
SOC 234,001,Saturday,"December 7, 2013",7:30 PM,10:00 PM,See Prof,,,,,,,,,,,
SOC 246,001,Saturday,"December 14, 2013",7:30 PM,9:30 PM,See Prof,,,,,,,,,,,
SOC 248,001,Friday,"December 20, 2013",9:00 AM,11:30 AM,See Prof,,,,,,,,,,,
SOC 256,001,Friday,"December 6, 2013",9:00 AM,11:30 AM,See Prof,,,,,,,,,,,
SOC 262,001,Wednesday,"December 11, 2013",12:30 PM,3:00 PM,See Prof,,,,,,,,,,,
SOC 280,001,Thursday,"December 5, 2013",4:00 PM,6:30 PM,See Prof,,,,,,,,,,,
SOC 321,001,Monday,"December 9, 2013",7:30 PM,10:00 PM,See Prof,,,,,,,,,,,
SOC 336,001,Wednesday,"December 18, 2013",7:30 PM,10:00 PM,See Prof,,,,,,,,,,,
SOC 370,001,Wednesday,"December 18, 2013",9:00 AM,11:30 AM,See Prof,,,,,,,,,,,
SOCWK 120R,001 to 003,Tuesday,"December 10, 2013",7:30 PM,10:00 PM,See Prof,,,,,,,,,,,
SOCWK 220R,001,Tuesday,"December 17, 2013",7:30 PM,10:00 PM,See Prof,,,,,,,,,,,
SOCWK 221R,001,Saturday,"December 7, 2013",12:30 PM,3:00 PM,See Prof,,,,,,,,,,,
SOCWK 222R,001,Thursday,"December 5, 2013",9:00 AM,11:30 AM,See Prof,,,,,,,,,,,
SOCWK 300R,001,Thursday,"December 12, 2013",4:00 PM,6:30 PM,See Prof,,,,,,,,,,,
SOCWK 301R,001,Exam removed from the schedule.  Contact instructor for further information,,,,,,,,,,,,,,,
SOCWK 355R,081 On Line,See https://uwaterloo.ca/quest/help/students/how-do-i/online-exam-schedule,,,,,,,,,,,,,,,
SPAN 101,001 to 006,Thursday,"December 19, 2013",12:30 PM,2:30 PM,"DC 1350,1351",,,,,,,,,,,
SPAN 101,081 On Line,See https://uwaterloo.ca/quest/help/students/how-do-i/online-exam-schedule,,,,,,,,,,,,,,,
SPAN 102,001,Wednesday,"December 18, 2013",9:00 AM,11:00 AM,RCH 211,,,,,,,,,,,
SPAN 201A,"001,002",Saturday,"December 14, 2013",4:00 PM,6:00 PM,MC 4045,,,,,,,,,,,
SPAN 201B,001,Saturday,"December 7, 2013",4:00 PM,6:00 PM,RCH 206,,,,,,,,,,,
SPCOM 324,001,Monday,"December 9, 2013",9:00 AM,11:30 AM,See Prof,,,,,,,,,,,
STAT 202,"001,002",Thursday,"December 12, 2013",12:30 PM,3:00 PM,"PAC 4,5,6,7,8",,,,,,,,,,,
STAT 206,001,Thursday,"December 12, 2013",9:00 AM,11:30 AM,DC 1351,,,,,,,,,,,
STAT 220,001,Monday,"December 9, 2013",7:30 PM,10:00 PM,PAC 10,,,,,,,,,,,
STAT 221,001,Thursday,"December 12, 2013",7:30 PM,10:00 PM,MC 4042,,,,,,,,,,,
STAT 230,001 to 005,Thursday,"December 5, 2013",12:30 PM,3:00 PM,"PAC 1,2,3,4,5,6,7,8",,,,,,,,,,,
STAT 231,"001,002",Wednesday,"December 18, 2013",12:30 PM,3:00 PM,"PAC 4,5,6,7",,,,,,,,,,,
STAT 240,001,Wednesday,"December 18, 2013",12:30 PM,3:00 PM,PAC 8,,,,,,,,,,,
STAT 322,001,Thursday,"December 5, 2013",12:30 PM,3:00 PM,PAC 10,,,,,,,,,,,
STAT 330,"001,002",Wednesday,"December 18, 2013",9:00 AM,11:30 AM,"PAC 7,8",,,,,,,,,,,
STAT 331,"001,002",Thursday,"December 12, 2013",7:30 PM,10:00 PM,"DC 1350,1351",,,,,,,,,,,
STAT 332,001,Saturday,"December 7, 2013",12:30 PM,3:00 PM,"PAC 11,12",,,,,,,,,,,
STAT 333,"001,002",Wednesday,"December 11, 2013",7:30 PM,10:00 PM,"DC 1350,1351",,,,,,,,,,,
STAT 334,001,Thursday,"December 19, 2013",12:30 PM,3:00 PM,PAC 5,,,,,,,,,,,
STAT 337,001,Tuesday,"December 10, 2013",4:00 PM,6:30 PM,RCH 211,,,,,,,,,,,
STAT 341,001,Friday,"December 6, 2013",7:30 PM,10:00 PM,MC 4041,,,,,,,,,,,
STAT 371,001,Monday,"December 16, 2013",12:30 PM,3:00 PM,"PAC 11,12",,,,,,,,,,,
STAT 372,001,Monday,"December 9, 2013",12:30 PM,3:00 PM,"PAC 11,12",,,,,,,,,,,
STAT 373,001,Friday,"December 20, 2013",4:00 PM,6:30 PM,MC 4021,,,,,,,,,,,
STAT 430,001,Wednesday,"December 18, 2013",7:30 PM,10:00 PM,MC 4045,,,,,,,,,,,
STAT 431,"001,002",Thursday,"December 12, 2013",12:30 PM,3:00 PM,"RCH 301,302",,,,,,,,,,,
STAT 433,"001,002",Wednesday,"December 18, 2013",4:00 PM,6:30 PM,"PAC 4,5",,,,,,,,,,,
STAT 441,001,Exam removed from the schedule.  Contact instructor for further information,,,,,,,,,,,,,,,
STAT 442,001,Thursday,"December 5, 2013",9:00 AM,11:30 AM,See Prof,,,,,,,,,,,
STAT 443,"001,002",Thursday,"December 5, 2013",7:30 PM,10:00 PM,DC 1351,,,,,,,,,,,
STAT 830,001,Wednesday,"December 18, 2013",7:30 PM,10:00 PM,MC 4045,,,,,,,,,,,
STAT 831,001,Thursday,"December 12, 2013",12:30 PM,3:00 PM,"RCH 301,302",,,,,,,,,,,
STAT 833,001,Wednesday,"December 18, 2013",4:00 PM,6:30 PM,"PAC 4,5",,,,,,,,,,,
STAT 841,001,Exam removed from the schedule.  Contact instructor for further information,,,,,,,,,,,,,,,
STAT 842,001,Thursday,"December 5, 2013",9:00 AM,11:30 AM,See Prof,,,,,,,,,,,
SWREN 120R,001 to 003,Tuesday,"December 10, 2013",7:30 PM,10:00 PM,See Prof,,,,,,,,,,,
SWREN 220R,001,Tuesday,"December 17, 2013",7:30 PM,10:00 PM,See Prof,,,,,,,,,,,
SWREN 221R,001,Saturday,"December 7, 2013",12:30 PM,3:00 PM,See Prof,,,,,,,,,,,
SWREN 222R,001,Thursday,"December 5, 2013",9:00 AM,11:30 AM,See Prof,,,,,,,,,,,
SWREN 224R,001,Friday,"December 6, 2013",7:30 PM,9:30 PM,See Prof,,,,,,,,,,,
SWREN 250R,003,Thursday,"December 5, 2013",12:30 PM,3:00 PM,See Prof,,,,,,,,,,,
SWREN 251R,081 On Line,See https://uwaterloo.ca/quest/help/students/how-do-i/online-exam-schedule,,,,,,,,,,,,,,,
SWREN 300R,001,Thursday,"December 12, 2013",4:00 PM,6:30 PM,See Prof,,,,,,,,,,,
SWREN 301R,001,Exam removed from the schedule.  Contact instructor for further information,,,,,,,,,,,,,,,
SWREN 349R,001,Saturday,"December 7, 2013",12:30 PM,3:00 PM,See Prof,,,,,,,,,,,
SYDE 101L,001,Friday,"December 6, 2013",9:00 AM,11:30 AM,See Prof,,,,,,,,,,,
SYDE 111,001,Tuesday,"December 17, 2013",9:00 AM,11:30 AM,See Prof,,,,,,,,,,,
SYDE 113,001,Monday,"December 9, 2013",9:00 AM,11:30 AM,See Prof,,,,,,,,,,,
SYDE 121,001,Wednesday,"December 11, 2013",9:00 AM,11:30 AM,See Prof,,,,,,,,,,,
SYDE 161,001,Thursday,"December 5, 2013",9:00 AM,11:30 AM,See Prof,,,,,,,,,,,
SYDE 181,001,Thursday,"December 12, 2013",9:00 AM,11:30 AM,See Prof,,,,,,,,,,,
SYDE 212,001,Friday,"December 6, 2013",12:30 PM,3:00 PM,See Prof,,,,,,,,,,,
SYDE 252,001,Friday,"December 13, 2013",12:30 PM,3:00 PM,See Prof,,,,,,,,,,,
SYDE 252,002,Friday,"December 13, 2013",12:30 PM,3:00 PM,See Prof,,,,,,,,,,,
SYDE 262,001,Monday,"December 9, 2013",12:30 PM,3:00 PM,See Prof,,,,,,,,,,,
SYDE 286,001,Tuesday,"December 10, 2013",9:00 AM,11:30 AM,See Prof,,,,,,,,,,,
SYDE 292,001,Thursday,"December 12, 2013",12:30 PM,3:00 PM,See Prof,,,,,,,,,,,
SYDE 411,001,Friday,"December 13, 2013",7:30 PM,10:00 PM,See Prof,,,,,,,,,,,
SYDE 553,001,Friday,"December 6, 2013",4:00 PM,6:30 PM,See Prof,,,,,,,,,,,
SYDE 575,001,Friday,"December 6, 2013",9:00 AM,11:30 AM,See Prof,,,,,,,,,,,
TS 652,001,Thursday,"December 5, 2013",9:00 AM,11:30 AM,See Prof,,,,,,,,,,,
VCULT 100,001,Wednesday,"December 18, 2013",7:30 PM,10:00 PM,"MC 4059,4061",,,,,,,,,,,
WS 222,081 On Line,See https://uwaterloo.ca/quest/help/students/how-do-i/online-exam-schedule,,,,,,,,,,,,,,,
