Exam,Section(s),Day,Date,"Start
Time","End
Time",Location
ACTSC 231,001,Tuesday,"April 22, 2014",9:00 AM,11:30 AM,M3 1006
ACTSC 232,001,Monday,"April 14, 2014",4:00 PM,6:30 PM,"PAC 8,10"
ACTSC 331,001,Saturday,"April 12, 2014",12:30 PM,3:00 PM,PAC 1
ACTSC 371,001,Thursday,"April 24, 2014",4:00 PM,6:30 PM,"PAC 1,2"
ACTSC 372,001,Thursday,"April 24, 2014",12:30 PM,3:00 PM,"PAC 4,5"
ACTSC 433,001,Tuesday,"April 8, 2014",9:00 AM,11:30 AM,"RCH 103,105"
ACTSC 446,001,Wednesday,"April 16, 2014",4:00 PM,6:30 PM,M3 1006
ACTSC 455,001,Tuesday,"April 8, 2014",7:30 PM,10:00 PM,RCH 306
ACTSC 462,001,Thursday,"April 10, 2014",12:30 PM,3:00 PM,M3 1006
ACTSC 833,001,Tuesday,"April 8, 2014",9:00 AM,11:30 AM,"RCH 103,105"
ACTSC 846,001,Wednesday,"April 16, 2014",4:00 PM,6:30 PM,M3 1006
ACTSC 855,001,Tuesday,"April 8, 2014",7:30 PM,10:00 PM,RCH 306
ACTSC 862,001,Thursday,"April 10, 2014",12:30 PM,3:00 PM,M3 1006
AFM 101,001,Saturday,"April 12, 2014",9:00 AM,11:30 AM,M3 1006
AFM 102,001 to 005,Friday,"April 11, 2014",9:00 AM,11:30 AM,"PAC 1,2,3,4,5,6,7,8"
AFM 121,001 to 006,Thursday,"April 17, 2014",9:00 AM,11:00 AM,"DC 1350,1351, M3 1006"
AFM 123,003,Friday,"April 11, 2014",12:30 PM,3:00 PM,"PAC 1,2,3,4,5,6"
AFM 131,001,Thursday,"April 17, 2014",7:30 PM,10:00 PM,DC 1350
AFM 131,081 On Line,See https://uwaterloo.ca/quest/help/students/how-do-i/online-exam-schedule,,,,
AFM 231,001,Tuesday,"April 15, 2014",4:00 PM,6:00 PM,M3 1006
AFM 372,001,Friday,"April 11, 2014",9:00 AM,11:30 AM,RCH 205
AFM 451,001 to 003,Wednesday,"April 9, 2014",9:00 AM,11:30 AM,"CPH 1346, E2 1310"
AFM 452,001,Exam removed from the schedule. Contact instructor for further information,,,,
AFM 472,"001,002",Tuesday,"April 22, 2014",9:00 AM,10:30 AM,E2 1310
AFM 475,001,Wednesday,"April 23, 2014",12:30 PM,3:00 PM,PAC 4
AFM 481,001 to 003,Thursday,"April 17, 2014",4:00 PM,6:30 PM,"PAC 1,2"
AFM 491,001 to 003,Monday,"April 14, 2014",9:00 AM,11:30 AM,M3 1006
AHS 150,081 On Line,See https://uwaterloo.ca/quest/help/students/how-do-i/online-exam-schedule,,,,
AMATH 231,001,Exam removed from the schedule. Contact instructor for further information,,,,
AMATH 242,001,Thursday,"April 10, 2014",7:30 PM,10:00 PM,PAC 6
AMATH 250,001,Wednesday,"April 23, 2014",4:00 PM,6:30 PM,"PAC 1,2"
AMATH 331,001,Thursday,"April 24, 2014",12:30 PM,3:00 PM,PAC 3
AMATH 332,001,Tuesday,"April 22, 2014",4:00 PM,6:30 PM,PAC 3
AMATH 342,001,Monday,"April 14, 2014",4:00 PM,6:30 PM,MC 4041
AMATH 350,001,Tuesday,"April 15, 2014",4:00 PM,6:30 PM,"PAC 11,12"
AMATH 353,001,Wednesday,"April 16, 2014",9:00 AM,11:30 AM,RCH 211
AMATH 361,001,Monday,"April 21, 2014",9:00 AM,11:30 AM,MC 4041
AMATH 373,001,Monday,"April 14, 2014",12:30 PM,3:00 PM,RCH 205
AMATH 451,001,Tuesday,"April 22, 2014",9:00 AM,11:30 AM,PAC 9
AMATH 455,001,Saturday,"April 12, 2014",9:00 AM,11:30 AM,MC 4040
AMATH 475,001,Wednesday,"April 16, 2014",4:00 PM,6:30 PM,PAC 11
AMATH 655,001,Saturday,"April 12, 2014",9:00 AM,11:30 AM,MC 4040
AMATH 675,001,Wednesday,"April 16, 2014",4:00 PM,6:30 PM,PAC 11
ANTH 101,001,Wednesday,"April 23, 2014",9:00 AM,11:00 AM,"DC 1350,1351"
ANTH 102,001,Wednesday,"April 23, 2014",7:30 PM,9:30 PM,"PAC 5,6"
ANTH 201,001,Tuesday,"April 8, 2014",12:30 PM,3:00 PM,PAS 1229
ANTH 202,001,Tuesday,"April 22, 2014",7:30 PM,10:00 PM,PAS 2086
ANTH 330,001,Tuesday,"April 15, 2014",4:00 PM,6:00 PM,PAS 1229
ANTH 348,001,Friday,"April 11, 2014",12:30 PM,3:00 PM,PAS 2086
ANTH 440,001,Tuesday,"April 8, 2014",12:30 PM,3:00 PM,PAS 1241
ANTH 455,001,Exam removed from the schedule. Contact instructor for further information,,,,
APPLS 304R,001,Wednesday,"April 9, 2014",4:00 PM,6:30 PM,REN 2102
APPLS 306R,001,Wednesday,"April 23, 2014",7:30 PM,10:00 PM,REN 2102
ARBUS 102,001 to 003,Friday,"April 11, 2014",12:30 PM,3:00 PM,"PAC 1,2,3,4,5,6"
ARBUS 202,001,Wednesday,"April 16, 2014",12:30 PM,3:00 PM,"RCH 103,105,106"
ARBUS 202,002,Wednesday,"April 16, 2014",12:30 PM,3:00 PM,"RCH 109,110,112"
ARBUS 202,003,Wednesday,"April 16, 2014",12:30 PM,3:00 PM,"RCH 307,308,309"
ARBUS 202,004,Wednesday,"April 16, 2014",12:30 PM,3:00 PM,"RCH 301,302"
ARBUS 302,001,Thursday,"April 10, 2014",7:30 PM,10:00 PM,PAC 4
ARBUS 302,002,Thursday,"April 10, 2014",7:30 PM,10:00 PM,PAC 5
ARBUS 302,"003,004",Thursday,"April 10, 2014",7:30 PM,10:00 PM,"PAC 7,8"
ARTS 280,001,Wednesday,"April 9, 2014",4:00 PM,6:30 PM,PAC 8
BIOL 112,001,Monday,"April 21, 2014",7:30 PM,10:00 PM,PAC 7
BIOL 120,001,Tuesday,"April 15, 2014",12:30 PM,3:00 PM,"PAC 7,8,11,12"
BIOL 130,001,Monday,"April 14, 2014",12:30 PM,3:00 PM,DC 1350
BIOL 165,001,Thursday,"April 24, 2014",9:00 AM,11:30 AM,"PAC 4,5,6,7"
BIOL 211,001,Thursday,"April 10, 2014",4:00 PM,6:30 PM,M3 1006
BIOL 239,001 to 003,Thursday,"April 17, 2014",12:30 PM,3:00 PM,"PAC 1,2,3,4,5,6,7,8,9,10,11,12"
BIOL 240,081 On Line,See https://uwaterloo.ca/quest/help/students/how-do-i/online-exam-schedule,,,,
BIOL 241,001,Wednesday,"April 23, 2014",4:00 PM,6:30 PM,"PAC 7,8,11,12"
BIOL 273,"001,002",Monday,"April 21, 2014",9:00 AM,11:30 AM,"PAC 1,4,5,6,7,8,11,12"
BIOL 273L,001 to 010,Tuesday,"April 15, 2014",7:30 PM,8:30 PM,"PAC 1,2,4"
BIOL 280,001,Thursday,"April 17, 2014",7:30 PM,10:00 PM,MC 2038
BIOL 301,001,Wednesday,"April 16, 2014",4:00 PM,6:30 PM,"PAC 6,7,8,9"
BIOL 331,001,Tuesday,"April 15, 2014",9:00 AM,11:30 AM,M3 1006
BIOL 335L,"001,002",Monday,"April 14, 2014",9:00 AM,11:30 AM,RCH 308
BIOL 346,001,Friday,"April 11, 2014",9:00 AM,11:30 AM,RCH 110
BIOL 351,001,Tuesday,"April 8, 2014",12:30 PM,3:00 PM,PAC 8
BIOL 359,001,Thursday,"April 17, 2014",4:00 PM,6:30 PM,"PAC 7,8,11,12"
BIOL 361,001,Tuesday,"April 22, 2014",12:30 PM,3:00 PM,"PAC 11,12"
BIOL 365,001,Saturday,"April 12, 2014",9:00 AM,11:30 AM,MC 4041
BIOL 366,001,Friday,"April 11, 2014",7:30 PM,10:00 PM,"PAC 11,12"
BIOL 371,001,Tuesday,"April 8, 2014",12:30 PM,3:00 PM,RCH 305
BIOL 373,001,Monday,"April 21, 2014",12:30 PM,3:00 PM,"PAC 4,5,6,7"
BIOL 373L,001 to 008,Thursday,"April 10, 2014",7:30 PM,8:30 PM,"DC 1350,1351"
BIOL 383,001,Tuesday,"April 8, 2014",9:00 AM,11:30 AM,RCH 309
BIOL 403,001,Tuesday,"April 15, 2014",12:30 PM,3:00 PM,RCH 205
BIOL 428,001,Thursday,"April 24, 2014",7:30 PM,10:00 PM,B2 350
BIOL 431,001,Monday,"April 21, 2014",7:30 PM,10:00 PM,PAC 8
BIOL 432,001,Tuesday,"April 8, 2014",9:00 AM,11:30 AM,DC 1350
BIOL 438,001,Thursday,"April 17, 2014",7:30 PM,10:00 PM,MC 4041
BIOL 441,001,Thursday,"April 24, 2014",12:30 PM,3:00 PM,"PAC 7,8"
BIOL 442,001,Thursday,"April 10, 2014",4:00 PM,6:30 PM,RCH 112
BIOL 449,001,Tuesday,"April 8, 2014",7:30 PM,10:00 PM,"PAC 7,8"
BIOL 450,001,Monday,"April 14, 2014",4:00 PM,6:30 PM,"PAC 11,12"
BIOL 457,001,Monday,"April 21, 2014",4:00 PM,6:30 PM,PAC 9
BIOL 467,001,Thursday,"April 10, 2014",9:00 AM,11:30 AM,PAC 8
BIOL 477L,001,Exam removed from the schedule. Contact instructor for further information,,,,
BIOL 480,001,Monday,"April 14, 2014",9:00 AM,11:30 AM,RCH 306
BIOL 484,001,Wednesday,"April 16, 2014",9:00 AM,11:30 AM,RCH 306
BIOL 488,001,Thursday,"April 24, 2014",9:00 AM,11:30 AM,PAC 1
BUS 111W,,See http://www.wlu.ca/page.php?grp_id=1366&p=14566,,,,WLU
BUS 121W,,Saturday,"April 12, 2014",12:30 PM,3:00 PM,"PAC 4,5,6,7"
BUS 231W,,See http://www.wlu.ca/page.php?grp_id=1366&p=14566,,,,WLU
BUS 247W,,See http://www.wlu.ca/page.php?grp_id=1366&p=14566,,,,WLU
BUS 288W,,See http://www.wlu.ca/page.php?grp_id=1366&p=14566,,,,WLU
BUS 352W,,See http://www.wlu.ca/page.php?grp_id=1366&p=14566,,,,WLU
BUS 353W,,See http://www.wlu.ca/page.php?grp_id=1366&p=14566,,,,WLU
BUS 354W,,See http://www.wlu.ca/page.php?grp_id=1366&p=14566,,,,WLU
BUS 357W,,See http://www.wlu.ca/page.php?grp_id=1366&p=14566,,,,WLU
BUS 362W,,See http://www.wlu.ca/page.php?grp_id=1366&p=14566,,,,WLU
BUS 383W,,See http://www.wlu.ca/page.php?grp_id=1366&p=14566,,,,WLU
BUS 385W,,See http://www.wlu.ca/page.php?grp_id=1366&p=14566,,,,WLU
BUS 387W,,See http://www.wlu.ca/page.php?grp_id=1366&p=14566,,,,WLU
BUS 393W,,See http://www.wlu.ca/page.php?grp_id=1366&p=14566,,,,WLU
BUS 395W,,See http://www.wlu.ca/page.php?grp_id=1366&p=14566,,,,WLU
BUS 397W,,See http://www.wlu.ca/page.php?grp_id=1366&p=14566,,,,WLU
BUS 398W,,See http://www.wlu.ca/page.php?grp_id=1366&p=14566,,,,WLU
BUS 403W,,See http://www.wlu.ca/page.php?grp_id=1366&p=14566,,,,WLU
BUS 412W,,See http://www.wlu.ca/page.php?grp_id=1366&p=14566,,,,WLU
BUS 413W,,See http://www.wlu.ca/page.php?grp_id=1366&p=14566,,,,WLU
BUS 423W,,See http://www.wlu.ca/page.php?grp_id=1366&p=14566,,,,WLU
BUS 429W,,See http://www.wlu.ca/page.php?grp_id=1366&p=14566,,,,WLU
BUS 433W,,See http://www.wlu.ca/page.php?grp_id=1366&p=14566,,,,WLU
BUS 435W,,See http://www.wlu.ca/page.php?grp_id=1366&p=14566,,,,WLU
BUS 443W,,See http://www.wlu.ca/page.php?grp_id=1366&p=14566,,,,WLU
BUS 449W,,See http://www.wlu.ca/page.php?grp_id=1366&p=14566,,,,WLU
BUS 451W,,See http://www.wlu.ca/page.php?grp_id=1366&p=14566,,,,WLU
BUS 453W,,See http://www.wlu.ca/page.php?grp_id=1366&p=14566,,,,WLU
BUS 463W,,See http://www.wlu.ca/page.php?grp_id=1366&p=14566,,,,WLU
BUS 466W,,See http://www.wlu.ca/page.php?grp_id=1366&p=14566,,,,WLU
BUS 467W,,See http://www.wlu.ca/page.php?grp_id=1366&p=14566,,,,WLU
BUS 473W,,See http://www.wlu.ca/page.php?grp_id=1366&p=14566,,,,WLU
BUS 477W,,See http://www.wlu.ca/page.php?grp_id=1366&p=14566,,,,WLU
BUS 481W,,See http://www.wlu.ca/page.php?grp_id=1366&p=14566,,,,WLU
BUS 483W,,See http://www.wlu.ca/page.php?grp_id=1366&p=14566,,,,WLU
BUS 498SW,,See http://www.wlu.ca/page.php?grp_id=1366&p=14566,,,,WLU
CHE 101,001,Tuesday,"April 8, 2014",9:00 AM,11:30 AM,"RCH 306,307"
CHE 121,001,Thursday,"April 10, 2014",12:30 PM,3:00 PM,RCH 301
CHE 161,001,Wednesday,"April 16, 2014",9:00 AM,11:30 AM,RCH 302
CHE 200,001,Saturday,"April 12, 2014",12:30 PM,3:00 PM,"E6 2024,4022"
CHE 220,001,Wednesday,"April 16, 2014",9:00 AM,11:30 AM,"E6 2024,4022"
CHE 230,001,Thursday,"April 10, 2014",9:00 AM,11:30 AM,"E6 2024,4022"
CHE 311,001,Friday,"April 11, 2014",4:00 PM,6:30 PM,"E6 2024,4022"
CHE 312,001,Thursday,"April 10, 2014",12:30 PM,3:00 PM,"RCH 207,211"
CHE 313,001,Thursday,"April 17, 2014",7:30 PM,10:00 PM,"E6 2024,4022"
CHE 322,001,Monday,"April 14, 2014",12:30 PM,3:00 PM,"RCH 103,105"
CHE 325,001,Tuesday,"April 22, 2014",9:00 AM,11:30 AM,"E6 2024,4022"
CHE 330,001,Friday,"April 11, 2014",9:00 AM,11:30 AM,"E6 2024,4022"
CHE 331,001,Thursday,"April 24, 2014",4:00 PM,6:30 PM,"E6 2024,4022"
CHE 360,001,Wednesday,"April 16, 2014",12:30 PM,3:00 PM,"RCH 207,211"
CHE 500,001,Monday,"April 21, 2014",9:00 AM,11:30 AM,"E6 2024,4022"
CHE 514,001,Wednesday,"April 9, 2014",4:00 PM,6:30 PM,"E6 2024,4022"
CHE 522,001,Thursday,"April 10, 2014",12:30 PM,3:00 PM,E6 2024
CHE 543,001,Wednesday,"April 23, 2014",9:00 AM,11:30 AM,E6 4022
CHE 562,001,Tuesday,"April 15, 2014",12:30 PM,3:00 PM,E6 4022
CHE 564,001,Friday,"April 11, 2014",12:30 PM,3:00 PM,E6 4022
CHE 571,001,Wednesday,"April 16, 2014",4:00 PM,6:30 PM,E6 2024
CHE 572,001,Tuesday,"April 8, 2014",7:30 PM,10:00 PM,"CPH 3602,3604"
CHE 574,001,Tuesday,"April 22, 2014",4:00 PM,6:30 PM,"RCH 103,105"
CHE 614,001,Wednesday,"April 9, 2014",4:00 PM,6:30 PM,"E6 2024,4022"
CHE 624,001,Thursday,"April 10, 2014",12:30 PM,3:00 PM,E6 2024
CHE 672,001,Tuesday,"April 8, 2014",7:30 PM,10:00 PM,"CPH 3602,3604"
CHE 674,001,Tuesday,"April 22, 2014",4:00 PM,6:30 PM,"RCH 103,105"
CHEM 120,001,Thursday,"April 10, 2014",7:30 PM,10:00 PM,"PAC 1,2,3"
CHEM 123,001 to 004,Wednesday,"April 9, 2014",9:00 AM,11:30 AM,"PAC 1,2,3,4,5,6,7,8,9,10,11,12, M3 1006"
CHEM 123L,001 to 014,Wednesday,"April 9, 2014",7:30 PM,9:30 PM,"PAC 1,2,3,4,5,6,7,8,9,10,11,12, MC 1056"
CHEM 212,001,Friday,"April 11, 2014",9:00 AM,11:30 AM,"PAC 9,10"
CHEM 221,001,Thursday,"April 24, 2014",12:30 PM,3:00 PM,PAC 6
CHEM 228,001,Tuesday,"April 22, 2014",9:00 AM,11:30 AM,PAC 10
CHEM 233,001,Tuesday,"April 15, 2014",12:30 PM,3:00 PM,RCH 305
CHEM 237,001,Monday,"April 14, 2014",4:00 PM,6:30 PM,"PAC 1,2,3"
CHEM 237L,001 to 005,Wednesday,"April 16, 2014",12:30 PM,2:30 PM,M3 1006
CHEM 254,001,Thursday,"April 17, 2014",12:30 PM,3:00 PM,DC 1350
CHEM 262,001,Tuesday,"April 8, 2014",9:00 AM,11:30 AM,DC 1351
CHEM 265,001,Tuesday,"April 8, 2014",7:30 PM,10:00 PM,RCH 110
CHEM 267,"001,002",Wednesday,"April 9, 2014",12:30 PM,3:00 PM,"PAC 4,5,6,7"
CHEM 313,001,Monday,"April 14, 2014",9:00 AM,11:30 AM,RCH 305
CHEM 350,001,Monday,"April 21, 2014",9:00 AM,11:30 AM,RCH 211
CHEM 357,001,Wednesday,"April 16, 2014",9:00 AM,11:30 AM,MC 1085
CHEM 360,001,Wednesday,"April 9, 2014",4:00 PM,6:30 PM,DC 1350
CHEM 381,001,Saturday,"April 12, 2014",7:30 PM,10:00 PM,MC 4058
CHEM 410,001,Thursday,"April 10, 2014",12:30 PM,3:00 PM,RCH 205
CHEM 420,001,Wednesday,"April 9, 2014",4:00 PM,6:30 PM,RCH 205
CHEM 430,001,Tuesday,"April 22, 2014",7:30 PM,10:00 PM,MC 4040
CHEM 433,001,Monday,"April 14, 2014",12:30 PM,3:00 PM,RCH 306
CHEM 440,001,Wednesday,"April 16, 2014",7:30 PM,10:00 PM,C2 361
CHEM 460,001,Wednesday,"April 23, 2014",4:00 PM,6:30 PM,MC 4064
CHEM 470,001,Tuesday,"April 8, 2014",12:30 PM,3:00 PM,C2 361
CHEM 713,001,Thursday,"April 10, 2014",12:30 PM,3:00 PM,RCH 205
CHEM 773,001,Tuesday,"April 8, 2014",12:30 PM,3:00 PM,C2 361
CHINA 101R,"001,002",Thursday,"April 24, 2014",12:30 PM,3:00 PM,REN 2106
CHINA 102R,001,Tuesday,"April 22, 2014",9:00 AM,11:30 AM,REN 2107
CHINA 120R,001,Saturday,"April 12, 2014",9:00 AM,11:30 AM,REN 2106
CHINA 200R,001,Tuesday,"April 15, 2014",7:30 PM,10:00 PM,REN 2102
CHINA 201R,001,Wednesday,"April 23, 2014",4:00 PM,6:30 PM,REN 2107
CHINA 202R,001,Friday,"April 11, 2014",9:00 AM,11:30 AM,REN 2104
CHINA 302R,001,Monday,"April 21, 2014",9:00 AM,10:30 AM,REN 2102
CIVE 121,001,Wednesday,"April 16, 2014",12:30 PM,3:00 PM,PAC 1
CIVE 127,001,Tuesday,"April 8, 2014",9:00 AM,11:30 AM,"PAC 3,8"
CIVE 303,001,Tuesday,"April 8, 2014",9:00 AM,11:30 AM,"CPH 3602,3604,3607"
CIVE 331,001,Saturday,"April 12, 2014",12:30 PM,3:00 PM,"CPH 3602,3604,3607"
CIVE 342,001,Thursday,"April 10, 2014",9:00 AM,11:30 AM,"CPH 3602,3604,3607"
CIVE 353,001,Tuesday,"April 15, 2014",9:00 AM,11:30 AM,"CPH 3602,3604,3607"
CIVE 375,001,Thursday,"April 17, 2014",9:00 AM,11:30 AM,"CPH 3602,3604,3607"
CIVE 381,001,Friday,"April 11, 2014",9:00 AM,11:30 AM,RCH 301
CIVE 405,001,Saturday,"April 12, 2014",9:00 AM,11:30 AM,RCH 305
CIVE 415,001,Monday,"April 14, 2014",7:30 PM,10:00 PM,RCH 302
CIVE 422,001,Tuesday,"April 22, 2014",4:00 PM,6:30 PM,DWE 2527
CIVE 440,001,Friday,"April 11, 2014",4:00 PM,6:30 PM,CPH 3607
CIVE 460,001,Tuesday,"April 15, 2014",7:30 PM,10:00 PM,"E5 3101,3102"
CIVE 497,002,Wednesday,"April 9, 2014",7:30 PM,10:00 PM,DWE 2402
CIVE 507,001,Wednesday,"April 9, 2014",9:00 AM,11:30 AM,"CPH 3602,3607"
CIVE 542,001,Monday,"April 21, 2014",9:00 AM,11:30 AM,CPH 3604
CIVE 554,001,Wednesday,"April 16, 2014",7:30 PM,10:00 PM,CPH 3607
CIVE 583,001,Thursday,"April 17, 2014",9:00 AM,11:30 AM,DWE 2527
CIVE 596,001,Tuesday,"April 8, 2014",9:00 AM,11:30 AM,"MC 2017,2054"
CLAS 104,001,Thursday,"April 24, 2014",4:00 PM,6:30 PM,"PAC 4,5,6,7"
CLAS 202,001,Wednesday,"April 23, 2014",7:30 PM,9:30 PM,"PAC 1,2,3,4"
CLAS 221,001,Tuesday,"April 8, 2014",12:30 PM,3:00 PM,PAS 1229
CLAS 325,001,Tuesday,"April 8, 2014",4:00 PM,6:00 PM,AL 208
CLAS 352,001,Wednesday,"April 9, 2014",12:30 PM,2:30 PM,MC 4040
CLAS 361,081 On Line,See https://uwaterloo.ca/quest/help/students/how-do-i/online-exam-schedule,,,,
CM 730,001,Tuesday,"April 8, 2014",4:00 PM,6:30 PM,RCH 204
CM 764,001,Monday,"April 14, 2014",12:30 PM,3:00 PM,RCH 307
CO 227,001,Wednesday,"April 9, 2014",12:30 PM,3:00 PM,MC 4045
CO 250,"001,002",Thursday,"April 17, 2014",7:30 PM,10:00 PM,M3 1006
CO 255,001,Thursday,"April 24, 2014",9:00 AM,11:30 AM,PAC 9
CO 327,001,Wednesday,"April 16, 2014",12:30 PM,3:00 PM,PAC 10
CO 331,001,Thursday,"April 24, 2014",7:30 PM,10:00 PM,PAC 5
CO 353,001,Saturday,"April 12, 2014",7:30 PM,10:00 PM,MC 2034
CO 367,001,Friday,"April 11, 2014",7:30 PM,10:00 PM,MC 4040
CO 370,001,Monday,"April 21, 2014",4:00 PM,6:30 PM,"PAC 11,12"
CO 372,001,Wednesday,"April 9, 2014",9:00 AM,11:30 AM,"RCH 103,105"
CO 466,001,Thursday,"April 10, 2014",12:30 PM,3:00 PM,RCH 306
CO 487,001,Wednesday,"April 9, 2014",12:30 PM,3:00 PM,DC 1350
CO 666,001,Thursday,"April 10, 2014",12:30 PM,3:00 PM,RCH 306
CO 687,001,Wednesday,"April 9, 2014",12:30 PM,3:00 PM,DC 1350
COMM 231,001,Tuesday,"April 22, 2014",7:30 PM,10:00 PM,M3 1006
COMM 321,001,Monday,"April 14, 2014",12:30 PM,3:00 PM,RCH 305
COMM 400,001,Exam removed from the schedule. Contact instructor for further information,,,,
COMM 421,001,Thursday,"April 10, 2014",12:30 PM,3:00 PM,RCH 307
COMM 432,001,Tuesday,"April 22, 2014",7:30 PM,10:00 PM,MC 4064
CROAT 102,001,Thursday,"April 10, 2014",4:00 PM,6:30 PM,ML 212
CROAT 102,081 On Line,See https://uwaterloo.ca/quest/help/students/how-do-i/online-exam-schedule,,,,
CROAT 202,001,Tuesday,"April 8, 2014",9:00 AM,11:30 AM,ML 212
CS 100,081 On Line,See https://uwaterloo.ca/quest/help/students/how-do-i/online-exam-schedule,,,,
CS 115,"001,002",Tuesday,"April 8, 2014",9:00 AM,11:30 AM,"PAC 4,5,6,7"
CS 116,001 to 005,Monday,"April 14, 2014",9:00 AM,11:30 AM,"PAC 1,2,3,4,5,6,7,8"
CS 135,"001,002",Wednesday,"April 16, 2014",4:00 PM,6:30 PM,"DC 1350,1351"
CS 136,001 to 006,Monday,"April 14, 2014",12:30 PM,3:00 PM,"PAC 1,2,3,4,5"
CS 138,001,Monday,"April 21, 2014",9:00 AM,11:30 AM,"MC 4059,4060,4061"
CS 146,001,Thursday,"April 17, 2014",12:30 PM,3:00 PM,MC 4059
CS 230,001,Friday,"April 11, 2014",12:30 PM,3:00 PM,"PAC 11,12"
CS 240,001 to 003,Monday,"April 14, 2014",4:00 PM,6:30 PM,"DC 1350,1351"
CS 241,001 to 003,Monday,"April 21, 2014",12:30 PM,3:00 PM,"PAC 1,2"
CS 245,"001,002",Monday,"April 14, 2014",9:00 AM,11:30 AM,DC 1350
CS 246,"001,002",Wednesday,"April 23, 2014",9:00 AM,11:30 AM,M3 1006
CS 251,"001,002",Thursday,"April 17, 2014",4:00 PM,6:30 PM,"PAC 4,5"
CS 330,001,Wednesday,"April 23, 2014",9:00 AM,11:30 AM,"PAC 3,8"
CS 338,001,Tuesday,"April 8, 2014",12:30 PM,3:00 PM,"PAC 11,12"
CS 341,001 to 003,Wednesday,"April 16, 2014",12:30 PM,3:00 PM,"PAC 7,8,9"
CS 343,001,Monday,"April 14, 2014",9:00 AM,11:30 AM,RCH 301
CS 348,"001,002",Tuesday,"April 22, 2014",12:30 PM,3:00 PM,DC 1350
CS 349,001 to 003,Monday,"April 21, 2014",9:00 AM,11:30 AM,"PAC 2,3"
CS 350,"001,002",Friday,"April 11, 2014",12:30 PM,3:00 PM,"PAC 7,8"
CS 360,001,Tuesday,"April 15, 2014",4:00 PM,6:30 PM,PAC 3
CS 365,001,Thursday,"April 17, 2014",9:00 AM,11:30 AM,PAC 7
CS 370,001,Wednesday,"April 9, 2014",9:00 AM,11:30 AM,"RCH 307,308"
CS 371,001,Thursday,"April 10, 2014",7:30 PM,10:00 PM,PAC 6
CS 430,001,Monday,"April 21, 2014",9:00 AM,11:30 AM,MC 1085
CS 436,001,Wednesday,"April 16, 2014",4:00 PM,6:30 PM,PAC 12
CS 442,001,Monday,"April 21, 2014",7:30 PM,10:00 PM,PAC 1
CS 444,001,Saturday,"April 12, 2014",9:00 AM,11:30 AM,MC 2017
CS 445,001,Tuesday,"April 15, 2014",9:00 AM,11:30 AM,RCH 211
CS 446,001,Tuesday,"April 8, 2014",7:30 PM,10:00 PM,RCH 211
CS 447,001,Thursday,"April 10, 2014",12:30 PM,3:00 PM,"PAC 7,8"
CS 448,001,Thursday,"April 17, 2014",4:00 PM,6:30 PM,MC 4045
CS 450,001,Monday,"April 21, 2014",7:30 PM,10:00 PM,PAC 4
CS 452,001,Thursday,"April 24, 2014",7:30 PM,10:00 PM,PAC 8
CS 454,"001,002",Friday,"April 11, 2014",12:30 PM,3:00 PM,"RCH 302,305"
CS 456,001,Wednesday,"April 9, 2014",4:00 PM,6:30 PM,MC 1085
CS 458,"001,002",Tuesday,"April 8, 2014",9:00 AM,11:30 AM,"PAC 11,12"
CS 476,001,Wednesday,"April 23, 2014",4:00 PM,6:30 PM,MC 4059
CS 483,001,Monday,"April 14, 2014",9:00 AM,11:30 AM,RCH 205
CS 485,001,Tuesday,"April 8, 2014",7:30 PM,10:00 PM,"PAC 9,10"
CS 486,001,Wednesday,"April 16, 2014",12:30 PM,3:00 PM,MC 1085
CS 487,001,Tuesday,"April 8, 2014",4:00 PM,6:30 PM,RCH 204
CS 488,001,Monday,"April 21, 2014",12:30 PM,3:00 PM,"PAC 9,10"
CS 490,001,Thursday,"April 24, 2014",9:00 AM,11:30 AM,PAC 10
CS 642,001,Monday,"April 21, 2014",7:30 PM,10:00 PM,PAC 1
CS 644,001,Saturday,"April 12, 2014",9:00 AM,11:30 AM,MC 2017
CS 648,001,Thursday,"April 17, 2014",4:00 PM,6:30 PM,MC 4045
CS 650,001,Monday,"April 21, 2014",7:30 PM,10:00 PM,PAC 4
CS 654,"001,002",Friday,"April 11, 2014",12:30 PM,3:00 PM,"RCH 302,305"
CS 656,001,Wednesday,"April 9, 2014",4:00 PM,6:30 PM,MC 1085
CS 658,"001,002",Tuesday,"April 8, 2014",9:00 AM,11:30 AM,"PAC 11,12"
CS 676,001,Wednesday,"April 23, 2014",4:00 PM,6:30 PM,MC 4059
CS 683,001,Monday,"April 14, 2014",9:00 AM,11:30 AM,RCH 205
CS 685,001,Tuesday,"April 8, 2014",7:30 PM,10:00 PM,"PAC 9,10"
CS 686,001,Wednesday,"April 16, 2014",12:30 PM,3:00 PM,MC 1085
CS 687,001,Tuesday,"April 8, 2014",4:00 PM,6:30 PM,RCH 204
DRAMA 387,081 On Line,See https://uwaterloo.ca/quest/help/students/how-do-i/online-exam-schedule,,,,
DUTCH 101,081 On Line,See https://uwaterloo.ca/quest/help/students/how-do-i/online-exam-schedule,,,,
DUTCH 102,001,Monday,"April 21, 2014",9:00 AM,11:30 AM,ML 246
DUTCH 202,001,Saturday,"April 12, 2014",7:30 PM,10:00 PM,RCH 212
EARTH 122,001,Wednesday,"April 23, 2014",12:30 PM,2:30 PM,"DC 1350,1351"
EARTH 122L,001 to 004,Wednesday,"April 16, 2014",12:30 PM,3:00 PM,"PAC 2,3"
EARTH 221,001,Wednesday,"April 9, 2014",12:30 PM,3:00 PM,"PAC 9,10"
EARTH 238,001,Thursday,"April 17, 2014",9:00 AM,11:30 AM,PAC 6
EARTH 270,001,Thursday,"April 17, 2014",7:30 PM,10:00 PM,"MC 2017,2054"
EARTH 281,001,Monday,"April 14, 2014",9:00 AM,11:30 AM,"PAC 11,12"
EARTH 332,001,Saturday,"April 12, 2014",12:30 PM,3:00 PM,PAC 8
EARTH 333,001,Tuesday,"April 15, 2014",4:00 PM,6:30 PM,PAC 6
EARTH 342,001,Friday,"April 11, 2014",4:00 PM,6:30 PM,"RCH 103,105"
EARTH 358,001,Monday,"April 21, 2014",9:00 AM,11:30 AM,"PAC 9,10"
EARTH 435,001,Tuesday,"April 22, 2014",4:00 PM,6:30 PM,PAC 11
EARTH 437,001,Wednesday,"April 9, 2014",9:00 AM,11:30 AM,RCH 306
EARTH 438,001,Monday,"April 14, 2014",9:00 AM,11:30 AM,RCH 309
EARTH 456,001,Thursday,"April 10, 2014",9:00 AM,11:30 AM,PAC 11
EARTH 459,001,Tuesday,"April 8, 2014",12:30 PM,3:00 PM,RCH 211
EARTH 460,001,Thursday,"April 17, 2014",4:00 PM,6:30 PM,PAC 9
EARTH 491,001,Wednesday,"April 16, 2014",9:00 AM,11:30 AM,RCH 205
EARTH 656,001,Thursday,"April 10, 2014",9:00 AM,11:30 AM,PAC 11
EARTH 658,001,Wednesday,"April 16, 2014",9:00 AM,11:30 AM,RCH 205
EARTH 659,001,Tuesday,"April 8, 2014",12:30 PM,3:00 PM,RCH 211
EASIA 210R,001,Wednesday,"April 23, 2014",9:00 AM,11:30 AM,REN 2106
EASIA 275R,001,Tuesday,"April 8, 2014",9:00 AM,11:30 AM,REN 2106
ECE 103,001,Monday,"April 21, 2014",9:00 AM,11:30 AM,"MC 4020,4021,4045"
ECE 106,"001,002",Tuesday,"April 8, 2014",12:30 PM,3:00 PM,"PAC 1,2,3"
ECE 124,"001,002",Wednesday,"April 16, 2014",12:30 PM,3:00 PM,"PAC 4,5,6"
ECE 155,"001,002",Wednesday,"April 23, 2014",9:00 AM,11:30 AM,"PAC 1,2"
ECE 205,001,Friday,"April 11, 2014",12:30 PM,3:00 PM,"RCH 103,105"
ECE 205,002,Friday,"April 11, 2014",12:30 PM,3:00 PM,"RCH 110,112"
ECE 222,"001,002",Tuesday,"April 15, 2014",4:00 PM,6:30 PM,"PAC 1,2"
ECE 224,001,Monday,"April 14, 2014",12:30 PM,3:00 PM,DC 1351
ECE 240,"001,002",Tuesday,"April 8, 2014",12:30 PM,3:00 PM,"PAC 4,5"
ECE 250,"001,002",Wednesday,"April 16, 2014",9:00 AM,11:30 AM,"PAC 7,8"
ECE 290,"001,002",Thursday,"April 17, 2014",4:00 PM,6:30 PM,M3 1006
ECE 316,001,Wednesday,"April 9, 2014",12:30 PM,3:00 PM,PAC 8
ECE 318,001,Friday,"April 11, 2014",9:00 AM,11:30 AM,"RCH 103,105"
ECE 318,002,Friday,"April 11, 2014",9:00 AM,11:30 AM,"PAC 11,12"
ECE 327,001,Thursday,"April 24, 2014",4:00 PM,6:30 PM,PAC 8
ECE 331,001,Tuesday,"April 8, 2014",12:30 PM,3:00 PM,PAC 6
ECE 351,001,Wednesday,"April 23, 2014",9:00 AM,11:30 AM,MC 4020
ECE 356,001,Monday,"April 14, 2014",9:00 AM,11:30 AM,DC 1351
ECE 358,001,Tuesday,"April 8, 2014",9:00 AM,11:30 AM,"RCH 110,112"
ECE 361,001,Wednesday,"April 9, 2014",9:00 AM,11:30 AM,"RCH 110,112"
ECE 375,001,Wednesday,"April 16, 2014",9:00 AM,11:30 AM,RCH 112
ECE 380,001,Tuesday,"April 15, 2014",12:30 PM,3:00 PM,DC 1350
ECE 390,"001,002",Wednesday,"April 16, 2014",12:30 PM,3:00 PM,"DC 1350,1351"
ECE 404,001,Monday,"April 14, 2014",9:00 AM,11:30 AM,PHY 235
ECE 405,001,Friday,"April 11, 2014",4:00 PM,6:30 PM,RCH 204
ECE 406,001,Wednesday,"April 9, 2014",7:30 PM,10:00 PM,RCH 301
ECE 409,001,Saturday,"April 12, 2014",9:00 AM,11:30 AM,MC 2054
ECE 415,001,Wednesday,"April 9, 2014",9:00 AM,11:30 AM,RCH 205
ECE 417,001,Thursday,"April 17, 2014",9:00 AM,11:30 AM,PAC 8
ECE 423,001,Thursday,"April 24, 2014",7:30 PM,10:00 PM,PAC 3
ECE 433,001,Wednesday,"April 9, 2014",9:00 AM,11:30 AM,RCH 211
ECE 444,001,Tuesday,"April 22, 2014",12:30 PM,3:00 PM,"PAC 9,10"
ECE 451,001,Tuesday,"April 15, 2014",9:00 AM,11:30 AM,RCH 211
ECE 452,001,Tuesday,"April 8, 2014",7:30 PM,10:00 PM,RCH 211
ECE 453,001,Thursday,"April 10, 2014",12:30 PM,3:00 PM,"PAC 7,8"
ECE 457B,001,Thursday,"April 17, 2014",4:00 PM,6:30 PM,PAC 6
ECE 459,001,Tuesday,"April 22, 2014",12:30 PM,3:00 PM,"PAC 7,8"
ECE 464,001,Saturday,"April 12, 2014",7:30 PM,10:00 PM,MC 4059
ECE 467,001,Tuesday,"April 15, 2014",4:00 PM,6:30 PM,PAC 7
ECE 474,001,Wednesday,"April 16, 2014",12:30 PM,3:00 PM,MC 1056
ECE 477,001,Tuesday,"April 8, 2014",9:00 AM,11:30 AM,RCH 205
ECE 488,001,Thursday,"April 10, 2014",7:30 PM,10:00 PM,"PAC 11,12"
ECE 653,001,Thursday,"April 10, 2014",12:30 PM,3:00 PM,"PAC 7,8"
ECE 730,001,Tuesday,"April 8, 2014",9:00 AM,11:30 AM,RCH 301
ECE 730,004,Wednesday,"April 9, 2014",9:00 AM,11:30 AM,RCH 211
ECE 770,001,Tuesday,"April 8, 2014",9:00 AM,11:30 AM,RCH 205
ECON  140W,,See http://www.wlu.ca/page.php?grp_id=1366&p=14566,,,,WLU
ECON 101,001,Monday,"April 14, 2014",7:30 PM,10:00 PM,"DC 1350,1351"
ECON 101,"002,005",Monday,"April 14, 2014",7:30 PM,10:00 PM,"PAC 1,2,3"
ECON 101,"003,004",Monday,"April 14, 2014",7:30 PM,10:00 PM,"PAC 4,5,6,7,8"
ECON 101,"006,007",Monday,"April 14, 2014",7:30 PM,10:00 PM,"PAC 11,12"
ECON 102,"001,002",Tuesday,"April 8, 2014",4:00 PM,6:30 PM,"PAC 1,2,3,8,9,10"
ECON 102,003,Tuesday,"April 8, 2014",4:00 PM,6:30 PM,"DC 1350,1351"
ECON 102,"004,006",Tuesday,"April 8, 2014",4:00 PM,6:30 PM,"PAC 4,5,6,7,11,12"
ECON 102,005,Tuesday,"April 8, 2014",4:00 PM,6:30 PM,"MC 4020,4021,4059,4061"
ECON 102,081 On Line,See https://uwaterloo.ca/quest/help/students/how-do-i/online-exam-schedule,,,,
ECON 201,"001,003",Thursday,"April 17, 2014",9:00 AM,11:30 AM,"PAC 1,2"
ECON 201,002,Thursday,"April 17, 2014",9:00 AM,11:30 AM,PAC 3
ECON 202,001,Thursday,"April 10, 2014",9:00 AM,11:30 AM,PAC 1
ECON 202,002,Thursday,"April 10, 2014",9:00 AM,11:30 AM,PAC 6
ECON 202,"003,004",Thursday,"April 10, 2014",9:00 AM,11:30 AM,"PAC 4,5"
ECON 211,001,Wednesday,"April 16, 2014",9:00 AM,11:30 AM,RCH 110
ECON 211,002,Wednesday,"April 16, 2014",9:00 AM,11:30 AM,RCH 307
ECON 221,001,Tuesday,"April 22, 2014",12:30 PM,2:30 PM,DC 1351
ECON 231,001,Tuesday,"April 8, 2014",4:00 PM,6:00 PM,"RCH 302,305"
ECON 301,001,Tuesday,"April 8, 2014",7:30 PM,10:00 PM,RCH 301
ECON 301,002,Tuesday,"April 8, 2014",7:30 PM,10:00 PM,"PAC 11,12"
ECON 302,001,Monday,"April 14, 2014",7:30 PM,10:00 PM,"MC 2017,2054"
ECON 302,002,Monday,"April 14, 2014",7:30 PM,10:00 PM,MC 1085
ECON 304,001,Thursday,"April 17, 2014",9:00 AM,11:30 AM,PAC 5
ECON 321,001,Tuesday,"April 22, 2014",4:00 PM,6:00 PM,DC 1350
ECON 321,002,Tuesday,"April 22, 2014",4:00 PM,6:30 PM,"PAC 9,10"
ECON 332,"001,002",Monday,"April 14, 2014",12:30 PM,2:30 PM,M3 1006
ECON 344,001,Thursday,"April 10, 2014",7:30 PM,10:00 PM,PAC 4
ECON 344,002,Thursday,"April 10, 2014",7:30 PM,10:00 PM,PAC 5
ECON 344,"003,004",Thursday,"April 10, 2014",7:30 PM,10:00 PM,"PAC 7,8"
ECON 351,001,Wednesday,"April 23, 2014",12:30 PM,3:00 PM,MC 4020
ECON 361,081 On Line,See https://uwaterloo.ca/quest/help/students/how-do-i/online-exam-schedule,,,,
ECON 371,001,Wednesday,"April 9, 2014",7:30 PM,10:00 PM,"RCH 110,112"
ECON 372,001,Wednesday,"April 9, 2014",7:30 PM,10:00 PM,"RCH 103,105"
ECON 401,001,Thursday,"April 24, 2014",9:00 AM,11:30 AM,PAC 11
ECON 402,001,Tuesday,"April 15, 2014",12:30 PM,3:00 PM,RCH 309
ECON 405,001,Tuesday,"April 8, 2014",12:30 PM,3:00 PM,RCH 205
ECON 421,001,Saturday,"April 12, 2014",7:30 PM,9:30 PM,RCH 305
ECON 483,001,Wednesday,"April 16, 2014",9:00 AM,11:30 AM,RCH 305
ELPE 100,081 On Line,See https://uwaterloo.ca/quest/help/students/how-do-i/online-exam-schedule,,,,
ENBUS 302,001,Monday,"April 21, 2014",7:30 PM,10:00 PM,"PAC 5,6"
ENGL 100A,001,Saturday,"April 12, 2014",7:30 PM,10:00 PM,MC 2035
ENGL 101A,001,Wednesday,"April 23, 2014",12:30 PM,3:00 PM,PAC 2
ENGL 101A,002,Monday,"April 21, 2014",12:30 PM,3:00 PM,STJ 2011
ENGL 101B,001,Wednesday,"April 23, 2014",7:30 PM,10:00 PM,MC 4041
ENGL 101B,002,Wednesday,"April 16, 2014",9:00 AM,11:30 AM,RCH 206
ENGL 102B,001,Tuesday,"April 8, 2014",9:00 AM,11:30 AM,REN 2102
ENGL 102B,081 On Line,See https://uwaterloo.ca/quest/help/students/how-do-i/online-exam-schedule,,,,
ENGL 104,001,Thursday,"April 24, 2014",7:30 PM,10:00 PM,PAC 6
ENGL 108A,001,Tuesday,"April 22, 2014",7:30 PM,10:00 PM,MC 4045
ENGL 108A,002,Monday,"April 14, 2014",7:30 PM,9:00 PM,REN 2106
ENGL 108C,001,Monday,"April 14, 2014",12:30 PM,2:30 PM,STJ 3027
ENGL 108F,001,Thursday,"April 17, 2014",4:00 PM,6:30 PM,STJ 2009
ENGL 108H,001,Monday,"April 14, 2014",4:00 PM,6:30 PM,PAC 9
ENGL 108M,001,Friday,"April 11, 2014",9:00 AM,11:30 AM,HH 2107
ENGL 109,081 On Line,See https://uwaterloo.ca/quest/help/students/how-do-i/online-exam-schedule,,,,
ENGL 129R,001,Monday,"April 21, 2014",12:30 PM,3:00 PM,REN 2107
ENGL 190,081 On Line,See https://uwaterloo.ca/quest/help/students/how-do-i/online-exam-schedule,,,,
ENGL 200A,081 On Line,See https://uwaterloo.ca/quest/help/students/how-do-i/online-exam-schedule,,,,
ENGL 200B,001,Thursday,"April 10, 2014",7:30 PM,10:00 PM,MC 4045
ENGL 200B,002,Thursday,"April 10, 2014",9:00 AM,11:30 AM,STJ 3027
ENGL 200B,081 On Line,See https://uwaterloo.ca/quest/help/students/how-do-i/online-exam-schedule,,,,
ENGL 202A,081 On Line,See https://uwaterloo.ca/quest/help/students/how-do-i/online-exam-schedule,,,,
ENGL 208B,001,Thursday,"April 24, 2014",12:30 PM,3:00 PM,STJ 2017
ENGL 208C,081 On Line,See https://uwaterloo.ca/quest/help/students/how-do-i/online-exam-schedule,,,,
ENGL 208E,001,Wednesday,"April 9, 2014",7:30 PM,10:00 PM,REN 2107
ENGL 208N,001,Tuesday,"April 15, 2014",7:30 PM,10:00 PM,STJ 2011
ENGL 210F,081 On Line,See https://uwaterloo.ca/quest/help/students/how-do-i/online-exam-schedule,,,,
ENGL 251A,081 On Line,See https://uwaterloo.ca/quest/help/students/how-do-i/online-exam-schedule,,,,
ENGL 251B,002,Thursday,"April 17, 2014",12:30 PM,3:00 PM,STJ 3012
ENGL 251B,003,Wednesday,"April 16, 2014",4:00 PM,6:30 PM,STJ 3016
ENGL 251B,004,Tuesday,"April 8, 2014",4:00 PM,6:30 PM,HH 2107
ENGL 251B,005,Tuesday,"April 15, 2014",12:30 PM,3:00 PM,RCH 206
ENGL 251B,081 On Line,See https://uwaterloo.ca/quest/help/students/how-do-i/online-exam-schedule,,,,
ENGL 306A,001,Exam removed from the schedule. Contact instructor for further information,,,,
ENGL 306A,002,Exam removed from the schedule. Contact instructor for further information,,,,
ENGL 309G,001,Friday,"April 11, 2014",7:30 PM,9:00 PM,MC 4042
ENGL 315,081 On Line,See https://uwaterloo.ca/quest/help/students/how-do-i/online-exam-schedule,,,,
ENGL 322,001,Wednesday,"April 9, 2014",9:00 AM,11:30 AM,STJ 3016
ENGL 325,001,Tuesday,"April 8, 2014",9:00 AM,11:30 AM,STJ 2009
ENGL 330A,001,Tuesday,"April 22, 2014",9:00 AM,11:00 AM,MC 4040
ENGL 363,081 On Line,See https://uwaterloo.ca/quest/help/students/how-do-i/online-exam-schedule,,,,
ENGL 371,001,Monday,"April 21, 2014",9:00 AM,11:30 AM,STJ 2009
ENGL 460B,081 On Line,See https://uwaterloo.ca/quest/help/students/how-do-i/online-exam-schedule,,,,
ENVE 221,001,Monday,"April 21, 2014",12:30 PM,3:00 PM,RCH 301
ENVE 224,001,Tuesday,"April 15, 2014",4:00 PM,6:30 PM,RCH 301
ENVE 275,001,Thursday,"April 10, 2014",12:30 PM,3:00 PM,RCH 110
ENVE 375,001,Monday,"April 14, 2014",12:30 PM,3:00 PM,CPH 3607
ENVE 391,001,Exam removed from the schedule. Contact instructor for further information,,,,
ENVE 573,001,Wednesday,"April 23, 2014",12:30 PM,3:00 PM,CPH 3604
ENVE 577,001,Thursday,"April 17, 2014",7:30 PM,10:00 PM,CPH 3602
ENVS 200,001,Tuesday,"April 8, 2014",7:30 PM,10:00 PM,PAC 6
ENVS 220,001,Wednesday,"April 9, 2014",9:00 AM,11:30 AM,"DC 1350,1351"
ERS 270,001,Thursday,"April 17, 2014",12:30 PM,3:00 PM,AL 208
ERS 365,001,Wednesday,"April 16, 2014",12:30 PM,3:00 PM,AL 105
ERS 375,001,Friday,"April 11, 2014",12:30 PM,2:30 PM,RCH 205
ERS 375,002,Thursday,"April 10, 2014",9:00 AM,11:30 AM,EV1 350
ERS 383,001,Tuesday,"April 8, 2014",9:00 AM,11:30 AM,RCH 309
ERS 404,001,Tuesday,"April 8, 2014",4:00 PM,6:30 PM,RCH 105
ERS 461,001,Exam removed from the schedule. Contact instructor for further information,,,,
ERS 675,008,Thursday,"April 10, 2014",9:00 AM,11:30 AM,EV1 350
ESL 102R,001 to 017,Wednesday,"April 9, 2014",4:00 PM,6:30 PM,"PAC 4,5,6,7"
ESL 129R,"001,002",Monday,"April 21, 2014",12:30 PM,3:00 PM,REN 2106
ESL 129R,081 On Line,See https://uwaterloo.ca/quest/help/students/how-do-i/online-exam-schedule,,,,
FINE 204,002,Thursday,"April 10, 2014",7:30 PM,10:00 PM,PAC 9
FINE 262,001,Saturday,"April 12, 2014",7:30 PM,10:00 PM,MC 2038
FR 151,001 to 004,Thursday,"April 10, 2014",9:00 AM,11:00 AM,"RCH 301,302"
FR 151,081 On Line,See https://uwaterloo.ca/quest/help/students/how-do-i/online-exam-schedule,,,,
FR 152,001 to 006,Saturday,"April 12, 2014",12:30 PM,2:30 PM,"MC 2017,2054"
FR 152,081 On Line,See https://uwaterloo.ca/quest/help/students/how-do-i/online-exam-schedule,,,,
FR 192A,001 to 004,Thursday,"April 24, 2014",12:30 PM,2:30 PM,DC 1350
FR 192A,081 On Line,See https://uwaterloo.ca/quest/help/students/how-do-i/online-exam-schedule,,,,
FR 192B,001 to 004,Tuesday,"April 8, 2014",12:30 PM,2:30 PM,"RCH 103,105"
FR 192B,005,Tuesday,"April 8, 2014",12:30 PM,2:30 PM,STJ 2009
FR 192B,081 On Line,See https://uwaterloo.ca/quest/help/students/how-do-i/online-exam-schedule,,,,
FR 197,001,Saturday,"April 12, 2014",9:00 AM,11:30 AM,RCH 306
FR 197,081 On Line,See https://uwaterloo.ca/quest/help/students/how-do-i/online-exam-schedule,,,,
FR 251,001,Tuesday,"April 8, 2014",12:30 PM,2:30 PM,RCH 309
FR 251,081 On Line,See https://uwaterloo.ca/quest/help/students/how-do-i/online-exam-schedule,,,,
FR 252,"001,002",Thursday,"April 10, 2014",4:00 PM,6:30 PM,AL 208
FR 263,001,Thursday,"April 24, 2014",4:00 PM,6:00 PM,ML 349
FR 276,081 On Line,See https://uwaterloo.ca/quest/help/students/how-do-i/online-exam-schedule,,,,
FR 292,081 On Line,See https://uwaterloo.ca/quest/help/students/how-do-i/online-exam-schedule,,,,
FR 297,"001,002",Saturday,"April 12, 2014",4:00 PM,6:00 PM,RCH 204
FR 355,081 On Line,See https://uwaterloo.ca/quest/help/students/how-do-i/online-exam-schedule,,,,
FR 400,001,Monday,"April 14, 2014",9:00 AM,11:30 AM,STJ 3014
FR 410,001,Monday,"April 21, 2014",9:00 AM,11:30 AM,ML 349
FR 452,001,Tuesday,"April 15, 2014",7:30 PM,10:00 PM,AL 208
FR 473,001,Tuesday,"April 15, 2014",9:00 AM,11:30 AM,AL 105
FR 484,001,Tuesday,"April 8, 2014",7:30 PM,10:00 PM,AL 208
GBDA 102,"001,002",Wednesday,"April 9, 2014",12:30 PM,3:00 PM,"PAC 11,12"
GBDA 204,002,Exam removed from the schedule. Contact instructor for further information,,,,
GBDA 205,"001,002",Wednesday,"April 9, 2014",4:00 PM,6:30 PM,PAC 3
GENE 121,001,Thursday,"April 10, 2014",9:00 AM,11:30 AM,"PAC 2,3"
GENE 123,001 to 004,Wednesday,"April 23, 2014",9:00 AM,11:30 AM,"PAC 4,5,6,7"
GENE 411,001,Thursday,"April 17, 2014",7:30 PM,10:00 PM,MC 4040
GEOG 102,001,Monday,"April 21, 2014",9:00 AM,11:30 AM,M3 1006
GEOG 203,001,Tuesday,"April 15, 2014",4:00 PM,6:00 PM,"MC 2017,2054"
GEOG 209,001,Wednesday,"April 23, 2014",9:00 AM,11:30 AM,MC 4021
GEOG 271,001,Wednesday,"April 9, 2014",4:00 PM,6:30 PM,"PAC 11,12"
GEOG 281,001,Thursday,"April 10, 2014",4:00 PM,6:30 PM,"DC 1350,1351"
GEOG 318,001,Tuesday,"April 15, 2014",4:00 PM,6:30 PM,PAC 9
GEOG 323,001,Thursday,"April 10, 2014",12:30 PM,3:00 PM,"PAC 9,10"
GEOG 351,001,Monday,"April 21, 2014",12:30 PM,3:00 PM,MC 4045
GEOG 368,001,Wednesday,"April 9, 2014",12:30 PM,3:00 PM,"PAC 2,3"
GEOG 407,001,Thursday,"April 10, 2014",7:30 PM,10:00 PM,MC 4040
GEOG 432,001,Monday,"April 14, 2014",12:30 PM,3:00 PM,"PAC 9,10"
GEOG 461,001,Exam removed from the schedule. Contact instructor for further information,,,,
GER 101,001 to 004,Monday,"April 21, 2014",7:30 PM,10:00 PM,RCH 301
GER 101,081 On Line,See https://uwaterloo.ca/quest/help/students/how-do-i/online-exam-schedule,,,,
GER 102,"001,002",Tuesday,"April 22, 2014",12:30 PM,3:00 PM,AL 105
GER 102,081 On Line,See https://uwaterloo.ca/quest/help/students/how-do-i/online-exam-schedule,,,,
GER 180,001,Monday,"April 21, 2014",9:00 AM,11:30 AM,EV3 1408
GER 201,081 On Line,See https://uwaterloo.ca/quest/help/students/how-do-i/online-exam-schedule,,,,
GER 202,001,Monday,"April 21, 2014",12:30 PM,3:00 PM,ML 246
GER 202,081 On Line,See https://uwaterloo.ca/quest/help/students/how-do-i/online-exam-schedule,,,,
GER 212,001,Wednesday,"April 9, 2014",4:00 PM,6:30 PM,RCH 106
GER 334,001,Tuesday,"April 8, 2014",12:30 PM,3:00 PM,ML 212
GERON 210,001,Thursday,"April 10, 2014",7:30 PM,9:00 PM,"MC 4059,4061"
GERON 352,001,Monday,"April 14, 2014",4:00 PM,6:00 PM,M3 1006
GRK 102,001,Wednesday,"April 16, 2014",4:00 PM,6:00 PM,ML 349
HIST 105,001,Wednesday,"April 23, 2014",4:00 PM,6:30 PM,"PAC 4,5"
HIST 111,001,Tuesday,"April 8, 2014",9:00 AM,10:30 AM,CGC 1111
HIST 113,001,Thursday,"April 17, 2014",4:00 PM,6:30 PM,STJ 2017
HIST 223,001,Friday,"April 11, 2014",9:00 AM,11:00 AM,"HH 1101,1102"
HIST 226,001,Tuesday,"April 15, 2014",7:30 PM,10:00 PM,HH 1101
HIST 262,001,Wednesday,"April 23, 2014",9:00 AM,11:30 AM,HH 1102
HIST 268,001,Tuesday,"April 15, 2014",12:30 PM,3:00 PM,HH 1101
HIST 278,001,Saturday,"April 12, 2014",7:30 PM,10:00 PM,RCH 207
HIST 291,002,Tuesday,"April 22, 2014",12:30 PM,3:00 PM,STJ 2009
HIST 318,001,Tuesday,"April 8, 2014",9:00 AM,11:30 AM,STJ 3015
HIST 348,001,Tuesday,"April 8, 2014",7:30 PM,9:30 PM,CGC 1300
HIST 350,001,Wednesday,"April 9, 2014",4:00 PM,6:30 PM,STJ 3015
HIST 380,001,Thursday,"April 10, 2014",12:30 PM,3:00 PM,STJ 2009
HLTH 102,"001,002",Friday,"April 11, 2014",9:00 AM,11:30 AM,"DC 1350,1351"
HLTH 210,001,Thursday,"April 10, 2014",7:30 PM,9:00 PM,"MC 4059,4061"
HLTH 253,001,Tuesday,"April 22, 2014",9:00 AM,11:30 AM,EV3 1408
HLTH 330,001,Tuesday,"April 15, 2014",9:00 AM,11:30 AM,DC 1350
HLTH 352,001,Monday,"April 14, 2014",4:00 PM,6:00 PM,M3 1006
HLTH 420,001,Monday,"April 14, 2014",12:30 PM,3:00 PM,"PAC 9,10"
HRM 301,001,Saturday,"April 12, 2014",12:30 PM,2:30 PM,"MC 2034,2035"
HRM 307,001,Tuesday,"April 8, 2014",7:30 PM,9:30 PM,RCH 112
HUMSC 101,001,Exam removed from the schedule. Contact instructor for further information,,,,
HUMSC 301,001,Tuesday,"April 8, 2014",9:00 AM,11:30 AM,STJ 3012
INDEV 101,001,Tuesday,"April 15, 2014",4:00 PM,6:30 PM,PAC 8
INTEG 275,001,Thursday,"April 10, 2014",7:30 PM,10:00 PM,PAC 9
JAPAN 101R,"001,002",Tuesday,"April 15, 2014",7:30 PM,9:30 PM,STJ 1036
JAPAN 102R,001,Thursday,"April 24, 2014",9:00 AM,11:00 AM,REN 2106
JAPAN 201R,001,Monday,"April 14, 2014",9:00 AM,11:30 AM,REN 2107
JAPAN 202R,001,Saturday,"April 12, 2014",4:00 PM,6:30 PM,REN 2107
JAPAN 301R,001,Wednesday,"April 23, 2014",12:30 PM,3:00 PM,REN 2102
KIN 100,001,Tuesday,"April 8, 2014",7:30 PM,10:00 PM,"PAC 1,2,3"
KIN 100L,001 to 010,Tuesday,"April 8, 2014",12:30 PM,3:00 PM,M3 1006
KIN 101,001 to 014,Thursday,"April 10, 2014",12:30 PM,3:00 PM,"DC 1350,1351"
KIN 205,001,Thursday,"April 17, 2014",9:00 AM,11:30 AM,PAC 4
KIN 210,001,Thursday,"April 10, 2014",7:30 PM,9:00 PM,"MC 4059,4061"
KIN 222,001,Tuesday,"April 15, 2014",12:30 PM,3:00 PM,M3 1006
KIN 307,001,Monday,"April 14, 2014",7:30 PM,10:00 PM,MC 4040
KIN 352,001,Monday,"April 14, 2014",4:00 PM,6:00 PM,M3 1006
KIN 356,001,Monday,"April 14, 2014",9:00 AM,11:00 AM,"RCH 103,105"
KIN 403,001,Wednesday,"April 23, 2014",12:30 PM,2:30 PM,MC 1085
KIN 420,001,Friday,"April 11, 2014",9:00 AM,11:30 AM,RCH 112
KIN 422,001,Tuesday,"April 22, 2014",12:30 PM,3:00 PM,PAC 6
KIN 427,001,Tuesday,"April 8, 2014",9:00 AM,10:30 AM,M3 1006
KIN 471,001,Thursday,"April 10, 2014",9:00 AM,11:30 AM,PAC 12
KOREA 101R,001,Thursday,"April 24, 2014",7:30 PM,10:00 PM,REN 2106
LAT 102,"001,002",Monday,"April 21, 2014",7:30 PM,9:30 PM,PAC 10
LAT 202,001,Monday,"April 14, 2014",12:30 PM,2:30 PM,RCH 206
LS 101,081 On Line,See https://uwaterloo.ca/quest/help/students/how-do-i/online-exam-schedule,,,,
LS 102,001,Wednesday,"April 9, 2014",7:30 PM,10:00 PM,STJ 1036
LS 102,002,Tuesday,"April 22, 2014",9:00 AM,11:30 AM,STJ 1036
LS 201,001,Monday,"April 14, 2014",9:00 AM,11:30 AM,HH 1101
LS 280,001,Tuesday,"April 15, 2014",9:00 AM,11:30 AM,CPH 1346
LS 321,001,Thursday,"April 24, 2014",4:00 PM,6:30 PM,HH 1101
LS 403,001,Tuesday,"April 15, 2014",7:30 PM,10:00 PM,PAS 1229
LS 403,002,Monday,"April 14, 2014",7:30 PM,10:00 PM,PAS 1229
MATBUS 470,001,Monday,"April 14, 2014",12:30 PM,3:00 PM,RCH 301
MATBUS 471,001,Thursday,"April 24, 2014",4:00 PM,6:30 PM,"PAC 9,10"
MATBUS 472,001,Thursday,"April 17, 2014",4:00 PM,6:30 PM,PAC 3
MATH 103,081 On Line,See https://uwaterloo.ca/quest/help/students/how-do-i/online-exam-schedule,,,,
MATH 104,001,Monday,"April 14, 2014",12:30 PM,3:00 PM,RCH 211
MATH 104,081 On Line,See https://uwaterloo.ca/quest/help/students/how-do-i/online-exam-schedule,,,,
MATH 106,001,Wednesday,"April 23, 2014",7:30 PM,10:00 PM,DC 1350
MATH 106,081 On Line,See https://uwaterloo.ca/quest/help/students/how-do-i/online-exam-schedule,,,,
MATH 118,001 to 004,Monday,"April 14, 2014",12:30 PM,3:00 PM,"PAC 6,7,8,11,12"
MATH 119,001 to 003,Monday,"April 14, 2014",4:00 PM,6:30 PM,"PAC 4,5,6,7"
MATH 127,001 to 004,Friday,"April 11, 2014",7:30 PM,10:00 PM,"PAC 4,5,6,7"
MATH 127,081 On Line,See https://uwaterloo.ca/quest/help/students/how-do-i/online-exam-schedule,,,,
MATH 128,001 to 006,Wednesday,"April 16, 2014",9:00 AM,11:30 AM,"PAC 1,2,3,4,5,6,9,10"
MATH 128,081 On Line,See https://uwaterloo.ca/quest/help/students/how-do-i/online-exam-schedule,,,,
MATH 135,001 to 007,Tuesday,"April 15, 2014",12:30 PM,3:00 PM,"PAC 1,2,3,4,5,6,9"
MATH 136,"001 to 006,008",Tuesday,"April 15, 2014",9:00 AM,11:30 AM,"PAC 1,2,3,4,5,6,7,8,9,10,11,12"
MATH 136,007,Tuesday,"April 15, 2014",9:00 AM,11:30 AM,MC 1085
MATH 136,081 On Line,See https://uwaterloo.ca/quest/help/students/how-do-i/online-exam-schedule,,,,
MATH 137,001 to 003,Thursday,"April 10, 2014",12:30 PM,3:00 PM,"PAC 4,5,6"
MATH 138,"001,003 to 006
008,009",Thursday,"April 10, 2014",4:00 PM,6:30 PM,"PAC 1,2,3,4,5,6,7,8,9,10,11,12"
MATH 138,002,Thursday,"April 10, 2014",4:00 PM,6:30 PM,"MC 4058,4059,4060,4061"
MATH 138,007,Thursday,"April 10, 2014",4:00 PM,6:30 PM,MC 4045
MATH 146,001,Wednesday,"April 16, 2014",9:00 AM,11:30 AM,RCH 301
MATH 148,001,Wednesday,"April 23, 2014",4:00 PM,6:30 PM,PAC 6
MATH 207,001,Thursday,"April 24, 2014",9:00 AM,11:30 AM,MC 4064
MATH 215,"001,002",Monday,"April 21, 2014",12:30 PM,3:00 PM,"PAC 3,8"
MATH 217,001,Monday,"April 14, 2014",9:00 AM,11:30 AM,"PAC 9,10"
MATH 225,081 On Line,See https://uwaterloo.ca/quest/help/students/how-do-i/online-exam-schedule,,,,
MATH 228,001,Thursday,"April 24, 2014",4:00 PM,6:30 PM,PAC 11
MATH 235,"001,002",Friday,"April 11, 2014",7:30 PM,10:00 PM,"PAC 1,2"
MATH 237,"001,002",Tuesday,"April 15, 2014",9:00 AM,11:30 AM,"RCH 301,302,307"
MATH 239,001 to 003,Wednesday,"April 9, 2014",7:30 PM,10:00 PM,"DC 1350,1351"
MATH 247,001,Monday,"April 21, 2014",9:00 AM,11:30 AM,MC 4064
MATH 249,001,Wednesday,"April 9, 2014",12:30 PM,3:00 PM,MC 4042
ME 115,001,Monday,"April 21, 2014",12:30 PM,3:00 PM,"PAC 11,12"
ME 201,001,Wednesday,"April 9, 2014",9:00 AM,11:30 AM,"E5 3101,3102"
ME 202,001,Wednesday,"April 16, 2014",9:00 AM,11:30 AM,"E5 3101,3102"
ME 219,001,Monday,"April 14, 2014",9:00 AM,11:30 AM,"E5 3101,3102"
ME 230,001,Monday,"April 21, 2014",9:00 AM,11:30 AM,"E5 3101,3102"
ME 269,001,Friday,"April 11, 2014",9:00 AM,11:30 AM,"E5 3101,3102"
ME 303,001,Wednesday,"April 9, 2014",12:30 PM,3:00 PM,"E5 3101,3102"
ME 321,001,Monday,"April 21, 2014",12:30 PM,3:00 PM,"DWE 1501,2402"
ME 322,001,Thursday,"April 17, 2014",12:30 PM,3:00 PM,"DWE 2402,2527"
ME 340,001,Monday,"April 14, 2014",12:30 PM,3:00 PM,"E5 3101,3102"
ME 351,001,Wednesday,"April 16, 2014",4:00 PM,6:30 PM,"E5 3101,3102"
ME 351,002,Tuesday,"April 8, 2014",9:00 AM,11:30 AM,"DWE 2527,3516,3522"
ME 353,001,Monday,"April 14, 2014",9:00 AM,11:30 AM,"DWE 2402,2527"
ME 354,001,Friday,"April 11, 2014",12:30 PM,3:00 PM,"E5 3101,3102"
ME 360,001,Thursday,"April 10, 2014",12:30 PM,3:00 PM,"E5 3101,3102"
ME 362,001,Tuesday,"April 8, 2014",12:30 PM,3:00 PM,"E5 3101,3102"
ME 452,001,Monday,"April 14, 2014",12:30 PM,3:00 PM,CPH 3679
ME 524,001,Saturday,"April 12, 2014",9:00 AM,11:30 AM,CPH 3679
ME 526,001,Thursday,"April 24, 2014",12:30 PM,3:00 PM,"E5 3101,3102"
ME 535,001,Wednesday,"April 23, 2014",4:00 PM,6:30 PM,CPH 3679
ME 538,001,Tuesday,"April 15, 2014",4:00 PM,6:30 PM,CPH 3679
ME 547,001,Thursday,"April 17, 2014",9:00 AM,11:30 AM,DWE 2402
ME 555,001,Wednesday,"April 16, 2014",4:00 PM,6:30 PM,CPH 3679
ME 557,001,Monday,"April 21, 2014",9:00 AM,11:30 AM,CPH 3679
ME 563,001,Monday,"April 14, 2014",7:30 PM,10:00 PM,CPH 3679
ME 564,001,Tuesday,"April 22, 2014",9:00 AM,11:30 AM,"E5 3101,3102"
ME 567,001,Tuesday,"April 8, 2014",12:30 PM,3:00 PM,CPH 3679
ME 571,001,Thursday,"April 10, 2014",4:00 PM,6:30 PM,DWE 2402
ME 596,001,Friday,"April 11, 2014",12:30 PM,3:00 PM,CPH 3679
ME 598,001,Tuesday,"April 15, 2014",7:30 PM,10:00 PM,"E5 3101,3102"
ME 599,001,Wednesday,"April 9, 2014",7:30 PM,10:00 PM,DWE 2402
ME 760,002,Wednesday,"April 9, 2014",7:30 PM,10:00 PM,DWE 2402
ME 765,001,Tuesday,"April 8, 2014",12:30 PM,3:00 PM,CPH 3679
MNS 102,001,Tuesday,"April 15, 2014",12:30 PM,3:00 PM,RCH 207
MSCI 121,001,Thursday,"April 10, 2014",12:30 PM,3:00 PM,"RCH 103,105"
MSCI 131,001,Monday,"April 21, 2014",12:30 PM,3:00 PM,"RCH 103,105"
MSCI 211,081 On Line,See https://uwaterloo.ca/quest/help/students/how-do-i/online-exam-schedule,,,,
MSCI 261,"002,003",Wednesday,"April 16, 2014",9:00 AM,11:30 AM,"DC 1350,1351"
MSCI 311,001,Wednesday,"April 9, 2014",4:00 PM,6:30 PM,DC 1351
MSCI 331,001,Wednesday,"April 23, 2014",7:30 PM,10:00 PM,E2 1303A
MSCI 334,001,Tuesday,"April 8, 2014",12:30 PM,3:00 PM,RCH 112
MSCI 431,"001,002",Monday,"April 14, 2014",7:30 PM,10:00 PM,"PAC 9,10"
MSCI 432,001,Thursday,"April 17, 2014",12:30 PM,3:00 PM,MC 4061
MSCI 435,001,Saturday,"April 12, 2014",4:00 PM,6:30 PM,E2 1303A
MSCI 436,001,Thursday,"April 10, 2014",12:30 PM,3:00 PM,RCH 302
MSCI 541,001,Tuesday,"April 22, 2014",9:00 AM,11:30 AM,CPH 4333
MSCI 555,001,Wednesday,"April 16, 2014",4:00 PM,6:30 PM,E2 1303A
MSCI 631,001,Monday,"April 14, 2014",7:30 PM,10:00 PM,"PAC 9,10"
MSCI 700,002,Wednesday,"April 16, 2014",4:00 PM,6:30 PM,E2 1303A
MSCI 703,001,Saturday,"April 12, 2014",4:00 PM,6:30 PM,E2 1303A
MSCI 720,001,Tuesday,"April 22, 2014",9:00 AM,11:30 AM,CPH 4333
MTE 201,001,Saturday,"April 12, 2014",12:30 PM,3:00 PM,"DWE 1501,2402"
MTE 202,001,Tuesday,"April 8, 2014",9:00 AM,11:30 AM,"DWE 1501,2402"
MTE 219,001,Thursday,"April 10, 2014",12:30 PM,3:00 PM,"DWE 1501,2402"
MTE 262,001,Tuesday,"April 15, 2014",12:30 PM,3:00 PM,"RCH 301,307"
MTE 322,001,Thursday,"April 10, 2014",9:00 AM,11:30 AM,DC 1350
MTE 360,001,Monday,"April 14, 2014",9:00 AM,11:30 AM,"DWE 1501,3522,3522A"
MTHEL 131,001,Saturday,"April 12, 2014",9:00 AM,11:00 AM,"DC 1350,1351"
MUSIC 100,001,Monday,"April 21, 2014",7:30 PM,10:00 PM,"CGC 1111,1208"
MUSIC 100,002,Exam removed from the schedule. Contact instructor for further information,,,,
MUSIC 240,001,Thursday,"April 24, 2014",7:30 PM,10:00 PM,CGC 1111
MUSIC 246,001,Thursday,"April 17, 2014",12:30 PM,3:00 PM,"CGC 1111,1208"
MUSIC 253,001,Thursday,"April 10, 2014",12:30 PM,2:30 PM,CGC 1302
MUSIC 255,001,Tuesday,"April 15, 2014",4:00 PM,6:30 PM,CGC 1111
MUSIC 260,001,Thursday,"April 24, 2014",9:00 AM,11:30 AM,CGC 1111
MUSIC 361,001,Tuesday,"April 8, 2014",9:00 AM,11:30 AM,CGC 1302
MUSIC 371,001,Wednesday,"April 9, 2014",9:00 AM,11:30 AM,CGC 1302
NE 115,001,Wednesday,"April 23, 2014",12:30 PM,3:00 PM,PAC 1
NE 122,001,Tuesday,"April 8, 2014",12:30 PM,3:00 PM,PAC 7
NE 125,001,Thursday,"April 10, 2014",12:30 PM,3:00 PM,"PAC 11,12"
NE 131,001,Wednesday,"April 16, 2014",9:00 AM,11:30 AM,"PAC 11,12"
NE 452,001,Monday,"April 21, 2014",12:30 PM,3:00 PM,MC 4064
NE 469,001,Thursday,"April 24, 2014",4:00 PM,6:30 PM,PAC 12
NE 469,002,Tuesday,"April 22, 2014",4:00 PM,6:30 PM,MC 4064
NE 479,001,Tuesday,"April 8, 2014",9:00 AM,11:30 AM,RCH 301
NE 479,002,Friday,"April 11, 2014",9:00 AM,11:30 AM,RCH 206
NE 489,001,Monday,"April 14, 2014",12:30 PM,3:00 PM,RCH 308
NE 489,002,Tuesday,"April 15, 2014",4:00 PM,6:30 PM,PAC 10
NE 499,001,Thursday,"April 10, 2014",12:30 PM,3:00 PM,RCH 206
NE 499,002,Wednesday,"April 16, 2014",12:30 PM,3:00 PM,MC 4064
NE 499,003,Exam removed from the schedule. Contact instructor for further information,,,,
OPTOM 103,001,Thursday,"April 17, 2014",12:30 PM,2:00 PM,REV 200
OPTOM 114,001,Tuesday,"April 8, 2014",12:30 PM,3:00 PM,REV 200
OPTOM 126,001,Tuesday,"April 15, 2014",12:30 PM,2:30 PM,REV 200
OPTOM 134,001,Wednesday,"April 23, 2014",12:30 PM,2:00 PM,REV 200
OPTOM 143,001,Saturday,"April 12, 2014",12:30 PM,2:30 PM,REV 200
OPTOM 152,001,Thursday,"April 10, 2014",12:30 PM,2:30 PM,REV 200
OPTOM 219,001,Monday,"April 21, 2014",9:00 AM,11:00 AM,REV 200
OPTOM 246,001,Thursday,"April 17, 2014",9:00 AM,11:00 AM,REV 200
OPTOM 250,001,Monday,"April 14, 2014",12:30 PM,2:00 PM,REV 200
OPTOM 255,001,Tuesday,"April 8, 2014",9:00 AM,11:30 AM,REV 200
OPTOM 261,001,Thursday,"April 10, 2014",9:00 AM,11:30 AM,REV 200
OPTOM 262,001,Tuesday,"April 15, 2014",9:00 AM,10:00 AM,REV 200
OPTOM 270,001,Wednesday,"April 23, 2014",9:00 AM,10:30 AM,REV 200
OPTOM 272,001,Saturday,"April 12, 2014",9:00 AM,11:00 AM,REV 200
OPTOM 339,001,Monday,"April 21, 2014",12:30 PM,2:30 PM,REV 200
OPTOM 342B,001,Tuesday,"April 15, 2014",4:00 PM,6:30 PM,REV 200
OPTOM 365,001,Thursday,"April 10, 2014",4:00 PM,6:30 PM,REV 200
OPTOM 367,001,Tuesday,"April 8, 2014",4:00 PM,6:30 PM,REV 200
OPTOM 377,001,Saturday,"April 12, 2014",4:00 PM,6:30 PM,REV 200
PACS 201,081 On Line,See https://uwaterloo.ca/quest/help/students/how-do-i/online-exam-schedule,,,,
PACS 202,001,Thursday,"April 17, 2014",12:30 PM,3:00 PM,"RCH 301,302"
PACS 320,001,Tuesday,"April 22, 2014",9:00 AM,11:30 AM,CGC 1111
PHIL 110A,002,Saturday,"April 12, 2014",12:30 PM,3:00 PM,RCH 306
PHIL 110B,002,Thursday,"April 24, 2014",4:00 PM,6:30 PM,"AL 105,124"
PHIL 110B,081 On Line,See https://uwaterloo.ca/quest/help/students/how-do-i/online-exam-schedule,,,,
PHIL 145,001,Monday,"April 21, 2014",4:00 PM,6:30 PM,DC 1350
PHIL 145,081 On Line,See https://uwaterloo.ca/quest/help/students/how-do-i/online-exam-schedule,,,,
PHIL 209,001,Monday,"April 14, 2014",7:30 PM,10:00 PM,STJ 3012
PHIL 215,001,Wednesday,"April 16, 2014",12:30 PM,3:00 PM,"RCH 103,105,106"
PHIL 215,002,Wednesday,"April 16, 2014",12:30 PM,3:00 PM,STJ 2017
PHIL 215,003,Wednesday,"April 16, 2014",12:30 PM,3:00 PM,"RCH 109,110,112"
PHIL 215,004,Wednesday,"April 16, 2014",12:30 PM,3:00 PM,"RCH 307,308,309"
PHIL 215,005,Wednesday,"April 16, 2014",12:30 PM,3:00 PM,"RCH 301,302"
PHIL 216,001,Wednesday,"April 23, 2014",9:00 AM,11:30 AM,AL 105
PHIL 221,081 On Line,See https://uwaterloo.ca/quest/help/students/how-do-i/online-exam-schedule,,,,
PHIL 224,001,Tuesday,"April 22, 2014",12:30 PM,3:00 PM,AL 208
PHIL 250A,081 On Line,See https://uwaterloo.ca/quest/help/students/how-do-i/online-exam-schedule,,,,
PHIL 250B,001,Thursday,"April 24, 2014",12:30 PM,3:00 PM,AL 105
PHIL 256,081 On Line,See https://uwaterloo.ca/quest/help/students/how-do-i/online-exam-schedule,,,,
PHIL 265,081 On Line,See https://uwaterloo.ca/quest/help/students/how-do-i/online-exam-schedule,,,,
PHIL 380,081 On Line,See https://uwaterloo.ca/quest/help/students/how-do-i/online-exam-schedule,,,,
PHIL 404,001,Monday,"April 14, 2014",9:00 AM,11:30 AM,STJ 3015
PHYS 111,"001,002",Tuesday,"April 22, 2014",12:30 PM,3:00 PM,"PAC 1,2,3,4,5"
PHYS 112,001 to 003,Tuesday,"April 22, 2014",9:00 AM,11:30 AM,"PAC 1,2,3,4,5,6"
PHYS 112L,001 to 023,Tuesday,"April 22, 2014",7:30 PM,8:30 PM,"PAC 1,2,3,4,5"
PHYS 121,081 On Line,See https://uwaterloo.ca/quest/help/students/how-do-i/online-exam-schedule,,,,
PHYS 122,"001,002",Tuesday,"April 22, 2014",9:00 AM,11:30 AM,"PAC 7,8,11,12"
PHYS 122L,001 to 007,Tuesday,"April 22, 2014",7:30 PM,8:30 PM,PAC 8
PHYS 124,001,Thursday,"April 24, 2014",12:30 PM,3:00 PM,"PAC 1,2"
PHYS 125,"001,002",Tuesday,"April 8, 2014",9:00 AM,11:30 AM,"PAC 1,2"
PHYS 132L,001 to 006,Tuesday,"April 22, 2014",7:30 PM,8:30 PM,"PAC 6,7"
PHYS 175,001,Tuesday,"April 8, 2014",9:00 AM,11:30 AM,"PAC 9,10"
PHYS 233,001,Friday,"April 11, 2014",4:00 PM,6:30 PM,RCH 204
PHYS 234,001,Wednesday,"April 23, 2014",4:00 PM,6:30 PM,"PAC 9,10"
PHYS 239,001,Wednesday,"April 9, 2014",12:30 PM,3:00 PM,PHY 313
PHYS 242,001,Tuesday,"April 8, 2014",12:30 PM,3:00 PM,RCH 307
PHYS 256,001,Monday,"April 14, 2014",9:00 AM,11:30 AM,PHY 235
PHYS 263,001,Saturday,"April 12, 2014",7:30 PM,10:00 PM,MC 4061
PHYS 270,001,Monday,"April 21, 2014",12:30 PM,3:00 PM,PHY 308
PHYS 280,001,Thursday,"April 17, 2014",7:30 PM,10:00 PM,MC 2038
PHYS 335,001,Thursday,"April 24, 2014",7:30 PM,10:00 PM,PAC 4
PHYS 342,001,Friday,"April 11, 2014",12:30 PM,3:00 PM,RCH 301
PHYS 359,001,Thursday,"April 17, 2014",7:30 PM,10:00 PM,"MC 2034,2035"
PHYS 365,001,Saturday,"April 12, 2014",4:00 PM,6:30 PM,RCH 306
PHYS 375,001,Tuesday,"April 22, 2014",4:00 PM,6:30 PM,PAC 8
PHYS 391,001,Monday,"April 14, 2014",12:30 PM,3:00 PM,PHY 313
PHYS 393,001,Thursday,"April 10, 2014",12:30 PM,3:00 PM,PHY 308
PHYS 395,001,Tuesday,"April 15, 2014",12:30 PM,3:00 PM,PHY 313
PHYS 435,001,Wednesday,"April 23, 2014",9:00 AM,11:30 AM,PHY 308
PHYS 441B,001,Tuesday,"April 8, 2014",4:00 PM,6:30 PM,RCH 112
PHYS 444,001,Monday,"April 21, 2014",7:30 PM,10:00 PM,PAC 2
PHYS 476,001,Wednesday,"April 16, 2014",4:00 PM,6:30 PM,PAC 11
PLAN 203,001,Monday,"April 21, 2014",9:00 AM,11:30 AM,HH 1101
PLAN 261,001,Monday,"April 14, 2014",9:00 AM,11:30 AM,"AL 208,211"
PLAN 281,001,Thursday,"April 10, 2014",4:00 PM,6:30 PM,"DC 1350,1351"
PLAN 341,001,Wednesday,"April 9, 2014",12:30 PM,3:00 PM,"PAC 2,3"
PLAN 353,001,Tuesday,"April 15, 2014",4:00 PM,6:30 PM,PAC 9
PLAN 432,001,Monday,"April 14, 2014",12:30 PM,3:00 PM,"PAC 9,10"
PLAN 471,001,Wednesday,"April 9, 2014",7:30 PM,10:00 PM,"RCH 307,308"
PLAN 478,001,Friday,"April 11, 2014",4:00 PM,6:30 PM,CPH 3607
PLAN 630,001,Wednesday,"April 9, 2014",7:30 PM,10:00 PM,"RCH 307,308"
PLAN 639,001,Monday,"April 14, 2014",12:30 PM,3:00 PM,"PAC 9,10"
PMATH 331,001,Thursday,"April 24, 2014",12:30 PM,3:00 PM,PAC 3
PMATH 332,001,Tuesday,"April 22, 2014",4:00 PM,6:30 PM,PAC 3
PMATH 336,001,Thursday,"April 10, 2014",12:30 PM,3:00 PM,RCH 309
PMATH 340,001,Tuesday,"April 15, 2014",12:30 PM,3:00 PM,RCH 105
PMATH 348,001,Wednesday,"April 16, 2014",9:00 AM,11:30 AM,RCH 309
PMATH 352,001,Friday,"April 11, 2014",7:30 PM,10:00 PM,"PAC 9,10"
PMATH 365,001,Tuesday,"April 15, 2014",9:00 AM,11:30 AM,RCH 305
PMATH 370,001,Wednesday,"April 9, 2014",7:30 PM,10:00 PM,RCH 211
PMATH 432,001,Tuesday,"April 22, 2014",4:00 PM,6:30 PM,PAC 12
PMATH 446,001,Wednesday,"April 9, 2014",9:00 AM,11:30 AM,RCH 204
PMATH 450,001,Thursday,"April 10, 2014",12:30 PM,3:00 PM,RCH 305
PMATH 464,001,Tuesday,"April 22, 2014",9:00 AM,11:30 AM,MC 5136B
PMATH 467,001,Thursday,"April 17, 2014",4:00 PM,6:30 PM,PAC 10
PMATH 632,001,Tuesday,"April 22, 2014",4:00 PM,6:30 PM,PAC 12
PMATH 646,001,Wednesday,"April 9, 2014",9:00 AM,11:30 AM,RCH 204
PMATH 650,001,Thursday,"April 10, 2014",12:30 PM,3:00 PM,RCH 305
PORT 102,001,Tuesday,"April 15, 2014",9:00 AM,11:00 AM,RCH 205
PSCI 150,001,Friday,"April 11, 2014",7:30 PM,9:30 PM,"DC 1350,1351"
PSCI 226,001,Wednesday,"April 23, 2014",9:00 AM,11:30 AM,"PAC 9,10"
PSCI 244,001,Thursday,"April 17, 2014",9:00 AM,11:00 AM,"MC 2017,2054"
PSCI 260,001,Thursday,"April 10, 2014",4:00 PM,6:30 PM,"RCH 103,105"
PSCI 283,001,Thursday,"April 24, 2014",4:00 PM,6:30 PM,PAC 3
PSCI 300,001,Wednesday,"April 9, 2014",7:30 PM,10:00 PM,RCH 309
PSCI 432,001,Tuesday,"April 8, 2014",4:00 PM,6:30 PM,RCH 105
PSYCH 101,001,Thursday,"April 17, 2014",7:30 PM,9:30 PM,"PAC 1,2,3,4,5,6,7"
PSYCH 101,081 On Line,See https://uwaterloo.ca/quest/help/students/how-do-i/online-exam-schedule,,,,
PSYCH 207,081 On Line,See https://uwaterloo.ca/quest/help/students/how-do-i/online-exam-schedule,,,,
PSYCH 253,001,Thursday,"April 10, 2014",12:30 PM,3:00 PM,"PAC 1,2,3"
PSYCH 256,081 On Line,See https://uwaterloo.ca/quest/help/students/how-do-i/online-exam-schedule,,,,
PSYCH 257,001,Tuesday,"April 15, 2014",4:00 PM,5:30 PM,"DC 1350,1351,MC 1085"
PSYCH 292,001,Wednesday,"April 9, 2014",4:00 PM,6:30 PM,"PAC 1,2"
PSYCH 312,081 On Line,See https://uwaterloo.ca/quest/help/students/how-do-i/online-exam-schedule,,,,
PSYCH 317,001,Friday,"April 11, 2014",7:30 PM,10:00 PM,PAC 8
PSYCH 318,001,Monday,"April 14, 2014",7:30 PM,10:00 PM,STJ 2017
PSYCH 322R,001,Thursday,"April 17, 2014",12:30 PM,2:30 PM,REN 2106
PSYCH 323R,001,Tuesday,"April 8, 2014",7:30 PM,10:00 PM,REN 2106
PSYCH 334R,001,Wednesday,"April 9, 2014",7:30 PM,10:00 PM,REN 2106
PSYCH 340,001,Thursday,"April 17, 2014",7:30 PM,9:30 PM,PAC 8
PSYCH 356,001,Wednesday,"April 16, 2014",9:00 AM,11:00 AM,"RCH 103,105"
PSYCH 372,001,Thursday,"April 10, 2014",9:00 AM,11:00 AM,"RCH 307,308"
REC 306,001,Tuesday,"April 8, 2014",12:30 PM,3:00 PM,EV1 132
REC 362,001,Monday,"April 14, 2014",4:00 PM,6:00 PM,M3 1006
REC 383,001,Thursday,"April 10, 2014",12:30 PM,3:00 PM,"PAC 9,10"
REES 180,001,Monday,"April 21, 2014",9:00 AM,11:30 AM,EV3 1408
REES 274,001,Monday,"April 14, 2014",9:00 AM,11:30 AM,ML 212
RS 100,081 On Line,See https://uwaterloo.ca/quest/help/students/how-do-i/online-exam-schedule,,,,
RS 110,081 On Line,See https://uwaterloo.ca/quest/help/students/how-do-i/online-exam-schedule,,,,
RS 170,081 On Line,See https://uwaterloo.ca/quest/help/students/how-do-i/online-exam-schedule,,,,
RS 203,001,Monday,"April 21, 2014",9:00 AM,11:30 AM,PAS 1241
RS 235,001,Monday,"April 21, 2014",12:30 PM,3:00 PM,CGC 1302
RS 254,001,Exam removed from the schedule. Contact instructor for further information,,,,
RS 256,001,Tuesday,"April 22, 2014",9:00 AM,11:30 AM,CGC 1111
RS 258,001,Tuesday,"April 8, 2014",9:00 AM,11:30 AM,CGC 1300
RS 262,001,Tuesday,"April 22, 2014",7:30 PM,10:00 PM,PAS 1229
RS 275,001,Tuesday,"April 8, 2014",9:00 AM,11:30 AM,REN 2106
RS 315,001,Tuesday,"April 8, 2014",4:00 PM,6:00 PM,AL 208
RS 344,001,Tuesday,"April 8, 2014",7:30 PM,9:30 PM,CGC 1300
RUSS 101,001,Thursday,"April 24, 2014",12:30 PM,3:00 PM,ML 246
RUSS 102,001,Tuesday,"April 8, 2014",12:30 PM,3:00 PM,ML 246
RUSS 202,001,Tuesday,"April 8, 2014",9:00 AM,11:30 AM,ML 246
RUSS 302,001,Tuesday,"April 8, 2014",9:00 AM,11:30 AM,ML 246
SCI 200,001,Friday,"April 11, 2014",7:30 PM,10:00 PM,PAC 3
SCI 201,001,Saturday,"April 12, 2014",12:30 PM,3:00 PM,"PAC 2,3"
SCI 227,001,Wednesday,"April 23, 2014",9:00 AM,11:30 AM,MC 1085
SCI 238,001,Tuesday,"April 15, 2014",4:00 PM,6:30 PM,"PAC 4,5"
SCI 250,001,Thursday,"April 24, 2014",7:30 PM,10:00 PM,"PAC 1,2"
SDS 131R,001 to 003,Wednesday,"April 9, 2014",12:30 PM,3:00 PM,PAC 1
SDS 131R,081 On Line,See https://uwaterloo.ca/quest/help/students/how-do-i/online-exam-schedule,,,,
SDS 150R,001,Monday,"April 14, 2014",12:30 PM,3:00 PM,STJ 1036
SDS 150R,"002,003",Monday,"April 14, 2014",12:30 PM,3:00 PM,STJ 1036
SDS 150R,081 On Line,See https://uwaterloo.ca/quest/help/students/how-do-i/online-exam-schedule,,,,
SDS 220R,001,Monday,"April 14, 2014",7:30 PM,10:00 PM,"REN 2102,2107"
SDS 250R,081 On Line,See https://uwaterloo.ca/quest/help/students/how-do-i/online-exam-schedule,,,,
SDS 350R,081 On Line,See https://uwaterloo.ca/quest/help/students/how-do-i/online-exam-schedule,,,,
SE 350,001,Tuesday,"April 8, 2014",9:00 AM,11:30 AM,"RCH 302,305"
SE 380,001,Wednesday,"April 23, 2014",9:00 AM,11:30 AM,"PAC 11,12"
SE 465,001,Thursday,"April 10, 2014",12:30 PM,3:00 PM,"PAC 7,8"
SMF 204,001,Monday,"April 21, 2014",12:30 PM,3:00 PM,STJ 1036
SMF 318,001,Tuesday,"April 8, 2014",9:00 AM,11:30 AM,STJ 3015
SOC 101,001,Wednesday,"April 16, 2014",7:30 PM,10:00 PM,"PAC 1,2,3,4,5"
SOC 101,081 On Line,See https://uwaterloo.ca/quest/help/students/how-do-i/online-exam-schedule,,,,
SOC 102,001,Tuesday,"April 15, 2014",9:00 AM,11:30 AM,DC 1351
SOC 202,001,Thursday,"April 17, 2014",7:30 PM,10:00 PM,AL 208
SOC 222,001,Wednesday,"April 9, 2014",9:00 AM,11:30 AM,HH 1101
SOC 224R,081 On Line,See https://uwaterloo.ca/quest/help/students/how-do-i/online-exam-schedule,,,,
SOC 227,001,Tuesday,"April 15, 2014",7:30 PM,10:00 PM,DC 1350
SOC 228,001,Tuesday,"April 8, 2014",7:30 PM,10:00 PM,"PAC 4,5"
SOC 229,081 On Line,See https://uwaterloo.ca/quest/help/students/how-do-i/online-exam-schedule,,,,
SOC 243,001,Tuesday,"April 8, 2014",12:30 PM,3:00 PM,"PAC 9,10"
SOC 253,001,Tuesday,"April 22, 2014",9:00 AM,11:30 AM,EV3 1408
SOC 260,001,Tuesday,"April 22, 2014",7:30 PM,10:00 PM,PAS 1229
SOC 280,001,Tuesday,"April 15, 2014",9:00 AM,11:30 AM,CPH 1346
SOC 302,001,Thursday,"April 17, 2014",12:30 PM,3:00 PM,STJ 2011
SOC 321,001,Thursday,"April 24, 2014",4:00 PM,6:30 PM,HH 1101
SOC 325,001,Monday,"April 21, 2014",12:30 PM,3:00 PM,DC 1350
SOC 326,001,Tuesday,"April 22, 2014",12:30 PM,3:00 PM,PAS 1229
SOC 340,001,Monday,"April 14, 2014",12:30 PM,3:00 PM,RCH 204
SOC 352,001,Monday,"April 14, 2014",4:00 PM,6:00 PM,M3 1006
SOC 370,081 On Line,See https://uwaterloo.ca/quest/help/students/how-do-i/online-exam-schedule,,,,
SOC 415,001,Tuesday,"April 8, 2014",4:00 PM,6:30 PM,PAS 1229
SOC 760,001,Tuesday,"April 8, 2014",4:00 PM,6:30 PM,PAS 1229
SOCWK 120R,001,Tuesday,"April 22, 2014",7:30 PM,10:00 PM,REN 2106
SOCWK 120R,081 On Line,See https://uwaterloo.ca/quest/help/students/how-do-i/online-exam-schedule,,,,
SOCWK 220R,001,Tuesday,"April 15, 2014",12:30 PM,3:00 PM,REN 2106
SOCWK 221R,001,Thursday,"April 10, 2014",12:30 PM,3:00 PM,REN 2106
SOCWK 221R,081 On Line,See https://uwaterloo.ca/quest/help/students/how-do-i/online-exam-schedule,,,,
SOCWK 222R,001,Exam removed from the schedule. Contact instructor for further information,,,,
SOCWK 222R,081 On Line,See https://uwaterloo.ca/quest/help/students/how-do-i/online-exam-schedule,,,,
SOCWK 300R,001,Monday,"April 14, 2014",9:00 AM,11:30 AM,REN 2106
SOCWK 300R,081 On Line,See https://uwaterloo.ca/quest/help/students/how-do-i/online-exam-schedule,,,,
SOCWK 320R,081 On Line,See https://uwaterloo.ca/quest/help/students/how-do-i/online-exam-schedule,,,,
SOCWK 357R,081 On Line,See https://uwaterloo.ca/quest/help/students/how-do-i/online-exam-schedule,,,,
SPAN 101,001 to 005,Thursday,"April 24, 2014",12:30 PM,2:30 PM,M3 1006
SPAN 102,"001,002",Monday,"April 14, 2014",9:00 AM,11:00 AM,RCH 302
SPAN 102,081 On Line,See https://uwaterloo.ca/quest/help/students/how-do-i/online-exam-schedule,,,,
SPAN 201A,001,Saturday,"April 12, 2014",9:00 AM,11:00 AM,MC 4042
SPAN 201B,"001,002",Tuesday,"April 22, 2014",9:00 AM,11:00 AM,MC 4041
SPCOM 430,001,Wednesday,"April 23, 2014",9:00 AM,11:30 AM,ML 349
STAT 202,"001,002",Monday,"April 21, 2014",4:00 PM,6:30 PM,"PAC 1,2,3"
STAT 211,"001,002",Tuesday,"April 22, 2014",4:00 PM,6:30 PM,"PAC 4,5,6,7"
STAT 220,001,Thursday,"April 10, 2014",7:30 PM,10:00 PM,PAC 10
STAT 221,001,Tuesday,"April 22, 2014",9:00 AM,11:30 AM,MC 4042
STAT 230,"001,002",Monday,"April 21, 2014",4:00 PM,6:30 PM,"PAC 4,5,6,7"
STAT 231,001 to 004,Wednesday,"April 16, 2014",4:00 PM,6:30 PM,"PAC 1,2,3,4,5"
STAT 241,001,Saturday,"April 12, 2014",7:30 PM,10:00 PM,MC 4060
STAT 316,001,Thursday,"April 17, 2014",7:30 PM,10:00 PM,DC 1351
STAT 321,001,Wednesday,"April 9, 2014",9:00 AM,11:30 AM,RCH 309
STAT 330,"001,002",Thursday,"April 10, 2014",4:00 PM,6:30 PM,"RCH 301,302"
STAT 331,001,Tuesday,"April 15, 2014",7:30 PM,10:00 PM,DC 1351
STAT 333,"001,002",Thursday,"April 17, 2014",12:30 PM,3:00 PM,M3 1006
STAT 340,"001,002",Monday,"April 21, 2014",9:00 AM,11:30 AM,"DC 1350,1351"
STAT 371,001,Wednesday,"April 16, 2014",12:30 PM,3:00 PM,"PAC 11,12"
STAT 372,001,Wednesday,"April 23, 2014",4:00 PM,6:30 PM,PAC 3
STAT 431,001,Wednesday,"April 23, 2014",7:30 PM,10:00 PM,DC 1351
STAT 435,001,Friday,"April 11, 2014",9:00 AM,11:30 AM,RCH 204
STAT 436,001,Monday,"April 14, 2014",9:00 AM,11:30 AM,RCH 204
STAT 437,001,Exam removed from the schedule. Contact instructor for further information,,,,
STAT 443,"001,002",Tuesday,"April 22, 2014",4:00 PM,6:30 PM,"PAC 1,2"
STAT 444,001,Monday,"April 14, 2014",12:30 PM,3:00 PM,RCH 307
STAT 450,001,Tuesday,"April 15, 2014",12:30 PM,3:00 PM,DC 1351
STAT 835,001,Friday,"April 11, 2014",9:00 AM,11:30 AM,RCH 204
STAT 836,001,Monday,"April 14, 2014",9:00 AM,11:30 AM,RCH 204
STAT 837,001,Exam removed from the schedule. Contact instructor for further information,,,,
STAT 844,001,Monday,"April 14, 2014",12:30 PM,3:00 PM,RCH 307
SWREN 120R,081 On Line,See https://uwaterloo.ca/quest/help/students/how-do-i/online-exam-schedule,,,,
SWREN 220R,001,Tuesday,"April 15, 2014",12:30 PM,3:00 PM,REN 2106
SWREN 221R,001,Thursday,"April 10, 2014",12:30 PM,3:00 PM,REN 2106
SWREN 221R,081 On Line,See https://uwaterloo.ca/quest/help/students/how-do-i/online-exam-schedule,,,,
SWREN 222R,081 On Line,See https://uwaterloo.ca/quest/help/students/how-do-i/online-exam-schedule,,,,
SWREN 224R,081 On Line,See https://uwaterloo.ca/quest/help/students/how-do-i/online-exam-schedule,,,,
SWREN 300R,001,Monday,"April 14, 2014",9:00 AM,11:30 AM,REN 2106
SWREN 300R,081 On Line,See https://uwaterloo.ca/quest/help/students/how-do-i/online-exam-schedule,,,,
SYDE 182,001,Thursday,"April 17, 2014",12:30 PM,3:00 PM,DC 1351
SYDE 211,001,Tuesday,"April 22, 2014",9:00 AM,11:30 AM,"E5 6006,6008"
SYDE 223,001,Tuesday,"April 8, 2014",9:00 AM,11:30 AM,"E5 6006,6008"
SYDE 261,001,Wednesday,"April 16, 2014",9:00 AM,11:30 AM,"E5 6006,6008"
SYDE 283,001,Friday,"April 11, 2014",12:30 PM,3:00 PM,"E5 6006,6008"
SYDE 285,001,Monday,"April 14, 2014",12:30 PM,3:00 PM,"E5 6006,6008"
SYDE 312,001,Tuesday,"April 8, 2014",12:30 PM,3:00 PM,"E5 6006,6008"
SYDE 322,001,Friday,"April 11, 2014",9:00 AM,11:30 AM,"E5 6006,6008"
SYDE 332,001,Tuesday,"April 15, 2014",9:00 AM,11:30 AM,"E5 6006,6008"
SYDE 334,001,Tuesday,"April 15, 2014",7:30 PM,10:00 PM,DC 1351
SYDE 352,001,Thursday,"April 10, 2014",9:00 AM,11:30 AM,"E5 6006,6008"
SYDE 372,001,Wednesday,"April 23, 2014",4:00 PM,6:30 PM,"E5 6006,6008"
SYDE 384,001,Wednesday,"April 23, 2014",9:00 AM,11:30 AM,"E5 6006,6008"
SYDE 544,001,Monday,"April 14, 2014",9:00 AM,11:30 AM,"E5 6006,6008"
TS 636,001,Tuesday,"April 22, 2014",9:00 AM,11:30 AM,CGC 1111
TS 642,001,Tuesday,"April 8, 2014",7:30 PM,9:30 PM,CGC 1300
WS 206,001,Monday,"April 14, 2014",9:00 AM,11:30 AM,HH 1101
WS 208E,001,Wednesday,"April 9, 2014",7:30 PM,10:00 PM,REN 2107
WS 262,001,Saturday,"April 12, 2014",7:30 PM,10:00 PM,MC 2038
WS 306,001,Tuesday,"April 8, 2014",12:30 PM,3:00 PM,EV1 132
WS 325,001,Tuesday,"April 8, 2014",9:00 AM,11:30 AM,STJ 2009
