Exam,Section(s),Day,Date,Start,End,Location,
ACTSC 221,001,Wednesday,"August 13, 2014",4:00 PM,6:30 PM,PAC 3,
ACTSC 231,001,Tuesday,"August 12, 2014",4:00 PM,6:30 PM,"PAC 1,2,3",
ACTSC 232,001,Saturday,"August 9, 2014",7:30 PM,10:00 PM,"PAC 1,2",
ACTSC 331,001,Monday,"August 11, 2014",7:30 PM,10:00 PM,PAC 1,
ACTSC 371,001,Friday,"August 8, 2014",7:30 PM,10:00 PM,"PAC 1,2",
ACTSC 372,001,Friday,"August 8, 2014",12:30 PM,3:00 PM,"PAC 1,2",
ACTSC 431,001,Thursday,"August 14, 2014",9:00 AM,11:30 AM,"PAC 1,2",
ACTSC 432,001,Tuesday,"August 12, 2014",4:00 PM,6:30 PM,PAC 4,
ACTSC 445,001,Wednesday,"August 6, 2014",12:30 PM,3:00 PM,"PAC 1,2",
ACTSC 831,001,Thursday,"August 14, 2014",9:00 AM,11:30 AM,"PAC 1,2",
ACTSC 832,001,Tuesday,"August 12, 2014",4:00 PM,6:30 PM,PAC 4,
ACTSC 845,001,Wednesday,"August 6, 2014",12:30 PM,3:00 PM,"PAC 1,2",
AFM 101,001,Thursday,"August 7, 2014",9:00 AM,11:30 AM,"PAC 4,5",
AFM 102,001,Tuesday,"August 5, 2014",12:30 PM,3:00 PM,"PAC 4,5",
AFM 121,001,Monday,"August 11, 2014",9:00 AM,11:00 AM,MC 4040,
AFM 211,001,Exam removed from the schedule.  Contact instructor for further information.,,,,,
AFM 231,001 to 005,Monday,"August 11, 2014",12:30 PM,3:00 PM,"PAC 1,2,3",
AFM 241,001 to 004,Wednesday,"August 13, 2014",12:30 PM,2:30 PM,"CPH 1346, E2 1310, PAS 1237",
AFM 272,"001,002",Thursday,"August 14, 2014",9:00 AM,11:00 AM,CPH 1346,
AFM 273,001,Thursday,"August 14, 2014",9:00 AM,11:00 AM,CPH 1346,
AFM 274,001 to 004,Wednesday,"August 6, 2014",9:00 AM,11:30 AM,"PAC 1,2,3",
AFM 280,001 to 006,Friday,"August 15, 2014",12:30 PM,3:00 PM,"PAC 4,5,6",
AFM 322,001,Tuesday,"August 12, 2014",7:30 PM,9:30 PM,MC 4020,
AFM 351,001 to 004,Monday,"August 11, 2014",12:30 PM,3:00 PM,"CPH 1346, E2 1310, PAS 1237",
AFM 352,001,Wednesday,"August 13, 2014",9:00 AM,11:30 AM,CPH 1346,
AFM 363,001 to 005,Tuesday,"August 5, 2014",4:00 PM,6:00 PM,"DC 1350,1351,MC 1056",
AFM 474,001,Tuesday,"August 12, 2014",7:30 PM,9:30 PM,MC 4020,
AFM 481,001 to 005,Thursday,"August 7, 2014",4:00 PM,6:30 PM,"PAC 4,5,6",
AMATH 231,001,Thursday,"August 14, 2014",7:30 PM,10:00 PM,PAC 4,
AMATH 242,001,Saturday,"August 9, 2014",12:30 PM,3:00 PM,PAC 8,
AMATH 250,001,Saturday,"August 16, 2014",7:30 PM,10:00 PM,"PAC 1,2",
AMATH 332,001,Saturday,"August 9, 2014",7:30 PM,10:00 PM,PAC 3,
AMATH 351,001,Thursday,"August 14, 2014",12:30 PM,3:00 PM,PAC 10,
AMATH 353,001,Friday,"August 15, 2014",4:00 PM,6:30 PM,PAC 4,
ARBUS 202,001,Tuesday,"August 12, 2014",12:30 PM,3:00 PM,RCH 301,
ARBUS 202,002,Tuesday,"August 12, 2014",12:30 PM,3:00 PM,RCH 302,
ARBUS 202,081 On Line,See https://uwaterloo.ca/quest/help/students/how-do-i/online-exam-schedule,,,,,
ARCH 277,001,Monday,"August 11, 2014",9:00 AM,11:30 AM,RCH 301,
BIOL 110,001,Saturday,"August 9, 2014",7:30 PM,10:00 PM,PAC 8,
BIOL 120,001,Monday,"August 11, 2014",9:00 AM,11:30 AM,"PAC 9,10",
BIOL 130,081 On Line,See https://uwaterloo.ca/quest/help/students/how-do-i/online-exam-schedule,,,,,
BIOL 239,001,Wednesday,"August 13, 2014",9:00 AM,11:30 AM,"PAC 11,12",
BIOL 240,081 On Line,See https://uwaterloo.ca/quest/help/students/how-do-i/online-exam-schedule,,,,,
BIOL 240L,001 to 003,Friday,"August 15, 2014",9:00 AM,10:00 AM,MC 1085,
BIOL 241,001,Friday,"August 15, 2014",12:30 PM,3:00 PM,"PAC 7,8",
BIOL 273,001,Monday,"August 11, 2014",7:30 PM,10:00 PM,"PAC 6,7,8",
BIOL 273L,001 to 003,Saturday,"August 16, 2014",9:00 AM,10:00 AM,MC 1085,
BIOL 280,001,Tuesday,"August 5, 2014",12:30 PM,3:00 PM,MC 4045,
BIOL 303,001,Tuesday,"August 12, 2014",12:30 PM,3:00 PM,"PAC 11,12",
BIOL 308,001,Wednesday,"August 13, 2014",7:30 PM,10:00 PM,"PAC 7,8",
BIOL 309,001,Saturday,"August 16, 2014",7:30 PM,10:00 PM,PAC 8,
BIOL 342,001,Friday,"August 8, 2014",12:30 PM,3:00 PM,MC 2034,
BIOL 354,001,Thursday,"August 14, 2014",12:30 PM,3:00 PM,"PAC 11,12",
BIOL 373,001,Thursday,"August 7, 2014",4:00 PM,6:30 PM,"PAC 7,8",
BIOL 373L,"001,002",Tuesday,"August 5, 2014",7:30 PM,8:30 PM,MC 4061,
BUS 111W,,See http://www.wlu.ca/page.php?grp_id=1366&p=14566,,,,WLU,
BUS 121W,,See http://www.wlu.ca/page.php?grp_id=1366&p=14566,,,,WLU,
BUS 127W,,See http://www.wlu.ca/page.php?grp_id=1366&p=14566,,,,WLU,
BUS 231W,,See http://www.wlu.ca/page.php?grp_id=1366&p=14566,,,,WLU,
BUS 247W,,See http://www.wlu.ca/page.php?grp_id=1366&p=14566,,,,WLU,
BUS 352W,,See http://www.wlu.ca/page.php?grp_id=1366&p=14566,,,,WLU,
BUS 353W,,See http://www.wlu.ca/page.php?grp_id=1366&p=14566,,,,WLU,
BUS 357W,,See http://www.wlu.ca/page.php?grp_id=1366&p=14566,,,,WLU,
BUS 362W,,See http://www.wlu.ca/page.php?grp_id=1366&p=14566,,,,WLU,
BUS 383W,,See http://www.wlu.ca/page.php?grp_id=1366&p=14566,,,,WLU,
BUS 387W,,See http://www.wlu.ca/page.php?grp_id=1366&p=14566,,,,WLU,
BUS 393W,,See http://www.wlu.ca/page.php?grp_id=1366&p=14566,,,,WLU,
BUS 395W,,See http://www.wlu.ca/page.php?grp_id=1366&p=14566,,,,WLU,
BUS 397W,,See http://www.wlu.ca/page.php?grp_id=1366&p=14566,,,,WLU,
BUS 398W,,See http://www.wlu.ca/page.php?grp_id=1366&p=14566,,,,WLU,
BUS 412W,,See http://www.wlu.ca/page.php?grp_id=1366&p=14566,,,,WLU,
BUS 413W,,See http://www.wlu.ca/page.php?grp_id=1366&p=14566,,,,WLU,
BUS 417W,,See http://www.wlu.ca/page.php?grp_id=1366&p=14566,,,,WLU,
BUS 423W,,See http://www.wlu.ca/page.php?grp_id=1366&p=14566,,,,WLU,
BUS 443W,,See http://www.wlu.ca/page.php?grp_id=1366&p=14566,,,,WLU,
BUS 447W,,See http://www.wlu.ca/page.php?grp_id=1366&p=14566,,,,WLU,
BUS 452W,,See http://www.wlu.ca/page.php?grp_id=1366&p=14566,,,,WLU,
BUS 456W,,See http://www.wlu.ca/page.php?grp_id=1366&p=14566,,,,WLU,
BUS 463W,,See http://www.wlu.ca/page.php?grp_id=1366&p=14566,,,,WLU,
BUS 466W,,See http://www.wlu.ca/page.php?grp_id=1366&p=14566,,,,WLU,
BUS 467W,,See http://www.wlu.ca/page.php?grp_id=1366&p=14566,,,,WLU,
BUS 473W,,See http://www.wlu.ca/page.php?grp_id=1366&p=14566,,,,WLU,
BUS 477W,,See http://www.wlu.ca/page.php?grp_id=1366&p=14566,,,,WLU,
BUS 480NW,,See http://www.wlu.ca/page.php?grp_id=1366&p=14566,,,,WLU,
BUS 480VW,,See http://www.wlu.ca/page.php?grp_id=1366&p=14566,,,,WLU,
BUS 481W,,See http://www.wlu.ca/page.php?grp_id=1366&p=14566,,,,WLU,
BUS 486W,,See http://www.wlu.ca/page.php?grp_id=1366&p=14566,,,,WLU,
BUS 487W,,See http://www.wlu.ca/page.php?grp_id=1366&p=14566,,,,WLU,
BUS 497JW,,See http://www.wlu.ca/page.php?grp_id=1366&p=14566,,,,WLU,
BUS 497KW,,See http://www.wlu.ca/page.php?grp_id=1366&p=14566,,,,WLU,
CHE 101,001,Tuesday,"August 5, 2014",12:30 PM,3:00 PM,MC 1085,
CHE 102,001,Friday,"August 8, 2014",12:30 PM,3:00 PM,"PAC 9,10",
CHE 121,001,Thursday,"August 14, 2014",12:30 PM,3:00 PM,PAC 7,
CHE 161,001,Saturday,"August 16, 2014",12:30 PM,3:00 PM,PAC 1,
CHE 211,001,Thursday,"August 14, 2014",4:00 PM,6:30 PM,PAC 3,
CHE 231,001,Monday,"August 11, 2014",9:00 AM,11:30 AM,PAC 7,
CHE 241,001,Tuesday,"August 12, 2014",4:00 PM,6:30 PM,PAC 8,
CHE 312,001,Tuesday,"August 5, 2014",4:00 PM,6:30 PM,"E6 2024,4022",
CHE 322,001,Thursday,"August 7, 2014",4:00 PM,6:30 PM,"DWE 2527,2529",
CHE 330,001,Thursday,"August 14, 2014",9:00 AM,11:30 AM,"E6 2024,4022",
CHE 360,001,Tuesday,"August 12, 2014",4:00 PM,6:30 PM,"E6 2024,4022",
CHE 420,001,Thursday,"August 14, 2014",12:30 PM,3:00 PM,"DWE 2527,2529",
CHE 480,001,Monday,"August 11, 2014",9:00 AM,11:30 AM,"E6 2024,4022",
CHEM 120,081 On Line,See https://uwaterloo.ca/quest/help/students/how-do-i/online-exam-schedule,,,,,
CHEM 123,001,Tuesday,"August 5, 2014",9:00 AM,11:30 AM,"PAC 7,8",
CHEM 212,001,Thursday,"August 7, 2014",9:00 AM,11:30 AM,DC 1350,
CHEM 233,001,Monday,"August 11, 2014",9:00 AM,11:30 AM,PAC 8,
CHEM 237,001,Tuesday,"August 12, 2014",4:00 PM,6:30 PM,"PAC 11,12",
CHEM 237,081 On Line,See https://uwaterloo.ca/quest/help/students/how-do-i/online-exam-schedule,,,,,
CHEM 237L,001 to 003,Wednesday,"August 6, 2014",4:00 PM,6:00 PM,DC 1350,
CHEM 254,001,Wednesday,"August 13, 2014",4:00 PM,6:30 PM,"PAC 4,5",
CHEM 265,001,Tuesday,"August 5, 2014",9:00 AM,11:30 AM,PAC 5,
CHEM 267,081 On Line,See https://uwaterloo.ca/quest/help/students/how-do-i/online-exam-schedule,,,,,
CHINA 101R,001,Monday,"August 11, 2014",7:30 PM,10:00 PM,REN 2102,
CHINA 120R,001,Saturday,"August 9, 2014",7:30 PM,10:00 PM,REN 2106,
CHINA 201R,001,Saturday,"August 9, 2014",7:30 PM,10:00 PM,REN 2107,
CIVE 121,001,Tuesday,"August 5, 2014",12:30 PM,3:00 PM,DC 1350,
CIVE 205,001,Friday,"August 8, 2014",9:00 AM,11:30 AM,"CPH 3602,3604,3607",
CIVE 222,001,Tuesday,"August 12, 2014",9:00 AM,11:30 AM,"CPH 3602,3604,3607",
CIVE 240,001,Thursday,"August 14, 2014",9:00 AM,11:30 AM,"CPH 3602,3604,3607",
CIVE 280,001,Tuesday,"August 5, 2014",4:00 PM,6:30 PM,"CPH 3602,3604,3607",
CIVE 353,001,Saturday,"August 9, 2014",9:00 AM,11:30 AM,CPH 3607,
CIVE 413,001,Tuesday,"August 5, 2014",9:00 AM,11:30 AM,"CPH 3604,3607",
CIVE 414,001,Wednesday,"August 13, 2014",12:30 PM,3:00 PM,CPH 3607,
CIVE 444,001,Tuesday,"August 12, 2014",4:00 PM,6:30 PM,CPH 3604,
CIVE 486,001,Wednesday,"August 13, 2014",12:30 PM,3:00 PM,DWE 3518,
CIVE 491,001,Wednesday,"August 6, 2014",7:30 PM,10:00 PM,M3 1006,
CIVE 512,001,Friday,"August 8, 2014",9:00 AM,11:30 AM,RCH 301,
CIVE 572,001,Tuesday,"August 5, 2014",7:30 PM,10:00 PM,DWE 3519,
CLAS 104,081 On Line,See https://uwaterloo.ca/quest/help/students/how-do-i/online-exam-schedule,,,,,
CO 250,001 to 003,Monday,"August 11, 2014",12:30 PM,3:00 PM,"PAC 4,5",
CO 327,001,Saturday,"August 9, 2014",12:30 PM,3:00 PM,PAC 6,
CO 342,001,Saturday,"August 16, 2014",4:00 PM,6:30 PM,PAC 4,
CO 351,001,Thursday,"August 7, 2014",4:00 PM,6:30 PM,MC 4045,
CO 454,001,Tuesday,"August 12, 2014",9:00 AM,11:30 AM,MC 4045,
CO 471,001,Wednesday,"August 6, 2014",7:30 PM,10:00 PM,MC 4040,
CO 671,001,Wednesday,"August 6, 2014",7:30 PM,10:00 PM,MC 4040,
COMM 321,001,Saturday,"August 9, 2014",7:30 PM,10:00 PM,PAC 4,
CS 100,081 On Line,See https://uwaterloo.ca/quest/help/students/how-do-i/online-exam-schedule,,,,,
CS 115,001,Wednesday,"August 13, 2014",12:30 PM,3:00 PM,"PAC 4,5",
CS 116,"001,002",Tuesday,"August 12, 2014",12:30 PM,3:00 PM,"PAC 7,8",
CS 136,"001,002",Tuesday,"August 12, 2014",12:30 PM,3:00 PM,"PAC 4,5",
CS 200,001,Exam removed from the schedule.  Contact instructor for further information.,,,,,
CS 234,001,Tuesday,"August 12, 2014",9:00 AM,11:30 AM,M3 1006,
CS 240,001 to 003,Friday,"August 15, 2014",9:00 AM,11:30 AM,"PAC 4,5,6",
CS 241,"001,002",Saturday,"August 16, 2014",9:00 AM,11:30 AM,"PAC 1,2",
CS 245,"001,002",Monday,"August 11, 2014",4:00 PM,6:30 PM,"PAC 1,2",
CS 246,"001,002",Tuesday,"August 12, 2014",9:00 AM,11:30 AM,"PAC 3,8",
CS 247,001,Tuesday,"August 12, 2014",9:00 AM,11:30 AM,DC 1350,
CS 251,"001,002",Wednesday,"August 13, 2014",4:00 PM,6:30 PM,"PAC 1,2",
CS 330,"001,002",Friday,"August 15, 2014",9:00 AM,11:30 AM,"PAC 7,8",
CS 338,001,Thursday,"August 14, 2014",4:00 PM,6:30 PM,"PAC 1,2",
CS 341,"001,002",Tuesday,"August 5, 2014",12:30 PM,3:00 PM,DC 1351,
CS 348,"001,002",Friday,"August 15, 2014",12:30 PM,3:00 PM,"PAC 1,2",
CS 349,"001,002",Monday,"August 11, 2014",4:00 PM,6:30 PM,"PAC 7,8",
CS 350,"001,002",Wednesday,"August 13, 2014",9:00 AM,11:30 AM,"PAC 7,8",
CS 360,001,Saturday,"August 16, 2014",7:30 PM,10:00 PM,PAC 3,
CS 370,"001,002",Thursday,"August 7, 2014",9:00 AM,11:30 AM,"PAC 11,12",
CS 371,001,Saturday,"August 9, 2014",12:30 PM,3:00 PM,PAC 8,
CS 432,001,Tuesday,"August 5, 2014",4:00 PM,6:30 PM,PAC 4,
CS 446,001,Wednesday,"August 6, 2014",9:00 AM,11:30 AM,"PAC 11,12",
CS 449,001,Thursday,"August 7, 2014",7:30 PM,10:00 PM,PAC 3,
CS 452,001,Exam removed from the schedule.  Contact instructor for further information.,,,,,
CS 454,"001,002",Friday,"August 8, 2014",12:30 PM,3:00 PM,"PAC 7,8",
CS 456,"001,002",Tuesday,"August 12, 2014",4:00 PM,6:30 PM,"PAC 5,6",
CS 458,"001,002",Tuesday,"August 12, 2014",9:00 AM,11:30 AM,"PAC 11,12",
CS 466,001,Friday,"August 15, 2014",7:30 PM,10:00 PM,PAC 6,
CS 475,001,Wednesday,"August 6, 2014",4:00 PM,6:30 PM,PAC 9,
CS 482,001,Exam removed from the schedule.  Contact instructor for further information.,,,,,
CS 486,"001,002",Thursday,"August 14, 2014",12:30 PM,3:00 PM,PAC 1,
CS 488,001,Saturday,"August 16, 2014",12:30 PM,3:00 PM,PAC 2,
CS 490,001,Monday,"August 11, 2014",9:00 AM,11:30 AM,MC 4045,
CS 646,001,Wednesday,"August 6, 2014",9:00 AM,11:30 AM,"PAC 11,12",
CS 649,001,Thursday,"August 7, 2014",7:30 PM,10:00 PM,PAC 3,
CS 654,001,Friday,"August 8, 2014",12:30 PM,3:00 PM,"PAC 7,8",
CS 656,"001,002",Tuesday,"August 12, 2014",4:00 PM,6:30 PM,"PAC 5,6",
CS 658,"001,002",Tuesday,"August 12, 2014",9:00 AM,11:30 AM,"PAC 11,12",
CS 666,001,Friday,"August 15, 2014",7:30 PM,10:00 PM,PAC 6,
CS 675,001,Wednesday,"August 6, 2014",4:00 PM,6:30 PM,PAC 9,
CS 682,001,Exam removed from the schedule.  Contact instructor for further information.,,,,,
CS 686,"001,002",Thursday,"August 14, 2014",12:30 PM,3:00 PM,PAC 1,
DUTCH 101,081 On Line,See https://uwaterloo.ca/quest/help/students/how-do-i/online-exam-schedule,,,,,
DUTCH 102,081 On Line,See https://uwaterloo.ca/quest/help/students/how-do-i/online-exam-schedule,,,,,
EARTH 121,001,Friday,"August 15, 2014",4:00 PM,6:30 PM,"PAC 1,2",
EARTH 221,001,Monday,"August 11, 2014",7:30 PM,10:00 PM,PAC 2,
EARTH 232,001,Saturday,"August 16, 2014",4:00 PM,6:30 PM,EIT 1013,
ECE 103,"001,002",Friday,"August 15, 2014",9:00 AM,11:30 AM,"PAC 1,2,3",
ECE 106,"001,002",Tuesday,"August 5, 2014",9:00 AM,11:30 AM,"DC 1350,1351",
ECE 124,"001,002",Saturday,"August 9, 2014",12:30 PM,3:00 PM,"PAC 1,2,3",
ECE 155,"001,002",Thursday,"August 7, 2014",9:00 AM,11:30 AM,"PAC 7,8",
ECE 206,001,Monday,"August 11, 2014",7:30 PM,10:00 PM,PAC 4,
ECE 207,001,Tuesday,"August 5, 2014",4:00 PM,6:30 PM,"PAC 11,12",
ECE 209,001,Wednesday,"August 13, 2014",7:30 PM,10:00 PM,PAC 1,
ECE 224,001,Monday,"August 11, 2014",9:00 AM,11:30 AM,"PAC 1,2",
ECE 242,001,Friday,"August 8, 2014",12:30 PM,3:00 PM,"PAC 11,12",
ECE 254,001,Friday,"August 15, 2014",7:30 PM,10:00 PM,PAC 2,
ECE 309,001,Thursday,"August 14, 2014",9:00 AM,11:30 AM,DC 1350,
ECE 316,001,Thursday,"August 7, 2014",9:00 AM,11:30 AM,PAC 1,
ECE 316,002,Thursday,"August 7, 2014",9:00 AM,11:30 AM,PAC 6,
ECE 327,001,Tuesday,"August 12, 2014",12:30 PM,3:00 PM,PAC 1,
ECE 331,001,Monday,"August 11, 2014",9:00 AM,11:30 AM,"PAC 11,12",
ECE 351,001,Tuesday,"August 5, 2014",4:00 PM,6:30 PM,PAC 5,
ECE 358,001,Wednesday,"August 6, 2014",4:00 PM,6:30 PM,PAC 7,
ECE 375,001,Thursday,"August 7, 2014",7:30 PM,10:00 PM,PAC 4,
ECE 380,001,Monday,"August 11, 2014",4:00 PM,6:30 PM,PAC 3,
ECE 380,002,Monday,"August 11, 2014",4:00 PM,6:30 PM,PAC 5,
ECE 403,001,Wednesday,"August 13, 2014",12:30 PM,3:00 PM,"PAC 7,8",
ECE 411,001,Tuesday,"August 12, 2014",9:00 AM,11:30 AM,PAC 9,
ECE 413,001,Thursday,"August 7, 2014",9:00 AM,11:30 AM,"PAC 9,10",
ECE 429,001,Tuesday,"August 5, 2014",12:30 PM,3:00 PM,PAC 9,
ECE 445,001,Thursday,"August 14, 2014",9:00 AM,11:30 AM,PAC 6,
ECE 452,001,Wednesday,"August 6, 2014",9:00 AM,11:30 AM,"PAC 11,12",
ECE 454,001,Thursday,"August 7, 2014",4:00 PM,6:30 PM,"PAC 11,12",
ECE 455,001,Saturday,"August 16, 2014",4:00 PM,6:30 PM,PAC 1,
ECE 457A,001,Monday,"August 11, 2014",12:30 PM,3:00 PM,"PAC 6,7",
ECE 458,001,Friday,"August 8, 2014",9:00 AM,11:30 AM,PAC 3,
ECE 462,001,Thursday,"August 7, 2014",7:30 PM,10:00 PM,PAC 5,
ECE 463,001,Tuesday,"August 12, 2014",4:00 PM,6:30 PM,"PAC 9,10",
ECE 473,001,Monday,"August 11, 2014",9:00 AM,11:30 AM,MC 4058,
ECE 481,001,Saturday,"August 16, 2014",4:00 PM,6:30 PM,PAC 2,
ECE 486,001,Saturday,"August 9, 2014",7:30 PM,10:00 PM,PAC 5,
ECE 493,001,Tuesday,"August 5, 2014",4:00 PM,6:30 PM,PAC 8,
ECE 730,003,Tuesday,"August 5, 2014",4:00 PM,6:30 PM,PAC 8,
ECE 750,001,Thursday,"August 7, 2014",4:00 PM,6:30 PM,"PAC 11,12",
ECE 750,002,Friday,"August 8, 2014",9:00 AM,11:30 AM,PAC 3,
ECON 101,001,Tuesday,"August 5, 2014",4:00 PM,6:30 PM,"PAC 1,2,3",
ECON 101,081 On Line,See https://uwaterloo.ca/quest/help/students/how-do-i/online-exam-schedule,,,,,
ECON 102,001,Wednesday,"August 6, 2014",9:00 AM,11:30 AM,"PAC 4,5,6",
ECON 102,002,Wednesday,"August 6, 2014",9:00 AM,11:30 AM,"PAC 7,8,10",
ECON 102,003,Wednesday,"August 6, 2014",9:00 AM,11:30 AM,M3 1006,
ECON 201,"001,003",Friday,"August 8, 2014",9:00 AM,11:30 AM,"PAC 1,2",
ECON 202,"001,003",Monday,"August 11, 2014",9:00 AM,11:30 AM,"PAC 4,5",
ECON 202,002,Monday,"August 11, 2014",9:00 AM,11:30 AM,PAC 6,
ECON 211,001,Thursday,"August 14, 2014",4:00 PM,6:30 PM,PAC 6,
ECON 221,001,Thursday,"August 7, 2014",12:30 PM,3:00 PM,"PAC 11,12",
ECON 231,"001,002",Tuesday,"August 5, 2014",7:30 PM,10:00 PM,"PAC 1,2",
ECON 301,001,Friday,"August 8, 2014",9:00 AM,11:30 AM,PAC 9,
ECON 301,002,Friday,"August 8, 2014",9:00 AM,11:30 AM,PAC 6,
ECON 302,001,Monday,"August 11, 2014",9:00 AM,11:30 AM,PAC 3,
ECON 311,001,Tuesday,"August 12, 2014",12:30 PM,3:00 PM,PAC 2,
ECON 321,001,Saturday,"August 16, 2014",7:30 PM,10:00 PM,PAC 4,
ECON 344,001,Saturday,"August 16, 2014",12:30 PM,3:00 PM,PAC 4,
ECON 357,001,Tuesday,"August 5, 2014",9:00 AM,11:30 AM,PAC 11,
ECON 361,081 On Line,See https://uwaterloo.ca/quest/help/students/how-do-i/online-exam-schedule,,,,,
ECON 365,001,Thursday,"August 7, 2014",12:30 PM,2:00 PM,MC 4020,
ECON 371,001,Tuesday,"August 12, 2014",7:30 PM,10:00 PM,DC 1350,
ECON 372,001,Wednesday,"August 13, 2014",7:30 PM,10:00 PM,PAC 2,
ECON 401,001,Friday,"August 8, 2014",9:00 AM,11:30 AM,PAC 11,
ECON 402,001,Friday,"August 15, 2014",9:00 AM,11:30 AM,PAC 11,
ECON 483,001,Wednesday,"August 6, 2014",4:00 PM,6:30 PM,PAC 10,
ENGL 101B,001,Thursday,"August 14, 2014",7:30 PM,10:00 PM,PAC 5,
ENGL 102B,081 On Line,See https://uwaterloo.ca/quest/help/students/how-do-i/online-exam-schedule,,,,,
ENGL 108A,001,Thursday,"August 14, 2014",9:00 AM,10:30 AM,STJ 3027,
ENGL 109,001,Saturday,"August 9, 2014",7:30 PM,10:00 PM,PAC 6,
ENGL 109,081 On Line,See https://uwaterloo.ca/quest/help/students/how-do-i/online-exam-schedule,,,,,
ENGL 200B,001,Friday,"August 15, 2014",4:00 PM,6:30 PM,PAC 5,
ENGL 208C,081 On Line,See https://uwaterloo.ca/quest/help/students/how-do-i/online-exam-schedule,,,,,
ENGL 210F,081 On Line,See https://uwaterloo.ca/quest/help/students/how-do-i/online-exam-schedule,,,,,
ENGL 251B,001,Thursday,"August 7, 2014",4:00 PM,6:30 PM,STJ 3027,
ENGL 306A,001,Tuesday,"August 5, 2014",12:30 PM,3:00 PM,PAC 10,
ENGL 306A,081 On Line,See https://uwaterloo.ca/quest/help/students/how-do-i/online-exam-schedule,,,,,
ENGL 313,001,Wednesday,"August 13, 2014",9:00 AM,11:30 AM,PAC 9,
ENGL 410D,001,Monday,"August 11, 2014",9:00 AM,11:30 AM,MC 4041,
ENVE 127,001,Thursday,"August 14, 2014",12:30 PM,3:00 PM,PAC 3,
ENVE 320,001,Wednesday,"August 6, 2014",7:30 PM,10:00 PM,RCH 305,
ENVE 321,001,Wednesday,"August 13, 2014",9:00 AM,11:30 AM,RCH 307,
ENVS 200,001,Tuesday,"August 5, 2014",9:00 AM,11:30 AM,M3 1006,
ESL 129R,081 On Line,See https://uwaterloo.ca/quest/help/students/how-do-i/online-exam-schedule,,,,,
ESL 129R,082 On Line,See https://uwaterloo.ca/quest/help/students/how-do-i/online-exam-schedule,,,,,
FINE 252,081 On Line,Exam removed from the schedule.  Contact CEL for further information.,,,,,
FR 151,001,Monday,"August 11, 2014",7:30 PM,9:30 PM,RCH 307,
FR 151,081 On Line,See https://uwaterloo.ca/quest/help/students/how-do-i/online-exam-schedule,,,,,
FR 152,081 On Line,See https://uwaterloo.ca/quest/help/students/how-do-i/online-exam-schedule,,,,,
FR 192A,081 On Line,See https://uwaterloo.ca/quest/help/students/how-do-i/online-exam-schedule,,,,,
FR 192B,081 On Line,See https://uwaterloo.ca/quest/help/students/how-do-i/online-exam-schedule,,,,,
FR 197,081 On Line,See https://uwaterloo.ca/quest/help/students/how-do-i/online-exam-schedule,,,,,
FR 252,081 On Line,See https://uwaterloo.ca/quest/help/students/how-do-i/online-exam-schedule,,,,,
FR 332,081 On Line,See https://uwaterloo.ca/quest/help/students/how-do-i/online-exam-schedule,,,,,
FR 351,081 On Line,See https://uwaterloo.ca/quest/help/students/how-do-i/online-exam-schedule,,,,,
GENE 121,001,Thursday,"August 14, 2014",9:00 AM,11:30 AM,"PAC 11,12",
GENE 123,001 to 003,Thursday,"August 7, 2014",12:30 PM,3:00 PM,"PAC 7,8,9,10",
GEOG 203,001,Wednesday,"August 6, 2014",12:30 PM,2:30 PM,M3 1006,
GEOG 281,001,Thursday,"August 7, 2014",4:00 PM,6:30 PM,M3 1006,
GEOG 426,001,Friday,"August 8, 2014",12:30 PM,2:30 PM,MC 2035,
GER 101,081 On Line,See https://uwaterloo.ca/quest/help/students/how-do-i/online-exam-schedule,,,,,
GER 102,081 On Line,See https://uwaterloo.ca/quest/help/students/how-do-i/online-exam-schedule,,,,,
GER 201,081 On Line,See https://uwaterloo.ca/quest/help/students/how-do-i/online-exam-schedule,,,,,
GER 202,081 On Line,See https://uwaterloo.ca/quest/help/students/how-do-i/online-exam-schedule,,,,,
GERON 255,081 On Line,See https://uwaterloo.ca/quest/help/students/how-do-i/online-exam-schedule,,,,,
HIST 110,001,Wednesday,"August 13, 2014",12:30 PM,3:00 PM,CGC 1208,
HIST 247,081 On Line,See https://uwaterloo.ca/quest/help/students/how-do-i/online-exam-schedule,,,,,
HIST 263,001,Friday,"August 15, 2014",9:00 AM,11:30 AM,HH 1102,
HRM 303,001,Thursday,"August 7, 2014",7:30 PM,9:30 PM,MC 4020,
HRM 305,001,Tuesday,"August 5, 2014",7:30 PM,10:00 PM,PAC 6,
HRM 307,001,Wednesday,"August 6, 2014",7:30 PM,9:30 PM,MC 4045,
KIN 205,001,Tuesday,"August 5, 2014",12:30 PM,3:00 PM,"PAC 11,12",
KIN 222,001,Friday,"August 8, 2014",9:00 AM,11:30 AM,"PAC 4,5",
LS 101,081 On Line,See https://uwaterloo.ca/quest/help/students/how-do-i/online-exam-schedule,,,,,
MATH 106,081 On Line,See https://uwaterloo.ca/quest/help/students/how-do-i/online-exam-schedule,,,,,
MATH 115,001,Wednesday,"August 6, 2014",9:00 AM,11:30 AM,PAC 9,
MATH 117,001,Wednesday,"August 6, 2014",4:00 PM,6:30 PM,PAC 11,
MATH 118,001 to 004,Tuesday,"August 12, 2014",9:00 AM,11:30 AM,"PAC 4,5,6,7",
MATH 119,"001,002",Tuesday,"August 12, 2014",9:00 AM,11:30 AM,"PAC 1,2",
MATH 127,001,Exam removed from the schedule.  Contact instructor for further information.,,,,,
MATH 127,081 On Line,See https://uwaterloo.ca/quest/help/students/how-do-i/online-exam-schedule,,,,,
MATH 128,001,Friday,"August 8, 2014",12:30 PM,3:00 PM,PAC 3,
MATH 128,081 On Line,See https://uwaterloo.ca/quest/help/students/how-do-i/online-exam-schedule,,,,,
MATH 135,001,Thursday,"August 14, 2014",4:00 PM,6:30 PM,"PAC 4,5",
MATH 136,001 to 003,Wednesday,"August 13, 2014",9:00 AM,11:30 AM,"PAC 1,2,3",
MATH 137,001,Thursday,"August 7, 2014",7:30 PM,10:00 PM,PAC 6,
MATH 138,"001,002",Friday,"August 8, 2014",12:30 PM,3:00 PM,"PAC 4,5,6",
MATH 207,001,Saturday,"August 9, 2014",12:30 PM,3:00 PM,PAC 7,
MATH 213,001,Wednesday,"August 13, 2014",4:00 PM,6:30 PM,"PAC 7,8",
MATH 218,001,Wednesday,"August 6, 2014",4:00 PM,6:30 PM,PAC 8,
MATH 225,001,Thursday,"August 14, 2014",12:30 PM,3:00 PM,PAC 9,
MATH 235,001 to 003,Wednesday,"August 13, 2014",9:00 AM,11:30 AM,"PAC 4,5,6",
MATH 235,081 On Line,See https://uwaterloo.ca/quest/help/students/how-do-i/online-exam-schedule,,,,,
MATH 237,001 to 003,Thursday,"August 14, 2014",12:30 PM,3:00 PM,"PAC 4,5,6",
MATH 239,001 to 004,Tuesday,"August 5, 2014",9:00 AM,11:30 AM,"PAC 1,2,3,4",
MATH 245,001,Saturday,"August 9, 2014",7:30 PM,10:00 PM,PAC 7,
MATH 247,001,Friday,"August 8, 2014",12:30 PM,3:00 PM,MC 2038,
ME 115,001,Saturday,"August 16, 2014",9:00 AM,11:30 AM,"PAC 4,5",
ME 203,001,Tuesday,"August 5, 2014",12:30 PM,3:00 PM,"E5 3101,3102",
ME 212,001,Wednesday,"August 13, 2014",12:30 PM,3:00 PM,"E5 3101,3102",
ME 219,001,Monday,"August 11, 2014",9:00 AM,11:30 AM,DWE 1501,
ME 220,001,Saturday,"August 9, 2014",12:30 PM,3:00 PM,"E5 3101,3102",
ME 250,001,Wednesday,"August 6, 2014",7:30 PM,10:00 PM,"E5 3101,3102",
ME 262,001,Monday,"August 11, 2014",12:30 PM,3:00 PM,"E5 3101,3102",
ME 303,001,Thursday,"August 7, 2014",9:00 AM,11:30 AM,"E5 3101,3102",
ME 321,001,Wednesday,"August 13, 2014",9:00 AM,11:30 AM,"E5 3101,3102",
ME 321,002,Thursday,"August 7, 2014",9:00 AM,11:30 AM,"MC 4020,4021",
ME 340,001,Tuesday,"August 5, 2014",9:00 AM,11:30 AM,"E5 3101,3102",
ME 351,001,Monday,"August 11, 2014",9:00 AM,11:30 AM,"E5 3101,3102",
ME 354,001,Saturday,"August 9, 2014",9:00 AM,11:30 AM,"E5 3101,3102",
ME 423,001,Friday,"August 8, 2014",7:30 PM,10:00 PM,CPH 3679,
ME 436,001,Saturday,"August 9, 2014",9:00 AM,11:30 AM,CPH 3679,
ME 456,001,Monday,"August 11, 2014",9:00 AM,11:30 AM,CPH 3679,
ME 459,001,Tuesday,"August 5, 2014",9:00 AM,11:30 AM,DWE 2402,
ME 548,001,Thursday,"August 7, 2014",4:00 PM,6:30 PM,CPH 3679,
ME 559,001,Friday,"August 8, 2014",12:30 PM,3:00 PM,DWE 2402,
ME 561,001,Tuesday,"August 12, 2014",4:00 PM,6:30 PM,CPH 3679,
ME 566,001,Thursday,"August 7, 2014",9:00 AM,11:30 AM,CPH 3679,
MNS 221,001,Tuesday,"August 5, 2014",9:00 AM,11:30 AM,PHY 313,
MSCI 261,"001,003",Friday,"August 8, 2014",9:00 AM,11:30 AM,"PAC 7,8",
MSCI 261,"002,004",Tuesday,"August 5, 2014",7:30 PM,10:00 PM,"PAC 4,5",
MSCI 263,"001,002",Thursday,"August 7, 2014",4:00 PM,6:30 PM,"PAC 9,10",
MSCI 331,001,Wednesday,"August 13, 2014",7:30 PM,10:00 PM,PAC 4,
MSCI 346,001,Tuesday,"August 5, 2014",12:30 PM,3:00 PM,DWE 3522,
MSCI 434,001,Friday,"August 8, 2014",12:30 PM,3:00 PM,MC 4059,
MSCI 445,001,Thursday,"August 14, 2014",4:00 PM,6:30 PM,DWE 1501,
MSCI 452,001,Wednesday,"August 6, 2014",12:30 PM,3:00 PM,RCH 301,
MSCI 531,001,Monday,"August 11, 2014",12:30 PM,3:00 PM,E2 1303A,
MTE 111,001,Thursday,"August 7, 2014",9:00 AM,11:30 AM,"PAC 2,3",
MTE 119,001,Thursday,"August 14, 2014",9:00 AM,11:30 AM,"PAC 4,5",
MTE 120,001,Tuesday,"August 5, 2014",12:30 PM,3:00 PM,"PAC 1,2",
MTE 140,001,Saturday,"August 9, 2014",12:30 PM,3:00 PM,"PAC 4,5",
MTE 320,001,Tuesday,"August 5, 2014",9:00 AM,11:30 AM,"MC 4020,4021",
MTE 325,001,Monday,"August 11, 2014",9:00 AM,11:30 AM,"PAC 1,2",
MTHEL 131,001,Friday,"August 15, 2014",7:30 PM,10:00 PM,PAC 1,
MTHEL 206A,001,Exam removed from the schedule.  Contact instructor for further information.,,,,,
MUSIC 100,001,Wednesday,"August 6, 2014",12:30 PM,3:00 PM,CGC 1111,
MUSIC 140,001,Wednesday,"August 6, 2014",7:30 PM,10:00 PM,"DC 1350,1351",
NE 202,001,Thursday,"August 7, 2014",9:00 AM,11:30 AM,"MC 4059,4061",
NE 217,001,Tuesday,"August 5, 2014",12:30 PM,3:00 PM,PAC 3,
NE 226,001,Tuesday,"August 12, 2014",12:30 PM,3:00 PM,PAC 3,
NE 232,001,Thursday,"August 14, 2014",12:30 PM,3:00 PM,PAC 2,
NE 242,001,Saturday,"August 16, 2014",12:30 PM,3:00 PM,PAC 5,
NE 318,001,Thursday,"August 7, 2014",4:00 PM,6:30 PM,PAC 3,
NE 333,001,Monday,"August 11, 2014",12:30 PM,3:00 PM,PAC 8,
NE 334,001,Wednesday,"August 13, 2014",4:00 PM,6:30 PM,PAC 6,
NE 343,001,Friday,"August 15, 2014",12:30 PM,3:00 PM,PAC 3,
NE 344,001,Tuesday,"August 12, 2014",4:00 PM,6:30 PM,PAC 7,
PACS 201,081 On Line,See https://uwaterloo.ca/quest/help/students/how-do-i/online-exam-schedule,,,,,
PHIL 145,001,Friday,"August 15, 2014",7:30 PM,10:00 PM,AL 208,
PHIL 145,081 On Line,See https://uwaterloo.ca/quest/help/students/how-do-i/online-exam-schedule,,,,,
PHIL 202,081 On Line,See https://uwaterloo.ca/quest/help/students/how-do-i/online-exam-schedule,,,,,
PHIL 215,001,Tuesday,"August 12, 2014",12:30 PM,3:00 PM,RCH 301,
PHIL 215,002,Tuesday,"August 12, 2014",12:30 PM,3:00 PM,RCH 302,
PHIL 215,081 On Line,See https://uwaterloo.ca/quest/help/students/how-do-i/online-exam-schedule,,,,,
PHIL 220,081 On Line,See https://uwaterloo.ca/quest/help/students/how-do-i/online-exam-schedule,,,,,
PHIL 256,081 On Line,See https://uwaterloo.ca/quest/help/students/how-do-i/online-exam-schedule,,,,,
PHIL 324,081 On Line,See https://uwaterloo.ca/quest/help/students/how-do-i/online-exam-schedule,,,,,
PHIL 384,081 On Line,See https://uwaterloo.ca/quest/help/students/how-do-i/online-exam-schedule,,,,,
PHYS 112,001,Friday,"August 15, 2014",7:30 PM,10:00 PM,"PAC 4,5",
PHYS 122,001,Saturday,"August 16, 2014",12:30 PM,3:00 PM,PHY 308,
PHYS 122,081 On Line,See https://uwaterloo.ca/quest/help/students/how-do-i/online-exam-schedule,,,,,
PHYS 125,001,Tuesday,"August 5, 2014",4:00 PM,6:30 PM,PAC 7,
PHYS 234,001,Thursday,"August 7, 2014",7:30 PM,10:00 PM,"PAC 1,2",
PHYS 239,001,Friday,"August 8, 2014",7:30 PM,10:00 PM,PHY 313,
PHYS 242,001,Monday,"August 11, 2014",12:30 PM,3:00 PM,MC 4020,
PHYS 263,001,Friday,"August 15, 2014",12:30 PM,3:00 PM,MC 4020,
PHYS 270,001,Tuesday,"August 5, 2014",12:30 PM,3:00 PM,PHY 308,
PHYS 280,001,Tuesday,"August 5, 2014",12:30 PM,3:00 PM,MC 4045,
PHYS 334,001,Friday,"August 8, 2014",12:30 PM,3:00 PM,PHY 235,
PHYS 358,001,Wednesday,"August 13, 2014",12:30 PM,3:00 PM,"PAC 7,8",
PHYS 363,001,Saturday,"August 16, 2014",12:30 PM,3:00 PM,PHY 313,
PHYS 364,001,Wednesday,"August 6, 2014",12:30 PM,3:00 PM,PHY 313,
PHYS 380,001,Tuesday,"August 5, 2014",9:00 AM,11:30 AM,PHY 308,
PLAN 281,001,Thursday,"August 7, 2014",4:00 PM,6:30 PM,M3 1006,
PMATH 330,001,Friday,"August 8, 2014",12:30 PM,3:00 PM,MC 4061,
PMATH 332,001,Saturday,"August 9, 2014",7:30 PM,10:00 PM,PAC 3,
PMATH 336,001,Monday,"August 11, 2014",9:00 AM,11:30 AM,MC 4060,
PMATH 347,001,Tuesday,"August 5, 2014",4:00 PM,6:30 PM,PAC 6,
PMATH 351,001,Friday,"August 15, 2014",9:00 AM,11:30 AM,PAC 12,
PMATH 352,001,Wednesday,"August 6, 2014",12:30 PM,3:00 PM,MC 4045,
PMATH 360,001,Saturday,"August 16, 2014",9:00 AM,11:30 AM,PAC 3,
PMATH 441,001,Friday,"August 8, 2014",9:00 AM,11:30 AM,PAC 10,
PMATH 450,001,Thursday,"August 14, 2014",9:00 AM,11:30 AM,PAC 8,
PMATH 641,001,Friday,"August 8, 2014",9:00 AM,11:30 AM,PAC 10,
PSCI 100,001,Thursday,"August 14, 2014",12:30 PM,3:00 PM,PAC 8,
PSCI 260,001,Monday,"August 11, 2014",7:30 PM,10:00 PM,PAC 5,
PSCI 281,001,Wednesday,"August 13, 2014",4:00 PM,6:00 PM,MC 4045,
PSCI 331,001,Tuesday,"August 5, 2014",7:30 PM,9:30 PM,MC 4040,
PSYCH 101,081 On Line,See https://uwaterloo.ca/quest/help/students/how-do-i/online-exam-schedule,,,,,
PSYCH 207,081 On Line,See https://uwaterloo.ca/quest/help/students/how-do-i/online-exam-schedule,,,,,
PSYCH 211,081 On Line,See https://uwaterloo.ca/quest/help/students/how-do-i/online-exam-schedule,,,,,
PSYCH 213R,081 On Line,See https://uwaterloo.ca/quest/help/students/how-do-i/online-exam-schedule,,,,,
PSYCH 236,001,Saturday,"August 16, 2014",4:00 PM,6:30 PM,STJ 2017,
PSYCH 256,081 On Line,See https://uwaterloo.ca/quest/help/students/how-do-i/online-exam-schedule,,,,,
PSYCH 306,001,Thursday,"August 7, 2014",9:00 AM,11:30 AM,DC 1351,
PSYCH 354R,081 On Line,See https://uwaterloo.ca/quest/help/students/how-do-i/online-exam-schedule,,,,,
REC 280,081 On Line,See https://uwaterloo.ca/quest/help/students/how-do-i/online-exam-schedule,,,,,
RS 100,081 On Line,See https://uwaterloo.ca/quest/help/students/how-do-i/online-exam-schedule,,,,,
RS 170,081 On Line,See https://uwaterloo.ca/quest/help/students/how-do-i/online-exam-schedule,,,,,
RS 235,081 On Line,See https://uwaterloo.ca/quest/help/students/how-do-i/online-exam-schedule,,,,,
RS 270R,081 On Line,Exam removed from the schedule.  Contact CEL for further information.,,,,,
SCI 238,001,Thursday,"August 14, 2014",7:30 PM,10:00 PM,"PAC 1,2",
SCI 255,081 On Line,See https://uwaterloo.ca/quest/help/students/how-do-i/online-exam-schedule,,,,,
SDS 131R,081 On Line,See https://uwaterloo.ca/quest/help/students/how-do-i/online-exam-schedule,,,,,
SDS 150R,001,Wednesday,"August 13, 2014",4:00 PM,6:30 PM,STJ 2017,
SDS 210R,081 On Line,See https://uwaterloo.ca/quest/help/students/how-do-i/online-exam-schedule,,,,,
SDS 215R,001,Wednesday,"August 6, 2014",9:00 AM,11:30 AM,STJ 3027,
SDS 250R,081 On Line,See https://uwaterloo.ca/quest/help/students/how-do-i/online-exam-schedule,,,,,
SDS 251R,081 On Line,See https://uwaterloo.ca/quest/help/students/how-do-i/online-exam-schedule,,,,,
SE 464,001,Tuesday,"August 5, 2014",7:30 PM,10:00 PM,PAC 3,
SOC 200,001,Tuesday,"August 5, 2014",12:30 PM,2:30 PM,HH 1101,
SOC 224R,081 On Line,See https://uwaterloo.ca/quest/help/students/how-do-i/online-exam-schedule,,,,,
SOC 227,001,Wednesday,"August 6, 2014",12:30 PM,2:30 PM,HH 1101,
SOC 229,081 On Line,See https://uwaterloo.ca/quest/help/students/how-do-i/online-exam-schedule,,,,,
SOC 256,001,Saturday,"August 16, 2014",12:30 PM,2:30 PM,PAS 1229,
SOC 327,081 On Line,See https://uwaterloo.ca/quest/help/students/how-do-i/online-exam-schedule,,,,,
SOCWK 120R,081 On Line,See https://uwaterloo.ca/quest/help/students/how-do-i/online-exam-schedule,,,,,
SOCWK 221R,081 On Line,See https://uwaterloo.ca/quest/help/students/how-do-i/online-exam-schedule,,,,,
SOCWK 300R,081 On Line,See https://uwaterloo.ca/quest/help/students/how-do-i/online-exam-schedule,,,,,
SOCWK 355R,081 On Line,See https://uwaterloo.ca/quest/help/students/how-do-i/online-exam-schedule,,,,,
SPCOM 434,001,Exam removed from the schedule.  Contact instructor for further information.,,,,,
STAT 230,"001,002",Wednesday,"August 6, 2014",4:00 PM,6:30 PM,"PAC 1,2,3,4,5,6",
STAT 231,001 to 003,Thursday,"August 7, 2014",12:30 PM,3:00 PM,"PAC 1,2,3,4,5,6",
STAT 330,"001,002",Thursday,"August 14, 2014",9:00 AM,11:30 AM,PAC 7,
STAT 331,001,Wednesday,"August 13, 2014",9:00 AM,11:30 AM,M3 1006,
STAT 332,001,Thursday,"August 7, 2014",4:00 PM,6:30 PM,"PAC 1,2",
STAT 333,001,Wednesday,"August 6, 2014",12:30 PM,3:00 PM,"PAC 4,5",
STAT 334,001,Thursday,"August 14, 2014",9:00 AM,11:30 AM,PAC 3,
STAT 371,001,Monday,"August 11, 2014",4:00 PM,6:30 PM,PAC 4,
STAT 372,001,Tuesday,"August 12, 2014",7:30 PM,10:00 PM,DC 1351,
STAT 430,001,Tuesday,"August 5, 2014",9:00 AM,11:30 AM,PAC 6,
STAT 431,001,Monday,"August 11, 2014",12:30 PM,3:00 PM,"PAC 11,12",
STAT 443,001,Wednesday,"August 13, 2014",12:30 PM,3:00 PM,"PAC 1,2",
STAT 830,001,Tuesday,"August 5, 2014",9:00 AM,11:30 AM,PAC 6,
SWREN 224R,081 On Line,See https://uwaterloo.ca/quest/help/students/how-do-i/online-exam-schedule,,,,,
SWREN 250R,081 On Line,See https://uwaterloo.ca/quest/help/students/how-do-i/online-exam-schedule,,,,,
SWREN 300R,081 On Line,See https://uwaterloo.ca/quest/help/students/how-do-i/online-exam-schedule,,,,,
SYDE 112,001,Friday,"August 8, 2014",9:00 AM,11:30 AM,"E5 6006,6008",
SYDE 114,001,Wednesday,"August 6, 2014",4:00 PM,6:30 PM,"E5 6006,6008",
SYDE 162,001,Tuesday,"August 5, 2014",4:00 PM,6:30 PM,"E5 6006,6008",
SYDE 182,001,Wednesday,"August 13, 2014",9:00 AM,11:30 AM,"E5 6006,6008",
SYDE 192,001,Monday,"August 11, 2014",9:00 AM,11:30 AM,"E5 6006,6008",
SYDE 311,001,Tuesday,"August 12, 2014",12:30 PM,3:00 PM,"E5 6006,6008",
SYDE 351,001,Thursday,"August 7, 2014",9:00 AM,11:30 AM,"E5 6006,6008",
SYDE 351,002,Saturday,"August 9, 2014",9:00 AM,11:30 AM,"RCH 301,302",
SYDE 381,001,Thursday,"August 14, 2014",12:30 PM,3:00 PM,"E5 6006,6008",
SYDE 383,001,Tuesday,"August 5, 2014",9:00 AM,10:00 AM,"E5 6006,6008",
WS 222,081 On Line,See https://uwaterloo.ca/quest/help/students/how-do-i/online-exam-schedule,,,,,
