Exam,Section(s),Day,Date,Start,Finish,Location,,,,,,,,,,,,,,,
ACTSC 221,001,Tuesday,"December 16, 2014",7:30 PM,10:00 PM,PAC 6,,,,,,,,,,,,,,,
ACTSC 231,001,Friday,"December 5, 2014",9:00 AM,11:30 AM,"RCH 301,302,305,306,307",,,,,,,,,,,,,,,
ACTSC 232,001,Saturday,"December 6, 2014",12:30 PM,3:00 PM,"PAC 11,12",,,,,,,,,,,,,,,
ACTSC 331,001,Wednesday,"December 17, 2014",4:00 PM,6:30 PM,PAC 1,,,,,,,,,,,,,,,
ACTSC 371,001,Wednesday,"December 10, 2014",12:30 PM,3:00 PM,"DC 1350,1351",,,,,,,,,,,,,,,
ACTSC 372,001,Thursday,"December 11, 2014",12:30 PM,3:00 PM,"DC 1350,1351",,,,,,,,,,,,,,,
ACTSC 431,001,Saturday,"December 13, 2014",12:30 PM,3:00 PM,"PAC 11,12",,,,,,,,,,,,,,,
ACTSC 432,001,Thursday,"December 11, 2014",4:00 PM,6:30 PM,RCH 301,,,,,,,,,,,,,,,
ACTSC 445,001,Tuesday,"December 9, 2014",9:00 AM,11:30 AM,"RCH 110,112",,,,,,,,,,,,,,,
ACTSC 446,001,Wednesday,"December 10, 2014",4:00 PM,6:30 PM,M3 1006,,,,,,,,,,,,,,,
ACTSC 463,001,Thursday,"December 4, 2014",12:30 PM,3:00 PM,RCH 307,,,,,,,,,,,,,,,
ACTSC 471,001,Monday,"December 8, 2014",9:00 AM,11:00 AM,"RCH 103,105,110,112",,,,,,,,,,,,,,,
ACTSC 831,001,Saturday,"December 13, 2014",12:30 PM,3:00 PM,"PAC 11,12",,,,,,,,,,,,,,,
ACTSC 845,001,Tuesday,"December 9, 2014",9:00 AM,11:30 AM,"RCH 110,112",,,,,,,,,,,,,,,
ACTSC 846,001,Wednesday,"December 10, 2014",4:00 PM,6:30 PM,M3 1006,,,,,,,,,,,,,,,
ACTSC 863,001,Thursday,"December 4, 2014",12:30 PM,3:00 PM,RCH 307,,,,,,,,,,,,,,,
AFM 101,001 to 006,Monday,"December 8, 2014",4:00 PM,6:30 PM,"PAC 1,2,3,4,5,6,7,8,9",,,,,,,,,,,,,,,
AFM 123,001,Wednesday,"December 10, 2014",9:00 AM,11:30 AM,M3 1006,,,,,,,,,,,,,,,
AFM 131,001 to 003,Thursday,"December 11, 2014",9:00 AM,11:30 AM,"PAC 1,2,3,4,5,6,7,8,11,12",,,,,,,,,,,,,,,
AFM 131,081 Online,See https://uwaterloo.ca/quest/help/students/how-do-i/online-exam-schedule,,,,,,,,,,,,,,,,,,,
AFM 203,001,Thursday,"December 4, 2014",12:30 PM,3:00 PM,RCH 301,,,,,,,,,,,,,,,
AFM 204,001 to 003,Friday,"December 12, 2014",4:00 PM,5:30 PM,"B1 370, CPH 1346",,,,,,,,,,,,,,,
AFM 274,001,Friday,"December 5, 2014",4:00 PM,6:30 PM,RCH 209,,,,,,,,,,,,,,,
AFM 291,001 to 006,Monday,"December 8, 2014",7:30 PM,10:00 PM,"PAC 4,5,6,7",,,,,,,,,,,,,,,
AFM 321,001,Saturday,"December 13, 2014",7:30 PM,9:30 PM,MC 4041,,,,,,,,,,,,,,,
AFM 323,001,Thursday,"December 18, 2014",4:00 PM,6:30 PM,PAC 3,,,,,,,,,,,,,,,
AFM 333,001 to 004,Thursday,"December 4, 2014",7:30 PM,10:00 PM,"DC 1350,1351",,,,,,,,,,,,,,,
AFM 341,001 to 005,Thursday,"December 4, 2014",9:00 AM,11:00 AM,"RCH 103,105,110,112",,,,,,,,,,,,,,,
AFM 362,001 to 005,Tuesday,"December 9, 2014",9:00 AM,11:00 AM,"DC 1350,1351",,,,,,,,,,,,,,,
AFM 372,001,Thursday,"December 4, 2014",7:30 PM,10:00 PM,RCH 309,,,,,,,,,,,,,,,
AFM 373,001 to 006,Monday,"December 8, 2014",9:00 AM,11:00 AM,"RCH 103,105,110,112",,,,,,,,,,,,,,,
AFM 391,001 to 005,Thursday,"December 11, 2014",4:00 PM,6:30 PM,"DC 1350,1351",,,,,,,,,,,,,,,
AFM 401,001 to 005,Friday,"December 12, 2014",4:00 PM,6:30 PM,"PAC 7,8,11,12",,,,,,,,,,,,,,,
AFM 415,001,Friday,"December 5, 2014",12:30 PM,3:00 PM,RCH 205,,,,,,,,,,,,,,,
AFM 424,"001,002",Exam removed from schedule. Contact instructor for further information.,,,,,,,,,,,,,,,,,,,
AFM 425,001,Saturday,"December 13, 2014",7:30 PM,10:00 PM,MC 4040,,,,,,,,,,,,,,,
AFM 433,"001,002",Monday,"December 15, 2014",12:30 PM,3:00 PM,CPH 1346,,,,,,,,,,,,,,,
AFM 461,001 to 005,Wednesday,"December 10, 2014",9:00 AM,11:30 AM,"PAC 1,2,3",,,,,,,,,,,,,,,
AFM 471,001 to 004,Monday,"December 15, 2014",9:00 AM,11:00 AM,"DC 1350,1351",,,,,,,,,,,,,,,
AFM 472,"001,002",Exam removed from schedule. Contact instructor for further information.,,,,,,,,,,,,,,,,,,,
AFM 476,001,Monday,"December 8, 2014",9:00 AM,11:00 AM,"RCH 103,105,110,112",,,,,,,,,,,,,,,
AFM 482,001 to 005,Monday,"December 8, 2014",7:30 PM,10:00 PM,"PAC 1,2,3",,,,,,,,,,,,,,,
AFM 491,001 to 003,Tuesday,"December 9, 2014",9:00 AM,11:30 AM,M3 1006,,,,,,,,,,,,,,,
AMATH 231,001,Friday,"December 12, 2014",4:00 PM,6:30 PM,MC 4041,,,,,,,,,,,,,,,
AMATH 250,001,Thursday,"December 18, 2014",7:30 PM,10:00 PM,"PAC 1,2,3",,,,,,,,,,,,,,,
AMATH 251,001,Thursday,"December 4, 2014",12:30 PM,3:00 PM,MC 4041,,,,,,,,,,,,,,,
AMATH 271,001,Thursday,"December 18, 2014",12:30 PM,3:00 PM,PAC 9,,,,,,,,,,,,,,,
AMATH 331,001,Wednesday,"December 17, 2014",9:00 AM,11:30 AM,PAC 5,,,,,,,,,,,,,,,
AMATH 350,001,Thursday,"December 4, 2014",9:00 AM,11:30 AM,RCH 301,,,,,,,,,,,,,,,
AMATH 351,001,Tuesday,"December 16, 2014",4:00 PM,6:30 PM,PAC 11,,,,,,,,,,,,,,,
AMATH 442,001,Wednesday,"December 10, 2014",7:30 PM,10:00 PM,PAC 9,,,,,,,,,,,,,,,
AMATH 463,001,Friday,"December 12, 2014",9:00 AM,11:30 AM,RCH 205,,,,,,,,,,,,,,,
AMATH 473,001,Saturday,"December 6, 2014",12:30 PM,3:00 PM,PAC 9,,,,,,,,,,,,,,,
AMATH 663,001,Friday,"December 12, 2014",9:00 AM,11:30 AM,RCH 205,,,,,,,,,,,,,,,
ANTH 101,001,Saturday,"December 6, 2014",12:30 PM,3:00 PM,"PAC 1,2",,,,,,,,,,,,,,,
ANTH 102,001,Thursday,"December 18, 2014",12:30 PM,2:30 PM,M3 1006,,,,,,,,,,,,,,,
ANTH 201,001,Monday,"December 15, 2014",7:30 PM,9:30 PM,RCH 211,,,,,,,,,,,,,,,
ANTH 202,001,Monday,"December 15, 2014",9:00 AM,11:30 AM,PAS 1241,,,,,,,,,,,,,,,
ANTH 290,001,Thursday,"December 11, 2014",4:00 PM,6:00 PM,PAS 1241,,,,,,,,,,,,,,,
ANTH 352,001,Exam removed from schedule. Contact instructor for further information.,,,,,,,,,,,,,,,,,,,
ANTH 355,001,Thursday,"December 4, 2014",12:30 PM,3:00 PM,PAS 2214,,,,,,,,,,,,,,,
APPLS 205R,001,Monday,"December 8, 2014",7:30 PM,10:00 PM,REN 2106,,,,,,,,,,,,,,,
APPLS 301,001,Tuesday,"December 9, 2014",4:00 PM,6:30 PM,AL 105,,,,,,,,,,,,,,,
ARBUS 101,"001,002",Thursday,"December 11, 2014",9:00 AM,11:30 AM,"PAC 1,2,3,4,5,6,7,8,11,12",,,,,,,,,,,,,,,
ARBUS 202,001,Tuesday,"December 9, 2014",12:30 PM,3:00 PM,"HH 1101,1102",,,,,,,,,,,,,,,
ARBUS 202,081 Online,See https://uwaterloo.ca/quest/help/students/how-do-i/online-exam-schedule,,,,,,,,,,,,,,,,,,,
ARBUS 301,001 to 004,Thursday,"December 4, 2014",7:30 PM,10:00 PM,"DC 1350,1351",,,,,,,,,,,,,,,
ARTS 125,001,Friday,"December 12, 2014",12:30 PM,3:00 PM,CGC 1300,,,,,,,,,,,,,,,
ARTS 280,001,Friday,"December 12, 2014",7:30 PM,10:00 PM,"PAC 11,12",,,,,,,,,,,,,,,
ARTS 290,001,Friday,"December 12, 2014",12:30 PM,3:00 PM,PAS 2086,,,,,,,,,,,,,,,
BIOL 110,001,Friday,"December 19, 2014",9:00 AM,11:30 AM,"PAC 1,2,3",,,,,,,,,,,,,,,
BIOL 130,001 to 003,Wednesday,"December 17, 2014",12:30 PM,3:00 PM,"PAC 1,2,3,4,5,6,7,8,9,10,11,12,
DC 1350,1351,MC 1056",,,,,,,,,,,,,,,
BIOL 130,081 Online,See https://uwaterloo.ca/quest/help/students/how-do-i/online-exam-schedule,,,,,,,,,,,,,,,,,,,
BIOL 150,"001,002",Tuesday,"December 9, 2014",9:00 AM,11:30 AM,"PAC 4,5,6,7,11,12",,,,,,,,,,,,,,,
BIOL 225,001,Friday,"December 19, 2014",4:00 PM,6:30 PM,DC 1350,,,,,,,,,,,,,,,
BIOL 239,081 Online,See https://uwaterloo.ca/quest/help/students/how-do-i/online-exam-schedule,,,,,,,,,,,,,,,,,,,
BIOL 240,"001,002",Friday,"December 12, 2014",7:30 PM,10:00 PM,"PAC 1,2,3,4,5,6,7,8",,,,,,,,,,,,,,,
BIOL 240,081 Online,See https://uwaterloo.ca/quest/help/students/how-do-i/online-exam-schedule,,,,,,,,,,,,,,,,,,,
BIOL 240L,001 to 022,Tuesday,"December 16, 2014",12:30 PM,1:30 PM,"M3 1006,DC 1350,1351,
MC 4020,4021,4059,4061",,,,,,,,,,,,,,,
BIOL 273,081 Online,See https://uwaterloo.ca/quest/help/students/how-do-i/online-exam-schedule,,,,,,,,,,,,,,,,,,,
BIOL 302,001,Friday,"December 5, 2014",12:30 PM,3:00 PM,"DC 1350,1351,MC 1085",,,,,,,,,,,,,,,
BIOL 303,001,Wednesday,"December 17, 2014",9:00 AM,11:30 AM,"DC 1350,1351",,,,,,,,,,,,,,,
BIOL 308,001,Thursday,"December 11, 2014",7:30 PM,10:00 PM,"PAC 1,2,4,5",,,,,,,,,,,,,,,
BIOL 309,001,Thursday,"December 18, 2014",12:30 PM,3:00 PM,"PAC 6,7,8",,,,,,,,,,,,,,,
BIOL 310,001,Wednesday,"December 17, 2014",4:00 PM,6:30 PM,PAC 6,,,,,,,,,,,,,,,
BIOL 321,001,Saturday,"December 6, 2014",9:00 AM,11:30 AM,B2 350,,,,,,,,,,,,,,,
BIOL 325,001,Thursday,"December 4, 2014",12:30 PM,3:00 PM,B2 350,,,,,,,,,,,,,,,
BIOL 335L,"001,002",Monday,"December 8, 2014",4:00 PM,6:30 PM,RCH 305,,,,,,,,,,,,,,,
BIOL 342,001,Tuesday,"December 16, 2014",9:00 AM,11:30 AM,"PAC 11,12",,,,,,,,,,,,,,,
BIOL 345,001,Thursday,"December 18, 2014",7:30 PM,10:00 PM,PAC 8,,,,,,,,,,,,,,,
BIOL 350,001,Wednesday,"December 17, 2014",9:00 AM,11:30 AM,M3 1006,,,,,,,,,,,,,,,
BIOL 354,001,Tuesday,"December 16, 2014",7:30 PM,10:00 PM,"PAC 11,12",,,,,,,,,,,,,,,
BIOL 355,001,Monday,"December 8, 2014",12:30 PM,3:00 PM,"M3 1006,MC 2017,2054",,,,,,,,,,,,,,,
BIOL 359,001,Friday,"December 12, 2014",12:30 PM,3:00 PM,"RCH 103,105,110,112",,,,,,,,,,,,,,,
BIOL 364,001,Thursday,"December 11, 2014",9:00 AM,11:30 AM,RCH 306,,,,,,,,,,,,,,,
BIOL 370,001,Tuesday,"December 16, 2014",9:00 AM,11:30 AM,DC 1350,,,,,,,,,,,,,,,
BIOL 433,001,Thursday,"December 11, 2014",12:30 PM,3:00 PM,RCH 112,,,,,,,,,,,,,,,
BIOL 434,001,Wednesday,"December 17, 2014",7:30 PM,10:00 PM,DC 1350,,,,,,,,,,,,,,,
BIOL 439,001,Wednesday,"December 10, 2014",4:00 PM,6:30 PM,"PAC 7,8",,,,,,,,,,,,,,,
BIOL 443,001,Tuesday,"December 9, 2014",4:00 PM,6:30 PM,"PAC 11,12",,,,,,,,,,,,,,,
BIOL 444,001,Tuesday,"December 16, 2014",12:30 PM,3:00 PM,PAC 8,,,,,,,,,,,,,,,
BIOL 447,001,Friday,"December 12, 2014",7:30 PM,10:00 PM,"PAC 9,10",,,,,,,,,,,,,,,
BIOL 448,001,Saturday,"December 13, 2014",7:30 PM,10:00 PM,MC 4064,,,,,,,,,,,,,,,
BIOL 452,001,Exam removed from schedule. Contact instructor for further information.,,,,,,,,,,,,,,,,,,,
BIOL 455,001,Saturday,"December 6, 2014",12:30 PM,3:00 PM,RCH 306,,,,,,,,,,,,,,,
BIOL 456,001,Friday,"December 12, 2014",9:00 AM,11:30 AM,RCH 206,,,,,,,,,,,,,,,
BIOL 458,001,Friday,"December 5, 2014",4:00 PM,6:30 PM,RCH 206,,,,,,,,,,,,,,,
BIOL 473,001,Saturday,"December 13, 2014",4:00 PM,6:30 PM,PAC 8,,,,,,,,,,,,,,,
BIOL 479,001,Saturday,"December 13, 2014",9:00 AM,11:30 AM,DC 1350,,,,,,,,,,,,,,,
BME 101L,001,Thursday,"December 4, 2014",9:00 AM,11:30 AM,E2 1310,,,,,,,,,,,,,,,
BME 121,001,Tuesday,"December 9, 2014",12:30 PM,3:00 PM,"E5 6006,6008",,,,,,,,,,,,,,,
BME 161,001,Thursday,"December 11, 2014",4:00 PM,6:30 PM,"E5 6004,6006,6008",,,,,,,,,,,,,,,
BME 181,001,Friday,"December 5, 2014",9:00 AM,11:30 AM,"E5 6006,6008",,,,,,,,,,,,,,,
BUS 111W,,Saturday,"December 6, 2014",12:30 PM,3:00 PM,"PAC 3,6,7,8",,,,,,,,,,,,,,,
BUS 127W,,See http://www.wlu.ca/page.php?grp_id=1366&p=14566,,,,WLU,,,,,,,,,,,,,,,
BUS 208W,,See http://www.wlu.ca/page.php?grp_id=1366&p=14566,,,,WLU,,,,,,,,,,,,,,,
BUS 231W,,See http://www.wlu.ca/page.php?grp_id=1366&p=14566,,,,WLU,,,,,,,,,,,,,,,
BUS 283W,,See http://www.wlu.ca/page.php?grp_id=1366&p=14566,,,,WLU,,,,,,,,,,,,,,,
BUS 288W,,See http://www.wlu.ca/page.php?grp_id=1366&p=14566,,,,WLU,,,,,,,,,,,,,,,
BUS 352W,,See http://www.wlu.ca/page.php?grp_id=1366&p=14566,,,,WLU,,,,,,,,,,,,,,,
BUS 353W,,See http://www.wlu.ca/page.php?grp_id=1366&p=14566,,,,WLU,,,,,,,,,,,,,,,
BUS 354W,,See http://www.wlu.ca/page.php?grp_id=1366&p=14566,,,,WLU,,,,,,,,,,,,,,,
BUS 357W,,See http://www.wlu.ca/page.php?grp_id=1366&p=14566,,,,WLU,,,,,,,,,,,,,,,
BUS 362W,,See http://www.wlu.ca/page.php?grp_id=1366&p=14566,,,,WLU,,,,,,,,,,,,,,,
BUS 383W,,See http://www.wlu.ca/page.php?grp_id=1366&p=14566,,,,WLU,,,,,,,,,,,,,,,
BUS 385W,,See http://www.wlu.ca/page.php?grp_id=1366&p=14566,,,,WLU,,,,,,,,,,,,,,,
BUS 387W,,See http://www.wlu.ca/page.php?grp_id=1366&p=14566,,,,WLU,,,,,,,,,,,,,,,
BUS 397W,,See http://www.wlu.ca/page.php?grp_id=1366&p=14566,,,,WLU,,,,,,,,,,,,,,,
BUS 403W,,See http://www.wlu.ca/page.php?grp_id=1366&p=14566,,,,WLU,,,,,,,,,,,,,,,
BUS 408W,,See http://www.wlu.ca/page.php?grp_id=1366&p=14566,,,,WLU,,,,,,,,,,,,,,,
BUS 413W,,See http://www.wlu.ca/page.php?grp_id=1366&p=14566,,,,WLU,,,,,,,,,,,,,,,
BUS 417W,,See http://www.wlu.ca/page.php?grp_id=1366&p=14566,,,,WLU,,,,,,,,,,,,,,,
BUS 423W,,See http://www.wlu.ca/page.php?grp_id=1366&p=14566,,,,WLU,,,,,,,,,,,,,,,
BUS 452W,,See http://www.wlu.ca/page.php?grp_id=1366&p=14566,,,,WLU,,,,,,,,,,,,,,,
BUS 466W,,See http://www.wlu.ca/page.php?grp_id=1366&p=14566,,,,WLU,,,,,,,,,,,,,,,
BUS 467W,,See http://www.wlu.ca/page.php?grp_id=1366&p=14566,,,,WLU,,,,,,,,,,,,,,,
BUS 473W,,See http://www.wlu.ca/page.php?grp_id=1366&p=14566,,,,WLU,,,,,,,,,,,,,,,
BUS 477W,,See http://www.wlu.ca/page.php?grp_id=1366&p=14566,,,,WLU,,,,,,,,,,,,,,,
BUS 481W,,See http://www.wlu.ca/page.php?grp_id=1366&p=14566,,,,WLU,,,,,,,,,,,,,,,
BUS 486W,,See http://www.wlu.ca/page.php?grp_id=1366&p=14566,,,,WLU,,,,,,,,,,,,,,,
CHE 100,001,Wednesday,"December 10, 2014",12:30 PM,3:00 PM,M3 1006,,,,,,,,,,,,,,,
CHE 102,001 to 012,Monday,"December 15, 2014",9:00 AM,11:30 AM,"PAC 1,2,3,4,5,6,7,8,9,10,11,12
M3 1006,MC 2034,2035,2038",,,,,,,,,,,,,,,
CHE 200,001,Thursday,"December 11, 2014",9:00 AM,11:30 AM,"RCH 110,112",,,,,,,,,,,,,,,
CHE 211,001,Friday,"December 5, 2014",9:00 AM,11:30 AM,"DWE 2527,2529",,,,,,,,,,,,,,,
CHE 220,001,Saturday,"December 6, 2014",9:00 AM,11:30 AM,"DC 1350,1351",,,,,,,,,,,,,,,
CHE 230,001,Thursday,"December 4, 2014",9:00 AM,11:30 AM,RCH 302,,,,,,,,,,,,,,,
CHE 231,001,Tuesday,"December 16, 2014",9:00 AM,11:30 AM,"E6 2024,4022",,,,,,,,,,,,,,,
CHE 241,001,Friday,"December 12, 2014",4:00 PM,6:20 PM,"E6 2024,4022",,,,,,,,,,,,,,,
CHE 311,001,Monday,"December 15, 2014",12:30 PM,3:00 PM,"RCH 110,112",,,,,,,,,,,,,,,
CHE 313,001,Monday,"December 8, 2014",12:30 PM,3:00 PM,"RCH 103,105",,,,,,,,,,,,,,,
CHE 325,001,Saturday,"December 13, 2014",9:00 AM,11:30 AM,PAC 8,,,,,,,,,,,,,,,
CHE 331,001,Thursday,"December 4, 2014",9:00 AM,11:30 AM,"RCH 305,307",,,,,,,,,,,,,,,
CHE 420,001,Friday,"December 5, 2014",9:00 AM,11:30 AM,"E6 2024,4022",,,,,,,,,,,,,,,
CHE 480,001,Wednesday,"December 10, 2014",12:30 PM,3:00 PM,"E6 2024,4022",,,,,,,,,,,,,,,
CHE 541,001,Saturday,"December 6, 2014",4:00 PM,6:30 PM,E6 2024,,,,,,,,,,,,,,,
CHEM 120,001 to 005,Thursday,"December 4, 2014",9:00 AM,11:30 AM,"PAC 1,2,3,4,5,6,7,8,9,10,11,12,
M3 1006,DC 1350,1351,
MC 2017,2054,4059,4061",,,,,,,,,,,,,,,
CHEM 120L,001 to 016,Friday,"December 5, 2014",7:30 PM,9:30 PM,"PAC 1,2,3,4,5,6,7,8,9,10,11,12
DC 1350,1351,MC 1056",,,,,,,,,,,,,,,
CHEM 123,081 Online,See https://uwaterloo.ca/quest/help/students/how-do-i/online-exam-schedule,,,,,,,,,,,,,,,,,,,
CHEM 209,001,Thursday,"December 11, 2014",9:00 AM,11:30 AM,"DC 1350,1351",,,,,,,,,,,,,,,
CHEM 217,081 Online,See https://uwaterloo.ca/quest/help/students/how-do-i/online-exam-schedule,,,,,,,,,,,,,,,,,,,
CHEM 220,001,Wednesday,"December 17, 2014",4:00 PM,6:30 PM,"PAC 7,8",,,,,,,,,,,,,,,
CHEM 237,001,Monday,"December 8, 2014",7:30 PM,10:00 PM,M3 1006,,,,,,,,,,,,,,,
CHEM 237L,001 to 003,Thursday,"December 18, 2014",7:30 PM,9:30 PM,M3 1006,,,,,,,,,,,,,,,
CHEM 240,001,Tuesday,"December 9, 2014",7:30 PM,10:00 PM,"PAC 9,10",,,,,,,,,,,,,,,
CHEM 262,001,Monday,"December 8, 2014",12:30 PM,3:00 PM,RCH 301,,,,,,,,,,,,,,,
CHEM 264,001,Monday,"December 8, 2014",9:00 AM,11:30 AM,"DC 1350,1351",,,,,,,,,,,,,,,
CHEM 266,"001,002",Thursday,"December 4, 2014",7:30 PM,10:00 PM,"PAC 1,2,3,4,5,6,9,10,11",,,,,,,,,,,,,,,
CHEM 266,081 Online,See https://uwaterloo.ca/quest/help/students/how-do-i/online-exam-schedule,,,,,,,,,,,,,,,,,,,
CHEM 310,001,Monday,"December 8, 2014",7:30 PM,10:00 PM,RCH 105,,,,,,,,,,,,,,,
CHEM 331,001,Monday,"December 15, 2014",4:00 PM,6:30 PM,"PAC 11,12",,,,,,,,,,,,,,,
CHEM 333,001,Thursday,"December 4, 2014",7:30 PM,10:00 PM,RCH 301,,,,,,,,,,,,,,,
CHEM 356,001,Wednesday,"December 10, 2014",9:00 AM,11:30 AM,MC 4045,,,,,,,,,,,,,,,
CHEM 370,001,Thursday,"December 4, 2014",12:30 PM,3:00 PM,RCH 211,,,,,,,,,,,,,,,
CHEM 404,001,Saturday,"December 13, 2014",7:30 PM,10:00 PM,PAC 10,,,,,,,,,,,,,,,
CHEM 432,001,Friday,"December 12, 2014",7:30 PM,9:30 PM,RCH 306,,,,,,,,,,,,,,,
CHEM 460,001,Friday,"December 5, 2014",7:30 PM,10:00 PM,RCH 205,,,,,,,,,,,,,,,
CHEM 464,001,Exam removed from schedule. Contact instructor for further information.,,,,,,,,,,,,,,,,,,,
CHEM 770,001,Thursday,"December 4, 2014",12:30 PM,3:00 PM,RCH 211,,,,,,,,,,,,,,,
CHINA 101R,"001,002",Tuesday,"December 16, 2014",7:30 PM,10:00 PM,"REN 0104,0106",,,,,,,,,,,,,,,
CHINA 102R,001,Monday,"December 8, 2014",9:00 AM,11:30 AM,REN 0104,,,,,,,,,,,,,,,
CHINA 120R,"001,002",Thursday,"December 18, 2014",12:30 PM,3:00 PM,REN 2106,,,,,,,,,,,,,,,
CHINA 201R,001,Thursday,"December 4, 2014",9:00 AM,11:30 AM,REN 2102,,,,,,,,,,,,,,,
CHINA 202R,001,Thursday,"December 4, 2014",9:00 AM,11:30 AM,REN 0403,,,,,,,,,,,,,,,
CHINA 272R,001,Tuesday,"December 16, 2014",4:00 PM,6:30 PM,REN 2102,,,,,,,,,,,,,,,
CHINA 301R,001,Friday,"December 5, 2014",12:30 PM,3:00 PM,REN 2102,,,,,,,,,,,,,,,
CIVE 204,001,Thursday,"December 11, 2014",9:00 AM,11:30 AM,"CPH 3602,3604,3607",,,,,,,,,,,,,,,
CIVE 221,001,Tuesday,"December 9, 2014",9:00 AM,11:30 AM,"CPH 3602,3604,3607",,,,,,,,,,,,,,,
CIVE 224,001,Thursday,"December 4, 2014",9:00 AM,11:30 AM,"CPH 3602,3604,3607",,,,,,,,,,,,,,,
CIVE 265,001,Monday,"December 15, 2014",9:00 AM,11:30 AM,"CPH 3602,3604,3607",,,,,,,,,,,,,,,
CIVE 292,001,Saturday,"December 6, 2014",9:00 AM,11:30 AM,"CPH 3602,3604,3607",,,,,,,,,,,,,,,
CIVE 306,001,Saturday,"December 6, 2014",7:30 PM,10:00 PM,"CPH 3604,3607",,,,,,,,,,,,,,,
CIVE 313,001,Friday,"December 5, 2014",9:00 AM,11:30 AM,"RCH 103,105,106",,,,,,,,,,,,,,,
CIVE 332,001,Wednesday,"December 10, 2014",9:00 AM,11:30 AM,"CPH 3602,3604,3607",,,,,,,,,,,,,,,
CIVE 343,001,Monday,"December 15, 2014",12:30 PM,3:00 PM,CPH 3607,,,,,,,,,,,,,,,
CIVE 354,001,Monday,"December 8, 2014",4:00 PM,6:30 PM,"CPH 3602,3604,3607",,,,,,,,,,,,,,,
CIVE 381,001,Friday,"December 12, 2014",12:30 PM,3:00 PM,CPH 3604,,,,,,,,,,,,,,,
CIVE 486,001,Thursday,"December 18, 2014",12:30 PM,3:00 PM,CPH 3607,,,,,,,,,,,,,,,
CIVE 497,001,Monday,"December 8, 2014",9:00 AM,11:30 AM,"E5 3101,3102",,,,,,,,,,,,,,,
CLAS 100,001,Friday,"December 19, 2014",4:00 PM,6:00 PM,DC 1351,,,,,,,,,,,,,,,
CLAS 105,001,Wednesday,"December 10, 2014",4:00 PM,6:00 PM,DC 1350,,,,,,,,,,,,,,,
CLAS 202,001,Wednesday,"December 17, 2014",7:30 PM,9:30 PM,"PAC 1,2,3,4",,,,,,,,,,,,,,,
CLAS 221,001,Monday,"December 15, 2014",7:30 PM,9:30 PM,RCH 211,,,,,,,,,,,,,,,
CLAS 242,001,Thursday,"December 4, 2014",12:30 PM,2:30 PM,AL 105,,,,,,,,,,,,,,,
CLAS 251,001,Monday,"December 8, 2014",4:00 PM,6:00 PM,RCH 307,,,,,,,,,,,,,,,
CLAS 261,081 Online,See https://uwaterloo.ca/quest/help/students/how-do-i/online-exam-schedule,,,,,,,,,,,,,,,,,,,
CMW 364,001,Thursday,"December 4, 2014",9:00 AM,11:30 AM,CGC 1300,,,,,,,,,,,,,,,
CO 227,001,Friday,"December 12, 2014",4:00 PM,6:30 PM,RCH 308,,,,,,,,,,,,,,,
CO 250,"001,002",Tuesday,"December 9, 2014",7:30 PM,10:00 PM,"PAC 7,8",,,,,,,,,,,,,,,
CO 255,001,Friday,"December 5, 2014",7:30 PM,10:00 PM,RCH 209,,,,,,,,,,,,,,,
CO 330,001,Wednesday,"December 10, 2014",4:00 PM,6:30 PM,RCH 305,,,,,,,,,,,,,,,
CO 342,001,Thursday,"December 18, 2014",9:00 AM,11:30 AM,PAC 3,,,,,,,,,,,,,,,
CO 351,001,Saturday,"December 13, 2014",7:30 PM,10:00 PM,MC 4042,,,,,,,,,,,,,,,
CO 370,001,Monday,"December 15, 2014",9:00 AM,11:30 AM,"RCH 110,112",,,,,,,,,,,,,,,
CO 372,001,Saturday,"December 13, 2014",7:30 PM,10:00 PM,MC 4045,,,,,,,,,,,,,,,
CO 430,001,Monday,"December 8, 2014",7:30 PM,10:00 PM,RCH 209,,,,,,,,,,,,,,,
CO 442,001,Saturday,"December 6, 2014",7:30 PM,10:00 PM,RCH 205,,,,,,,,,,,,,,,
CO 450,001,Saturday,"December 6, 2014",9:00 AM,11:30 AM,MC 2038,,,,,,,,,,,,,,,
CO 456,001,Friday,"December 5, 2014",7:30 PM,10:00 PM,RCH 302,,,,,,,,,,,,,,,
CO 463,001,Thursday,"December 4, 2014",9:00 AM,11:30 AM,MC 4064,,,,,,,,,,,,,,,
CO 485,001,Friday,"December 5, 2014",9:00 AM,11:30 AM,MC 4064,,,,,,,,,,,,,,,
CO 630,001,Monday,"December 8, 2014",7:30 PM,10:00 PM,RCH 209,,,,,,,,,,,,,,,
CO 642,001,Saturday,"December 6, 2014",7:30 PM,10:00 PM,RCH 205,,,,,,,,,,,,,,,
CO 650,001,Saturday,"December 6, 2014",9:00 AM,11:30 AM,MC 2038,,,,,,,,,,,,,,,
CO 663,001,Thursday,"December 4, 2014",9:00 AM,11:30 AM,MC 4064,,,,,,,,,,,,,,,
CO 685,001,Friday,"December 5, 2014",9:00 AM,11:30 AM,MC 4064,,,,,,,,,,,,,,,
COMM 231,001,Thursday,"December 18, 2014",4:00 PM,6:30 PM,"PAC 1,2",,,,,,,,,,,,,,,
COMM 421,001,Tuesday,"December 9, 2014",4:00 PM,6:30 PM,RCH 306,,,,,,,,,,,,,,,
COMM 431,001,Tuesday,"December 16, 2014",7:30 PM,10:00 PM,PAC 8,,,,,,,,,,,,,,,
CROAT 101,001,Thursday,"December 11, 2014",9:00 AM,11:30 AM,ML 246,,,,,,,,,,,,,,,
CROAT 101,081 Online,See https://uwaterloo.ca/quest/help/students/how-do-i/online-exam-schedule,,,,,,,,,,,,,,,,,,,
CROAT 201,001,Friday,"December 5, 2014",4:00 PM,6:30 PM,ML 212,,,,,,,,,,,,,,,
CS 100,081 Online,See https://uwaterloo.ca/quest/help/students/how-do-i/online-exam-schedule,,,,,,,,,,,,,,,,,,,
CS 115,"001,002,004 to 006",Friday,"December 12, 2014",9:00 AM,11:30 AM,"PAC 1,2,3,4,5,6,7,8,9",,,,,,,,,,,,,,,
CS 115,003,Friday,"December 12, 2014",9:00 AM,11:30 AM,"PAC 11,12",,,,,,,,,,,,,,,
CS 116,"001,002",Friday,"December 12, 2014",4:00 PM,6:30 PM,"DC 1350,1351",,,,,,,,,,,,,,,
CS 135,001 to 008,Friday,"December 12, 2014",12:30 PM,3:00 PM,"PAC 1,2,3,4,5,6,7,8,9,10",,,,,,,,,,,,,,,
CS 136,"001,002",Friday,"December 12, 2014",12:30 PM,3:00 PM,"RCH 301,302,305,306",,,,,,,,,,,,,,,
CS 137,001,Tuesday,"December 16, 2014",12:30 PM,3:00 PM,"PAC 4,5",,,,,,,,,,,,,,,
CS 145,001,Thursday,"December 18, 2014",7:30 PM,10:00 PM,PAC 4,,,,,,,,,,,,,,,
CS 200,001,Friday,"December 5, 2014",7:30 PM,10:00 PM,RCH 204,,,,,,,,,,,,,,,
CS 230,001,Wednesday,"December 17, 2014",12:30 PM,3:00 PM,M3 1006,,,,,,,,,,,,,,,
CS 234,001,Friday,"December 19, 2014",9:00 AM,11:30 AM,PAC 4,,,,,,,,,,,,,,,
CS 240,"001,002",Saturday,"December 13, 2014",9:00 AM,11:30 AM,"PAC 11,12",,,,,,,,,,,,,,,
CS 241,001 to 004,Monday,"December 8, 2014",7:30 PM,10:00 PM,"DC 1350,1351,MC 1056",,,,,,,,,,,,,,,
CS 245,001 to 004,Thursday,"December 18, 2014",9:00 AM,11:30 AM,"PAC 4,5,6,7",,,,,,,,,,,,,,,
CS 246,001 to 004,Monday,"December 8, 2014",12:30 PM,3:00 PM,"PAC 4,5,6,7",,,,,,,,,,,,,,,
CS 251,"001,002",Monday,"December 15, 2014",4:00 PM,6:30 PM,"PAC 7,8",,,,,,,,,,,,,,,
CS 330,"001,002",Monday,"December 15, 2014",4:00 PM,6:30 PM,"PAC 4,5,6",,,,,,,,,,,,,,,
CS 335,001,Monday,"December 8, 2014",7:30 PM,10:00 PM,PAC 8,,,,,,,,,,,,,,,
CS 338,001,Wednesday,"December 17, 2014",4:00 PM,6:30 PM,"PAC 2,3",,,,,,,,,,,,,,,
CS 341,001 to 003,Wednesday,"December 17, 2014",9:00 AM,11:30 AM,"PAC 7,8",,,,,,,,,,,,,,,
CS 343,"001,002",Friday,"December 12, 2014",9:00 AM,11:30 AM,M3 1006,,,,,,,,,,,,,,,
CS 348,001 to 004,Monday,"December 8, 2014",9:00 AM,11:30 AM,"RCH 301,302,305,306,307",,,,,,,,,,,,,,,
CS 349,"001,002",Thursday,"December 11, 2014",9:00 AM,11:30 AM,"RCH 301,302",,,,,,,,,,,,,,,
CS 350,001 to 003,Thursday,"December 4, 2014",7:30 PM,10:00 PM,"PAC 7,8,12",,,,,,,,,,,,,,,
CS 360,001,Friday,"December 12, 2014",7:30 PM,10:00 PM,RCH 301,,,,,,,,,,,,,,,
CS 370,"001,002",Tuesday,"December 16, 2014",4:00 PM,6:30 PM,"PAC 7,8",,,,,,,,,,,,,,,
CS 430,001,Saturday,"December 13, 2014",4:00 PM,6:30 PM,MC 4045,,,,,,,,,,,,,,,
CS 432,001,Tuesday,"December 9, 2014",7:30 PM,10:00 PM,PAC 11,,,,,,,,,,,,,,,
CS 436,001,Wednesday,"December 10, 2014",7:30 PM,10:00 PM,PAC 8,,,,,,,,,,,,,,,
CS 445,001,Thursday,"December 11, 2014",4:00 PM,6:30 PM,M3 1006,,,,,,,,,,,,,,,
CS 456,"001,002",Tuesday,"December 9, 2014",9:00 AM,11:30 AM,"RCH 103,105",,,,,,,,,,,,,,,
CS 458,001 to 003,Saturday,"December 6, 2014",12:30 PM,3:00 PM,"PAC 4,5",,,,,,,,,,,,,,,
CS 466,001,Thursday,"December 4, 2014",12:30 PM,3:00 PM,RCH 302,,,,,,,,,,,,,,,
CS 486,001,Tuesday,"December 9, 2014",12:30 PM,3:00 PM,"RCH 110,112",,,,,,,,,,,,,,,
CS 488,001,Thursday,"December 4, 2014",7:30 PM,10:00 PM,RCH 305,,,,,,,,,,,,,,,
CS 645,"001,002",Thursday,"December 11, 2014",4:00 PM,6:30 PM,M3 1006,,,,,,,,,,,,,,,
CS 656,002,Tuesday,"December 9, 2014",9:00 AM,11:30 AM,"RCH 103,105",,,,,,,,,,,,,,,
CS 658,"001,002",Saturday,"December 6, 2014",12:30 PM,3:00 PM,"PAC 4,5",,,,,,,,,,,,,,,
CS 666,001,Thursday,"December 4, 2014",12:30 PM,3:00 PM,RCH 302,,,,,,,,,,,,,,,
CS 686,001,Tuesday,"December 9, 2014",12:30 PM,3:00 PM,"RCH 110,112",,,,,,,,,,,,,,,
CS 688,001,Thursday,"December 4, 2014",7:30 PM,10:00 PM,RCH 305,,,,,,,,,,,,,,,
DRAMA 243,001,Thursday,"December 11, 2014",12:30 PM,2:00 PM,RCH 205,,,,,,,,,,,,,,,
DRAMA 386,081 Online,See https://uwaterloo.ca/quest/help/students/how-do-i/online-exam-schedule,,,,,,,,,,,,,,,,,,,
DUTCH 101,001,Monday,"December 8, 2014",9:00 AM,11:30 AM,AL 105,,,,,,,,,,,,,,,
EARTH 121,001,Wednesday,"December 10, 2014",9:00 AM,11:30 AM,"PAC 6,7,8",,,,,,,,,,,,,,,
EARTH 121L,001 to 005,Saturday,"December 13, 2014",12:30 PM,2:30 PM,M3 1006,,,,,,,,,,,,,,,
EARTH 123,001,Friday,"December 12, 2014",12:30 PM,3:00 PM,M3 1006,,,,,,,,,,,,,,,
EARTH 123L,001 to 004,Monday,"December 8, 2014",9:00 AM,11:30 AM,MC 1085,,,,,,,,,,,,,,,
EARTH 231,001,Wednesday,"December 17, 2014",4:00 PM,6:30 PM,M3 1006,,,,,,,,,,,,,,,
EARTH 235,001,Monday,"December 8, 2014",4:00 PM,6:30 PM,DC 1350,,,,,,,,,,,,,,,
EARTH 260,001,Thursday,"December 4, 2014",7:30 PM,10:00 PM,RCH 302,,,,,,,,,,,,,,,
EARTH 331,001,Friday,"December 5, 2014",4:00 PM,6:30 PM,RCH 204,,,,,,,,,,,,,,,
EARTH 342,001,Tuesday,"December 9, 2014",7:30 PM,10:00 PM,PAC 6,,,,,,,,,,,,,,,
EARTH 359,001,Monday,"December 15, 2014",12:30 PM,3:00 PM,RCH 301,,,,,,,,,,,,,,,
EARTH 421,001,Tuesday,"December 16, 2014",12:30 PM,3:00 PM,PAC 3,,,,,,,,,,,,,,,
EARTH 440,001,Thursday,"December 11, 2014",12:30 PM,3:00 PM,"PAC 9,10",,,,,,,,,,,,,,,
EARTH 461,001,Thursday,"December 4, 2014",7:30 PM,10:00 PM,RCH 306,,,,,,,,,,,,,,,
EARTH 668,001,Thursday,"December 4, 2014",7:30 PM,10:00 PM,RCH 306,,,,,,,,,,,,,,,
ECE 105,001 to 004,Wednesday,"December 10, 2014",12:30 PM,3:00 PM,"PAC 4,5,6,7,8,11",,,,,,,,,,,,,,,
ECE 140,001 to 004,Friday,"December 5, 2014",9:00 AM,11:30 AM,"M3 1006,MC 1085,4020,4021,
MC 4045,4059,4061",,,,,,,,,,,,,,,
ECE 150,001 to 003,Saturday,"December 13, 2014",9:00 AM,11:30 AM,"PAC 4,5,6,7",,,,,,,,,,,,,,,
ECE 205,001,Saturday,"December 13, 2014",12:30 PM,3:00 PM,"MC 4059,4060,4061",,,,,,,,,,,,,,,
ECE 206,001,Monday,"December 15, 2014",12:30 PM,3:00 PM,"RCH 204,211",,,,,,,,,,,,,,,
ECE 207,"001,002",Friday,"December 5, 2014",12:30 PM,3:00 PM,"RCH 302,305,306,308",,,,,,,,,,,,,,,
ECE 209,001,Tuesday,"December 9, 2014",9:00 AM,11:30 AM,"MC 2017,2054",,,,,,,,,,,,,,,
ECE 222,001,Thursday,"December 11, 2014",12:30 PM,3:00 PM,"RCH 103,105,110",,,,,,,,,,,,,,,
ECE 222,002,Thursday,"December 11, 2014",12:30 PM,3:00 PM,"RCH 301,308,309",,,,,,,,,,,,,,,
ECE 224,"001,002",Monday,"December 15, 2014",4:00 PM,6:30 PM,"PAC 2,3",,,,,,,,,,,,,,,
ECE 240,001,Friday,"December 5, 2014",4:00 PM,6:30 PM,"RCH 301,302",,,,,,,,,,,,,,,
ECE 242,"001,002",Friday,"December 12, 2014",4:00 PM,6:30 PM,M3 1006,,,,,,,,,,,,,,,
ECE 250,001,Monday,"December 8, 2014",4:00 PM,6:30 PM,M3 1006,,,,,,,,,,,,,,,
ECE 254,001,Wednesday,"December 17, 2014",4:00 PM,6:30 PM,PAC 4,,,,,,,,,,,,,,,
ECE 290,001,Tuesday,"December 16, 2014",9:00 AM,11:30 AM,M3 1006,,,,,,,,,,,,,,,
ECE 318,001,Friday,"December 12, 2014",9:00 AM,11:30 AM,"RCH 302,305",,,,,,,,,,,,,,,
ECE 356,001,Tuesday,"December 9, 2014",4:00 PM,6:30 PM,"PAC 9,10",,,,,,,,,,,,,,,
ECE 358,001,Tuesday,"December 16, 2014",12:30 PM,3:00 PM,PAC 6,,,,,,,,,,,,,,,
ECE 361,001,Wednesday,"December 10, 2014",4:00 PM,6:30 PM,RCH 110,,,,,,,,,,,,,,,
ECE 390,001,Monday,"December 8, 2014",7:30 PM,10:00 PM,"PAC 11,12",,,,,,,,,,,,,,,
ECE 484,001,Thursday,"December 4, 2014",9:00 AM,11:30 AM,"DWE 1501,2402",,,,,,,,,,,,,,,
ECON 101,001,Thursday,"December 4, 2014",4:00 PM,6:30 PM,"PAC 4,5",,,,,,,,,,,,,,,
ECON 101,002,Thursday,"December 4, 2014",4:00 PM,6:30 PM,"PAC 3,6,10",,,,,,,,,,,,,,,
ECON 101,003,Thursday,"December 4, 2014",4:00 PM,6:30 PM,"DC 1350,1351",,,,,,,,,,,,,,,
ECON 101,004,Thursday,"December 4, 2014",4:00 PM,6:30 PM,"RCH 103,105,110,112",,,,,,,,,,,,,,,
ECON 101,005,Thursday,"December 4, 2014",4:00 PM,6:30 PM,"PAC 7,8",,,,,,,,,,,,,,,
ECON 101,006,Thursday,"December 4, 2014",4:00 PM,6:30 PM,"PAC 1,2,9",,,,,,,,,,,,,,,
ECON 101,007,Thursday,"December 4, 2014",4:00 PM,6:30 PM,"RCH 301,302,306,307",,,,,,,,,,,,,,,
ECON 101,008,Thursday,"December 4, 2014",4:00 PM,6:30 PM,M3 1006,,,,,,,,,,,,,,,
ECON 101,081 Online,See https://uwaterloo.ca/quest/help/students/how-do-i/online-exam-schedule,,,,,,,,,,,,,,,,,,,
ECON 102,"001,003",Tuesday,"December 16, 2014",4:00 PM,6:30 PM,"PAC 1,2,3",,,,,,,,,,,,,,,
ECON 102,002,Tuesday,"December 16, 2014",4:00 PM,6:30 PM,"PAC 4,5,6",,,,,,,,,,,,,,,
ECON 120W,,See http://www.wlu.ca/page.php?grp_id=1366&p=14566,,,,WLU,,,,,,,,,,,,,,,
ECON 201,"001,005",Tuesday,"December 9, 2014",4:00 PM,6:30 PM,"PAC 4,5",,,,,,,,,,,,,,,
ECON 201,002,Tuesday,"December 9, 2014",4:00 PM,6:30 PM,PAC 6,,,,,,,,,,,,,,,
ECON 201,003,Tuesday,"December 9, 2014",4:00 PM,6:30 PM,PAC 3,,,,,,,,,,,,,,,
ECON 201,004,Tuesday,"December 9, 2014",4:00 PM,6:30 PM,PAC 7,,,,,,,,,,,,,,,
ECON 202,"001,003",Friday,"December 5, 2014",7:30 PM,10:00 PM,"RCH 103,105,110,112",,,,,,,,,,,,,,,
ECON 202,"002,004",Friday,"December 5, 2014",7:30 PM,10:00 PM,M3 1006,,,,,,,,,,,,,,,
ECON 211,001,Thursday,"December 11, 2014",9:00 AM,11:30 AM,RCH 211,,,,,,,,,,,,,,,
ECON 221,001,Monday,"December 8, 2014",12:30 PM,3:00 PM,RCH 302,,,,,,,,,,,,,,,
ECON 221,002,Monday,"December 8, 2014",12:30 PM,3:00 PM,"PAC 9,10",,,,,,,,,,,,,,,
ECON 231,"001,002",Tuesday,"December 16, 2014",12:30 PM,3:00 PM,"PAC 1,2",,,,,,,,,,,,,,,
ECON 254,001,Thursday,"December 4, 2014",12:30 PM,3:00 PM,"RCH 103,105",,,,,,,,,,,,,,,
ECON 301,001,Thursday,"December 11, 2014",7:30 PM,10:00 PM,PAC 7,,,,,,,,,,,,,,,
ECON 301,002,Thursday,"December 11, 2014",7:30 PM,10:00 PM,PAC 8,,,,,,,,,,,,,,,
ECON 302,001,Wednesday,"December 10, 2014",7:30 PM,10:00 PM,PAC 1,,,,,,,,,,,,,,,
ECON 302,002,Wednesday,"December 10, 2014",7:30 PM,10:00 PM,PAC 2,,,,,,,,,,,,,,,
ECON 304,001,Tuesday,"December 9, 2014",4:00 PM,6:30 PM,PAC 8,,,,,,,,,,,,,,,
ECON 311,001,Saturday,"December 6, 2014",7:30 PM,10:00 PM,RCH 306,,,,,,,,,,,,,,,
ECON 321,001,Friday,"December 12, 2014",7:30 PM,10:00 PM,RCH 308,,,,,,,,,,,,,,,
ECON 321,002,Friday,"December 12, 2014",7:30 PM,10:00 PM,RCH 302,,,,,,,,,,,,,,,
ECON 341,001,Thursday,"December 18, 2014",9:00 AM,10:30 AM,MC 4045,,,,,,,,,,,,,,,
ECON 351,001,Monday,"December 8, 2014",7:30 PM,9:30 PM,RCH 103,,,,,,,,,,,,,,,
ECON 355,001,Saturday,"December 13, 2014",12:30 PM,3:00 PM,MC 4020,,,,,,,,,,,,,,,
ECON 361,001,Monday,"December 15, 2014",4:00 PM,6:30 PM,"PAC 9,10",,,,,,,,,,,,,,,
ECON 371,"001,002",Saturday,"December 13, 2014",7:30 PM,10:00 PM,"PAC 7,8",,,,,,,,,,,,,,,
ECON 381,001,Monday,"December 15, 2014",7:30 PM,10:00 PM,RCH 307,,,,,,,,,,,,,,,
ECON 401,001,Wednesday,"December 10, 2014",12:30 PM,3:00 PM,PAC 12,,,,,,,,,,,,,,,
ECON 402,001,Saturday,"December 6, 2014",4:00 PM,5:30 PM,RCH 204,,,,,,,,,,,,,,,
ECON 404,001,Friday,"December 5, 2014",4:00 PM,6:30 PM,RCH 205,,,,,,,,,,,,,,,
ECON 421,001,Thursday,"December 11, 2014",12:30 PM,3:00 PM,RCH 206,,,,,,,,,,,,,,,
ECON 421,002,Thursday,"December 11, 2014",12:30 PM,3:00 PM,RCH 204,,,,,,,,,,,,,,,
ECON 483,001,Thursday,"December 18, 2014",9:00 AM,11:30 AM,PAC 8,,,,,,,,,,,,,,,
ELPE 100,081 Online,See https://uwaterloo.ca/quest/help/students/how-do-i/online-exam-schedule,,,,,,,,,,,,,,,,,,,
ENBUS 202,001,Monday,"December 8, 2014",9:00 AM,11:30 AM,"MC 4020,4021",,,,,,,,,,,,,,,
ENBUS 204,001,Monday,"December 15, 2014",9:00 AM,11:30 AM,"RCH 103,105",,,,,,,,,,,,,,,
ENBUS 409,001,Friday,"December 12, 2014",12:30 PM,3:00 PM,RCH 308,,,,,,,,,,,,,,,
ENGL 100A,001,Monday,"December 8, 2014",9:00 AM,11:30 AM,REN 2102,,,,,,,,,,,,,,,
ENGL 101A,001,Friday,"December 5, 2014",12:30 PM,3:00 PM,HH 1102,,,,,,,,,,,,,,,
ENGL 101A,002,Saturday,"December 6, 2014",4:00 PM,6:30 PM,STJ 3027,,,,,,,,,,,,,,,
ENGL 101A,003,Wednesday,"December 10, 2014",9:00 AM,11:30 AM,STJ 3015,,,,,,,,,,,,,,,
ENGL 101B,002,Friday,"December 5, 2014",12:30 PM,3:00 PM,HH 2107,,,,,,,,,,,,,,,
ENGL 101B,081 Online,See https://uwaterloo.ca/quest/help/students/how-do-i/online-exam-schedule,,,,,,,,,,,,,,,,,,,
ENGL 108A,001,Thursday,"December 18, 2014",12:30 PM,3:00 PM,STJ 2017,,,,,,,,,,,,,,,
ENGL 108C,001,Friday,"December 5, 2014",12:30 PM,3:00 PM,STJ 2011,,,,,,,,,,,,,,,
ENGL 108D,001,Friday,"December 5, 2014",9:00 AM,11:30 AM,RCH 309,,,,,,,,,,,,,,,
ENGL 108F,001,Friday,"December 5, 2014",4:00 PM,6:30 PM,STJ 3027,,,,,,,,,,,,,,,
ENGL 108F,002,Monday,"December 8, 2014",12:30 PM,3:00 PM,STJ 3016,,,,,,,,,,,,,,,
ENGL 108H,001,Wednesday,"December 10, 2014",9:00 AM,11:30 AM,HH 2107,,,,,,,,,,,,,,,
ENGL 109,006 to 008,Monday,"December 15, 2014",4:00 PM,6:00 PM,HH 1101,,,,,,,,,,,,,,,
ENGL 109,081 Online,See https://uwaterloo.ca/quest/help/students/how-do-i/online-exam-schedule,,,,,,,,,,,,,,,,,,,
ENGL 190,081 Online,See https://uwaterloo.ca/quest/help/students/how-do-i/online-exam-schedule,,,,,,,,,,,,,,,,,,,
ENGL 200A,001,Wednesday,"December 10, 2014",12:30 PM,3:00 PM,PAC 10,,,,,,,,,,,,,,,
ENGL 200A,002,Tuesday,"December 9, 2014",4:00 PM,6:30 PM,STJ 2011,,,,,,,,,,,,,,,
ENGL 200A,003,Tuesday,"December 9, 2014",12:30 PM,3:00 PM,RCH 309,,,,,,,,,,,,,,,
ENGL 200A,081 Online,See https://uwaterloo.ca/quest/help/students/how-do-i/online-exam-schedule,,,,,,,,,,,,,,,,,,,
ENGL 202A,081 Online,See https://uwaterloo.ca/quest/help/students/how-do-i/online-exam-schedule,,,,,,,,,,,,,,,,,,,
ENGL 208A,001,Thursday,"December 4, 2014",7:30 PM,10:00 PM,STJ 2017,,,,,,,,,,,,,,,
ENGL 208C,081 Online,See https://uwaterloo.ca/quest/help/students/how-do-i/online-exam-schedule,,,,,,,,,,,,,,,,,,,
ENGL 208H,001,Monday,"December 15, 2014",12:30 PM,3:00 PM,RCH 205,,,,,,,,,,,,,,,
ENGL 208M,001,Monday,"December 15, 2014",7:30 PM,10:00 PM,STJ 3016,,,,,,,,,,,,,,,
ENGL 210F,081 Online,See https://uwaterloo.ca/quest/help/students/how-do-i/online-exam-schedule,,,,,,,,,,,,,,,,,,,
ENGL 210I,001,Friday,"December 12, 2014",7:30 PM,10:00 PM,STJ 2011,,,,,,,,,,,,,,,
ENGL 251A,001,Thursday,"December 11, 2014",12:30 PM,3:00 PM,STJ 2009,,,,,,,,,,,,,,,
ENGL 251A,004,Thursday,"December 4, 2014",7:30 PM,10:00 PM,STJ 3012,,,,,,,,,,,,,,,
ENGL 251A,005,Tuesday,"December 16, 2014",9:00 AM,11:30 AM,MC 4041,,,,,,,,,,,,,,,
ENGL 251A,081 Online,See https://uwaterloo.ca/quest/help/students/how-do-i/online-exam-schedule,,,,,,,,,,,,,,,,,,,
ENGL 306A,"001,002",Saturday,"December 13, 2014",7:30 PM,10:00 PM,MC 4020,,,,,,,,,,,,,,,
ENGL 310A,001,Friday,"December 5, 2014",9:00 AM,11:30 AM,STJ 3012,,,,,,,,,,,,,,,
ENGL 325,001,Thursday,"December 4, 2014",9:00 AM,11:30 AM,STJ 3027,,,,,,,,,,,,,,,
ENGL 342,001,Wednesday,"December 10, 2014",4:00 PM,6:30 PM,RCH 306,,,,,,,,,,,,,,,
ENGL 350A,001,Thursday,"December 11, 2014",12:30 PM,3:00 PM,RCH 306,,,,,,,,,,,,,,,
ENGL 350B,081 Online,See https://uwaterloo.ca/quest/help/students/how-do-i/online-exam-schedule,,,,,,,,,,,,,,,,,,,
ENGL 362,081 Online,See https://uwaterloo.ca/quest/help/students/how-do-i/online-exam-schedule,,,,,,,,,,,,,,,,,,,
ENGL 371,001,Tuesday,"December 9, 2014",4:00 PM,6:30 PM,STJ 3015,,,,,,,,,,,,,,,
ENGL 376R,001,Thursday,"December 4, 2014",7:30 PM,10:00 PM,REN 2107,,,,,,,,,,,,,,,
ENVE 214,001,Saturday,"December 6, 2014",9:00 AM,11:30 AM,DWE 1501,,,,,,,,,,,,,,,
ENVE 223,001,Thursday,"December 4, 2014",9:00 AM,11:30 AM,"DWE 3522,3522A",,,,,,,,,,,,,,,
ENVE 276,001,Wednesday,"December 10, 2014",9:00 AM,11:30 AM,RCH 306,,,,,,,,,,,,,,,
ENVE 292,001,Friday,"December 12, 2014",9:00 AM,11:30 AM,CPH 3604,,,,,,,,,,,,,,,
ENVE 472,001,Monday,"December 8, 2014",9:00 AM,11:30 AM,CPH 3607,,,,,,,,,,,,,,,
ENVS 105,001,Thursday,"December 11, 2014",12:30 PM,3:00 PM,"RCH 302,305",,,,,,,,,,,,,,,
ENVS 200,001,Saturday,"December 13, 2014",9:00 AM,11:30 AM,"PAC 1,2,3",,,,,,,,,,,,,,,
ENVS 201,001,Thursday,"December 4, 2014",12:30 PM,3:00 PM,"PAC 7,8,11,12",,,,,,,,,,,,,,,
ENVS 278,"001,002",Monday,"December 8, 2014",12:30 PM,3:00 PM,"PAC 1,2,3,8",,,,,,,,,,,,,,,
ERS 110,001,Monday,"December 15, 2014",9:00 AM,11:30 AM,"AL 208,211",,,,,,,,,,,,,,,
ERS 211,001,Wednesday,"December 10, 2014",4:00 PM,6:30 PM,HH 1101,,,,,,,,,,,,,,,
ERS 234,001,Thursday,"December 18, 2014",4:00 PM,6:30 PM,AL 208,,,,,,,,,,,,,,,
ERS 370,001,Monday,"December 15, 2014",7:30 PM,9:30 PM,EV3 3412,,,,,,,,,,,,,,,
ERS 484,001,Saturday,"December 6, 2014",7:30 PM,10:00 PM,AL 208,,,,,,,,,,,,,,,
ERS 684,001,Exam removed from schedule. Contact instructor for further information.,,,,,,,,,,,,,,,,,,,
ESL 129R,081 Online,See https://uwaterloo.ca/quest/help/students/how-do-i/online-exam-schedule,,,,,,,,,,,,,,,,,,,
FINE 102,001,Monday,"December 8, 2014",9:00 AM,11:30 AM,"MC 2034,2035,2038",,,,,,,,,,,,,,,
FINE 242,001,Thursday,"December 4, 2014",12:30 PM,2:30 PM,AL 105,,,,,,,,,,,,,,,
FR 101,001,Tuesday,"December 16, 2014",7:30 PM,9:30 PM,AL 208,,,,,,,,,,,,,,,
FR 151,001 to 004,Wednesday,"December 10, 2014",7:30 PM,9:30 PM,M3 1006,,,,,,,,,,,,,,,
FR 151,081 Online,See https://uwaterloo.ca/quest/help/students/how-do-i/online-exam-schedule,,,,,,,,,,,,,,,,,,,
FR 152,001 to 004,Friday,"December 5, 2014",12:30 PM,2:30 PM,EV3 1408,,,,,,,,,,,,,,,
FR 152,081 Online,See https://uwaterloo.ca/quest/help/students/how-do-i/online-exam-schedule,,,,,,,,,,,,,,,,,,,
FR 192A,"001,002,004 to 006",Tuesday,"December 16, 2014",4:00 PM,6:00 PM,DC 1350,,,,,,,,,,,,,,,
FR 192A,003,Tuesday,"December 16, 2014",4:00 PM,6:00 PM,STJ 3014,,,,,,,,,,,,,,,
FR 192A,081 Online,See https://uwaterloo.ca/quest/help/students/how-do-i/online-exam-schedule,,,,,,,,,,,,,,,,,,,
FR 192B,001 to 003,Wednesday,"December 17, 2014",7:30 PM,9:30 PM,PAC 5,,,,,,,,,,,,,,,
FR 192B,081 Online,See https://uwaterloo.ca/quest/help/students/how-do-i/online-exam-schedule,,,,,,,,,,,,,,,,,,,
FR 197,001,Thursday,"December 11, 2014",9:00 AM,11:30 AM,AL 105,,,,,,,,,,,,,,,
FR 251,"001,002",Saturday,"December 6, 2014",12:30 PM,2:30 PM,RCH 103,,,,,,,,,,,,,,,
FR 251,081 Online,See https://uwaterloo.ca/quest/help/students/how-do-i/online-exam-schedule,,,,,,,,,,,,,,,,,,,
FR 252,001,Thursday,"December 4, 2014",12:30 PM,3:00 PM,ML 349,,,,,,,,,,,,,,,
FR 252,081 Online,See https://uwaterloo.ca/quest/help/students/how-do-i/online-exam-schedule,,,,,,,,,,,,,,,,,,,
FR 255,001,Thursday,"December 18, 2014",9:00 AM,11:30 AM,AL 105,,,,,,,,,,,,,,,
FR 291,081 Online,See https://uwaterloo.ca/quest/help/students/how-do-i/online-exam-schedule,,,,,,,,,,,,,,,,,,,
FR 297,081 Online,See https://uwaterloo.ca/quest/help/students/how-do-i/online-exam-schedule,,,,,,,,,,,,,,,,,,,
FR 354,001,Wednesday,"December 10, 2014",7:30 PM,9:30 PM,ML 349,,,,,,,,,,,,,,,
FR 363,001,Friday,"December 5, 2014",4:00 PM,6:00 PM,ML 216,,,,,,,,,,,,,,,
FR 486,001,Thursday,"December 4, 2014",12:30 PM,3:00 PM,ML 311,,,,,,,,,,,,,,,
GENE 121,"001,002",Wednesday,"December 10, 2014",12:30 PM,3:00 PM,"RCH 103,105,110,112",,,,,,,,,,,,,,,
GEOG 202,001,Friday,"December 5, 2014",12:30 PM,3:00 PM,"RCH 103,105,110,112",,,,,,,,,,,,,,,
GEOG 215,001,Wednesday,"December 17, 2014",12:30 PM,3:00 PM,MC 1085,,,,,,,,,,,,,,,
GEOG 222,001,Tuesday,"December 9, 2014",4:00 PM,6:30 PM,"RCH 301,302",,,,,,,,,,,,,,,
GEOG 281,001,Wednesday,"December 10, 2014",4:00 PM,6:30 PM,"RCH 103,105",,,,,,,,,,,,,,,
GEOG 310,001,Thursday,"December 4, 2014",4:00 PM,6:30 PM,MC 1085,,,,,,,,,,,,,,,
GEOG 311,001,Thursday,"December 11, 2014",12:30 PM,3:00 PM,RCH 211,,,,,,,,,,,,,,,
GEOG 316,001,Monday,"December 8, 2014",12:30 PM,3:00 PM,RCH 306,,,,,,,,,,,,,,,
GEOG 404,001,Saturday,"December 6, 2014",7:30 PM,10:00 PM,AL 208,,,,,,,,,,,,,,,
GEOG 454,001,Saturday,"December 6, 2014",9:00 AM,11:30 AM,MC 4040,,,,,,,,,,,,,,,
GER 100,001,Saturday,"December 13, 2014",12:30 PM,3:00 PM,RCH 301,,,,,,,,,,,,,,,
GER 101,001 to 005,Wednesday,"December 17, 2014",9:00 AM,11:30 AM,"RCH 301,302",,,,,,,,,,,,,,,
GER 101,081 Online,See https://uwaterloo.ca/quest/help/students/how-do-i/online-exam-schedule,,,,,,,,,,,,,,,,,,,
GER 102,001,Thursday,"December 18, 2014",9:00 AM,11:30 AM,ML 246,,,,,,,,,,,,,,,
GER 102,081 Online,See https://uwaterloo.ca/quest/help/students/how-do-i/online-exam-schedule,,,,,,,,,,,,,,,,,,,
GER 201,001,Friday,"December 5, 2014",4:00 PM,6:30 PM,ML 246,,,,,,,,,,,,,,,
GER 201,081 Online,See https://uwaterloo.ca/quest/help/students/how-do-i/online-exam-schedule,,,,,,,,,,,,,,,,,,,
GER 202,081 Online,See https://uwaterloo.ca/quest/help/students/how-do-i/online-exam-schedule,,,,,,,,,,,,,,,,,,,
GER 220,001,Wednesday,"December 17, 2014",4:00 PM,6:30 PM,HH 1101,,,,,,,,,,,,,,,
GERON 201,001,Thursday,"December 11, 2014",12:30 PM,3:00 PM,"PAC 1,2,3",,,,,,,,,,,,,,,
GERON 220,001,Tuesday,"December 9, 2014",9:00 AM,11:00 AM,"RCH 301,302,307",,,,,,,,,,,,,,,
GERON 245,001,Thursday,"December 4, 2014",12:30 PM,3:00 PM,"M3 1006,MC 4020,4021",,,,,,,,,,,,,,,
GERON 355,001,Monday,"December 8, 2014",12:30 PM,3:00 PM,"M3 1006,MC 2017,2054",,,,,,,,,,,,,,,
GRK 101,001,Tuesday,"December 9, 2014",12:30 PM,2:30 PM,RCH 205,,,,,,,,,,,,,,,
GRK 490,001,Thursday,"December 4, 2014",12:30 PM,2:30 PM,ML 212,,,,,,,,,,,,,,,
HIST 102,001,Saturday,"December 6, 2014",4:00 PM,6:30 PM,RCH 301,,,,,,,,,,,,,,,
HIST 103,001,Monday,"December 8, 2014",4:00 PM,6:30 PM,STJ 2009,,,,,,,,,,,,,,,
HIST 111,001,Saturday,"December 6, 2014",9:00 AM,11:30 AM,CGC 1302,,,,,,,,,,,,,,,
HIST 113,001,Wednesday,"December 17, 2014",12:30 PM,3:00 PM,RCH 301,,,,,,,,,,,,,,,
HIST 221,001,Thursday,"December 11, 2014",12:30 PM,3:00 PM,HH 1102,,,,,,,,,,,,,,,
HIST 226,001,Thursday,"December 4, 2014",4:00 PM,6:30 PM,STJ 2017,,,,,,,,,,,,,,,
HIST 230,001,Thursday,"December 4, 2014",12:30 PM,3:00 PM,EV3 1408,,,,,,,,,,,,,,,
HIST 232,001,Monday,"December 15, 2014",9:00 AM,11:30 AM,HH 1101,,,,,,,,,,,,,,,
HIST 235,001,Tuesday,"December 9, 2014",9:00 AM,11:30 AM,CGC 1302,,,,,,,,,,,,,,,
HIST 242,001,Monday,"December 8, 2014",4:00 PM,6:00 PM,RCH 307,,,,,,,,,,,,,,,
HIST 243,001,Tuesday,"December 16, 2014",4:00 PM,6:30 PM,HH 1102,,,,,,,,,,,,,,,
HIST 250,001,Wednesday,"December 10, 2014",4:00 PM,6:00 PM,AL 208,,,,,,,,,,,,,,,
HIST 268,001,Monday,"December 15, 2014",9:00 AM,11:30 AM,EV3 1408,,,,,,,,,,,,,,,
HIST 269,001,Exam removed from schedule. Contact instructor for further information.,,,,,,,,,,,,,,,,,,,
HIST 340,001,Friday,"December 5, 2014",12:30 PM,2:30 PM,RCH 206,,,,,,,,,,,,,,,
HIST 351,001,Friday,"December 5, 2014",9:00 AM,11:30 AM,CGC 1208,,,,,,,,,,,,,,,
HIST 389,001,Monday,"December 8, 2014",7:30 PM,9:30 PM,HH 2107,,,,,,,,,,,,,,,
HLTH 101,"001,002",Wednesday,"December 10, 2014",12:30 PM,3:00 PM,"PAC 1,2,3,9",,,,,,,,,,,,,,,
HLTH 103,001,Monday,"December 15, 2014",7:30 PM,9:30 PM,RCH 305,,,,,,,,,,,,,,,
HLTH 201,001,Thursday,"December 11, 2014",12:30 PM,3:00 PM,"PAC 1,2,3",,,,,,,,,,,,,,,
HLTH 220,001,Tuesday,"December 9, 2014",9:00 AM,11:00 AM,"RCH 301,302,307",,,,,,,,,,,,,,,
HLTH 245,001,Thursday,"December 4, 2014",12:30 PM,3:00 PM,"M3 1006,MC 4020,4021",,,,,,,,,,,,,,,
HLTH 333,001,Friday,"December 5, 2014",12:30 PM,3:00 PM,"RCH 301,307",,,,,,,,,,,,,,,
HLTH 346,001,Monday,"December 8, 2014",9:00 AM,11:30 AM,"M3 1006,MC 4059,4060,4061",,,,,,,,,,,,,,,
HLTH 407,001,Thursday,"December 11, 2014",9:00 AM,11:30 AM,M3 1006,,,,,,,,,,,,,,,
HLTH 442,001,Saturday,"December 13, 2014",4:00 PM,6:30 PM,PAC 12,,,,,,,,,,,,,,,
HRM 200,081 Online,See https://uwaterloo.ca/quest/help/students/how-do-i/online-exam-schedule,,,,,,,,,,,,,,,,,,,
HRM 301,001,Friday,"December 12, 2014",9:00 AM,11:00 AM,"RCH 308,309",,,,,,,,,,,,,,,
HRM 303,001,Friday,"December 5, 2014",7:30 PM,9:30 PM,RCH 301,,,,,,,,,,,,,,,
HRM 307,001,Monday,"December 8, 2014",7:30 PM,9:30 PM,RCH 301,,,,,,,,,,,,,,,
HUMSC 101,001,Thursday,"December 4, 2014",9:00 AM,11:30 AM,STJ 3012,,,,,,,,,,,,,,,
HUMSC 101,002,Saturday,"December 6, 2014",7:30 PM,10:00 PM,STJ 3012,,,,,,,,,,,,,,,
HUMSC 201,001,Thursday,"December 4, 2014",7:30 PM,10:00 PM,STJ 3015,,,,,,,,,,,,,,,
INDEV 100,001,Tuesday,"December 9, 2014",12:30 PM,3:00 PM,"AL 208,211",,,,,,,,,,,,,,,
INDEV 200,001,Monday,"December 15, 2014",7:30 PM,10:00 PM,AL 124,,,,,,,,,,,,,,,
INDEV 300,001,Tuesday,"December 9, 2014",12:30 PM,3:00 PM,RCH 306,,,,,,,,,,,,,,,
INTST 101,"001,002",Monday,"December 15, 2014",12:30 PM,2:00 PM,"M3 1006,MC 4020,4021",,,,,,,,,,,,,,,
JAPAN 101R,"001,002",Wednesday,"December 17, 2014",7:30 PM,10:00 PM,"RCH 301,302",,,,,,,,,,,,,,,
JAPAN 102R,001,Thursday,"December 18, 2014",4:00 PM,6:30 PM,"REN 2106,2107",,,,,,,,,,,,,,,
JS 215,081 Online,See https://uwaterloo.ca/quest/help/students/how-do-i/online-exam-schedule,,,,,,,,,,,,,,,,,,,
KIN 104,001,Monday,"December 8, 2014",12:30 PM,2:00 PM,"DC 1350,1351",,,,,,,,,,,,,,,
KIN 105,001,Tuesday,"December 9, 2014",12:30 PM,3:00 PM,"DC 1350,1351",,,,,,,,,,,,,,,
KIN 121,001,Friday,"December 5, 2014",9:00 AM,11:30 AM,"DC 1350,1351",,,,,,,,,,,,,,,
KIN 155,001,Friday,"December 12, 2014",12:30 PM,3:00 PM,"DC 1350,1351",,,,,,,,,,,,,,,
KIN 217,001,Saturday,"December 13, 2014",4:00 PM,6:30 PM,"PAC 1,2,3,9,10",,,,,,,,,,,,,,,
KIN 242,001,Friday,"December 12, 2014",9:00 AM,11:30 AM,"RCH 103,105,110",,,,,,,,,,,,,,,
KIN 301,001,Thursday,"December 18, 2014",9:00 AM,11:30 AM,PAC 1,,,,,,,,,,,,,,,
KIN 346,001,Monday,"December 8, 2014",9:00 AM,11:30 AM,"M3 1006,MC 4059,4060,4061",,,,,,,,,,,,,,,
KIN 357,001,Friday,"December 5, 2014",7:30 PM,9:30 PM,RCH 211,,,,,,,,,,,,,,,
KIN 405,001,Wednesday,"December 17, 2014",12:30 PM,3:00 PM,"MC 2034,2035",,,,,,,,,,,,,,,
KIN 407,001,Thursday,"December 11, 2014",9:00 AM,11:30 AM,M3 1006,,,,,,,,,,,,,,,
KIN 416,001,Saturday,"December 13, 2014",12:30 PM,2:00 PM,MC 2017,,,,,,,,,,,,,,,
KIN 428,001,Monday,"December 15, 2014",12:30 PM,3:00 PM,"PAC 11,12",,,,,,,,,,,,,,,
KIN 456,001,Friday,"December 19, 2014",9:00 AM,11:30 AM,PAC 7,,,,,,,,,,,,,,,
KOREA 101R,"001,002",Tuesday,"December 16, 2014",7:30 PM,10:00 PM,"RCH 301,302",,,,,,,,,,,,,,,
LAT 101,001 to 003,Monday,"December 8, 2014",12:30 PM,2:30 PM,RCH 307,,,,,,,,,,,,,,,
LAT 201,001,Thursday,"December 11, 2014",7:30 PM,9:30 PM,MC 4042,,,,,,,,,,,,,,,
LS 101,001,Friday,"December 12, 2014",12:30 PM,2:30 PM,STJ 1036,,,,,,,,,,,,,,,
LS 101,002,Saturday,"December 13, 2014",12:30 PM,2:30 PM,STJ 1036,,,,,,,,,,,,,,,
LS 101,081 Online,See https://uwaterloo.ca/quest/help/students/how-do-i/online-exam-schedule,,,,,,,,,,,,,,,,,,,
LS 280,001,Monday,"December 8, 2014",7:30 PM,10:00 PM,B1 370,,,,,,,,,,,,,,,
LS 321,001,Tuesday,"December 16, 2014",7:30 PM,10:00 PM,HH 1101,,,,,,,,,,,,,,,
MATBUS 470,001,Saturday,"December 13, 2014",9:00 AM,11:30 AM,MC 4045,,,,,,,,,,,,,,,
MATBUS 471,001,Thursday,"December 11, 2014",9:00 AM,11:30 AM,"PAC 9,10",,,,,,,,,,,,,,,
MATH 103,001,Saturday,"December 6, 2014",9:00 AM,11:30 AM,MC 1085,,,,,,,,,,,,,,,
MATH 103,081 Online,See https://uwaterloo.ca/quest/help/students/how-do-i/online-exam-schedule,,,,,,,,,,,,,,,,,,,
MATH 104,001,Thursday,"December 11, 2014",4:00 PM,6:30 PM,"PAC 11,12",,,,,,,,,,,,,,,
MATH 106,001,Thursday,"December 18, 2014",12:30 PM,3:00 PM,PAC 11,,,,,,,,,,,,,,,
MATH 106,081 Online,See https://uwaterloo.ca/quest/help/students/how-do-i/online-exam-schedule,,,,,,,,,,,,,,,,,,,
MATH 109,"001,002",Wednesday,"December 10, 2014",9:00 AM,11:30 AM,"PAC 4,5,11,12",,,,,,,,,,,,,,,
MATH 114,001,Tuesday,"December 9, 2014",12:30 PM,3:00 PM,"RCH 301,302,305",,,,,,,,,,,,,,,
MATH 115,001 to 009,Monday,"December 8, 2014",9:00 AM,11:30 AM,"PAC 1,2,3,4,5,6,7,8,9,10,11,12",,,,,,,,,,,,,,,
MATH 116,001 to 008,Friday,"December 5, 2014",9:00 AM,11:30 AM,"PAC 1,2,3,4,5,6,7,8",,,,,,,,,,,,,,,
MATH 117,001 to 005,Thursday,"December 4, 2014",12:30 PM,3:00 PM,"PAC 1,2,3,4,5,6,9",,,,,,,,,,,,,,,
MATH 124,001,Thursday,"December 11, 2014",12:30 PM,3:00 PM,"PAC 7,8",,,,,,,,,,,,,,,
MATH 127,001 to 010,Thursday,"December 11, 2014",4:00 PM,6:30 PM,"PAC 1,2,3,4,5,6,7,8,9",,,,,,,,,,,,,,,
MATH 127,081 Online,See https://uwaterloo.ca/quest/help/students/how-do-i/online-exam-schedule,,,,,,,,,,,,,,,,,,,
MATH 128,001,Friday,"December 19, 2014",9:00 AM,11:30 AM,"PAC 5,6",,,,,,,,,,,,,,,
MATH 128,081 Online,See https://uwaterloo.ca/quest/help/students/how-do-i/online-exam-schedule,,,,,,,,,,,,,,,,,,,
MATH 135,"001 to 004,006,009",Tuesday,"December 9, 2014",12:30 PM,3:00 PM,"PAC 1,2,3,4,5,6,7,8,9,10,11,12",,,,,,,,,,,,,,,
MATH 135,"005,007,008",Tuesday,"December 9, 2014",12:30 PM,3:00 PM,"M3 1006,MC 2017,2054,4020,
MC 4021,4045,4059,4061",,,,,,,,,,,,,,,
MATH 136,001 to 003,Wednesday,"December 10, 2014",4:00 PM,6:30 PM,"PAC 4,5,11,12",,,,,,,,,,,,,,,
MATH 136,081 Online,See https://uwaterloo.ca/quest/help/students/how-do-i/online-exam-schedule,,,,,,,,,,,,,,,,,,,
MATH 137,"001,003,004",Friday,"December 5, 2014",12:30 PM,3:00 PM,"M3 1006,MC 4020,4021,4059,4061",,,,,,,,,,,,,,,
MATH 137,"002,005 to 009",Friday,"December 5, 2014",12:30 PM,3:00 PM,"PAC 1,2,3,4,5,6,7,8,9,10,11,12",,,,,,,,,,,,,,,
MATH 137,010,Friday,"December 5, 2014",12:30 PM,3:00 PM,"MC 2034,2035",,,,,,,,,,,,,,,
MATH 138,001 to 003,Monday,"December 15, 2014",9:00 AM,11:30 AM,"MC 1085,4020,4021,4059,4061",,,,,,,,,,,,,,,
MATH 145,001,Tuesday,"December 9, 2014",12:30 PM,3:00 PM,MC 1085,,,,,,,,,,,,,,,
MATH 147,001,Friday,"December 5, 2014",12:30 PM,3:00 PM,"MC 2017,2054",,,,,,,,,,,,,,,
MATH 207,001,Thursday,"December 18, 2014",12:30 PM,3:00 PM,PAC 12,,,,,,,,,,,,,,,
MATH 215,001,Thursday,"December 18, 2014",4:00 PM,6:30 PM,"PAC 4,5",,,,,,,,,,,,,,,
MATH 217,001,Monday,"December 15, 2014",9:00 AM,11:30 AM,RCH 301,,,,,,,,,,,,,,,
MATH 218,001,Monday,"December 8, 2014",4:00 PM,6:30 PM,RCH 301,,,,,,,,,,,,,,,
MATH 225,001,Thursday,"December 11, 2014",4:00 PM,6:30 PM,PAC 10,,,,,,,,,,,,,,,
MATH 227,001,Thursday,"December 18, 2014",12:30 PM,3:00 PM,"MC 4020,4021",,,,,,,,,,,,,,,
MATH 228,001,Wednesday,"December 10, 2014",4:00 PM,6:30 PM,PAC 6,,,,,,,,,,,,,,,
MATH 229,001,Friday,"December 5, 2014",7:30 PM,10:00 PM,RCH 206,,,,,,,,,,,,,,,
MATH 235,001 to 006,Tuesday,"December 9, 2014",9:00 AM,11:30 AM,"PAC 1,2,3,8,9,10",,,,,,,,,,,,,,,
MATH 237,001 to 005,Thursday,"December 11, 2014",12:30 PM,3:00 PM,"PAC 4,5,6,11,12",,,,,,,,,,,,,,,
MATH 239,001 to 004,Wednesday,"December 17, 2014",9:00 AM,11:30 AM,"PAC 1,2,3,4",,,,,,,,,,,,,,,
MATH 245,001,Tuesday,"December 9, 2014",9:00 AM,11:30 AM,RCH 306,,,,,,,,,,,,,,,
MATH 247,001,Thursday,"December 11, 2014",4:00 PM,6:30 PM,RCH 307,,,,,,,,,,,,,,,
MATH 249,001,Wednesday,"December 17, 2014",9:00 AM,11:30 AM,PAC 11,,,,,,,,,,,,,,,
ME 201,001,Friday,"December 12, 2014",9:00 AM,11:30 AM,"DWE 1501,2402",,,,,,,,,,,,,,,
ME 202,001,Monday,"December 15, 2014",9:00 AM,11:30 AM,"DWE 1501,2402",,,,,,,,,,,,,,,
ME 203,001,Saturday,"December 6, 2014",9:00 AM,11:30 AM,"E5 3101,3102",,,,,,,,,,,,,,,
ME 212,001,Thursday,"December 4, 2014",9:00 AM,11:30 AM,"E5 3101,3102",,,,,,,,,,,,,,,
ME 219,001,Monday,"December 8, 2014",9:00 AM,11:30 AM,"DWE 1501,2402",,,,,,,,,,,,,,,
ME 220,001,Saturday,"December 13, 2014",9:00 AM,11:30 AM,"E5 3101,3102",,,,,,,,,,,,,,,
ME 230,001,Wednesday,"December 10, 2014",9:00 AM,11:30 AM,"DWE 1501,2402",,,,,,,,,,,,,,,
ME 235,001,Thursday,"December 11, 2014",12:30 PM,3:00 PM,DWE 1501,,,,,,,,,,,,,,,
ME 250,001,Tuesday,"December 9, 2014",9:00 AM,11:30 AM,"E5 3101,3102",,,,,,,,,,,,,,,
ME 250,002,Tuesday,"December 9, 2014",9:00 AM,11:30 AM,MC 1085,,,,,,,,,,,,,,,
ME 262,001,Thursday,"December 11, 2014",9:00 AM,11:30 AM,"E5 3101,3102",,,,,,,,,,,,,,,
ME 269,001,Friday,"December 5, 2014",9:00 AM,11:30 AM,"DWE 1501,2402",,,,,,,,,,,,,,,
ME 322,001,Friday,"December 12, 2014",12:30 PM,3:00 PM,"E5 3101,3102",,,,,,,,,,,,,,,
ME 353,001,Friday,"December 5, 2014",12:30 PM,3:00 PM,"E5 3101,3102",,,,,,,,,,,,,,,
ME 360,001,Monday,"December 8, 2014",12:30 PM,3:00 PM,"DWE 1501,2402",,,,,,,,,,,,,,,
ME 362,001,Wednesday,"December 10, 2014",12:30 PM,3:00 PM,"E5 3101,3102",,,,,,,,,,,,,,,
ME 423,001,Saturday,"December 6, 2014",12:30 PM,3:00 PM,CPH 3679,,,,,,,,,,,,,,,
ME 436,001,Friday,"December 5, 2014",12:30 PM,3:00 PM,CPH 3679,,,,,,,,,,,,,,,
ME 456,001,Friday,"December 12, 2014",12:30 PM,3:00 PM,CPH 3679,,,,,,,,,,,,,,,
ME 459,001,Monday,"December 15, 2014",7:30 PM,10:00 PM,"E5 3101,3102",,,,,,,,,,,,,,,
ME 548,001,Wednesday,"December 10, 2014",12:30 PM,3:00 PM,CPH 3679,,,,,,,,,,,,,,,
ME 559,001,Thursday,"December 11, 2014",7:30 PM,10:00 PM,"E5 3101,3102",,,,,,,,,,,,,,,
ME 561,001,Thursday,"December 4, 2014",7:30 PM,10:00 PM,CPH 3679,,,,,,,,,,,,,,,
ME 599,001,Monday,"December 8, 2014",9:00 AM,11:30 AM,"E5 3101,3102",,,,,,,,,,,,,,,
ME 760,003,Monday,"December 8, 2014",9:00 AM,11:30 AM,"E5 3101,3102",,,,,,,,,,,,,,,
MEDVL 105,001,Wednesday,"December 10, 2014",4:00 PM,6:00 PM,DC 1350,,,,,,,,,,,,,,,
MNS 101,001,Saturday,"December 13, 2014",9:00 AM,11:30 AM,RCH 211,,,,,,,,,,,,,,,
MNS 211,001,Monday,"December 15, 2014",4:00 PM,6:00 PM,RCH 205,,,,,,,,,,,,,,,
MSCI 211,001,Thursday,"December 18, 2014",12:30 PM,3:00 PM,"PAC 1,2,3",,,,,,,,,,,,,,,
MSCI 211,081 Online,See https://uwaterloo.ca/quest/help/students/how-do-i/online-exam-schedule,,,,,,,,,,,,,,,,,,,
MSCI 240,001,Saturday,"December 13, 2014",9:00 AM,11:30 AM,DWE 1501,,,,,,,,,,,,,,,
MSCI 261,001,Wednesday,"December 10, 2014",7:30 PM,10:00 PM,RCH 301,,,,,,,,,,,,,,,
MSCI 262,"001,002",Wednesday,"December 17, 2014",9:00 AM,11:30 AM,"PAC 9,10",,,,,,,,,,,,,,,
MSCI 271,001,Thursday,"December 4, 2014",12:30 PM,3:00 PM,DWE 1501,,,,,,,,,,,,,,,
MSCI 311,001,Thursday,"December 4, 2014",4:00 PM,6:30 PM,"PAC 11,12",,,,,,,,,,,,,,,
MSCI 331,001,Thursday,"December 11, 2014",4:00 PM,6:30 PM,RCH 309,,,,,,,,,,,,,,,
MSCI 332,"001,002",Saturday,"December 13, 2014",4:00 PM,6:30 PM,DWE 1501,,,,,,,,,,,,,,,
MSCI 333,001,Wednesday,"December 10, 2014",7:30 PM,10:00 PM,PAC 3,,,,,,,,,,,,,,,
MSCI 342,001,Monday,"December 8, 2014",9:00 AM,11:30 AM,"CPH 3602,3604",,,,,,,,,,,,,,,
MSCI 422,001,Tuesday,"December 16, 2014",9:00 AM,11:30 AM,PAC 6,,,,,,,,,,,,,,,
MSCI 432,001,Monday,"December 15, 2014",12:30 PM,3:00 PM,CPH 4333,,,,,,,,,,,,,,,
MSCI 446,001,Saturday,"December 6, 2014",4:00 PM,6:30 PM,DWE 1501,,,,,,,,,,,,,,,
MSCI 760,001,Saturday,"December 6, 2014",4:00 PM,6:30 PM,DWE 1501,,,,,,,,,,,,,,,
MTE 203,001,Friday,"December 12, 2014",12:30 PM,3:00 PM,"MC 4020,4021",,,,,,,,,,,,,,,
MTE 204,001,Monday,"December 15, 2014",12:30 PM,3:00 PM,"MC 4059,4061",,,,,,,,,,,,,,,
MTE 220,001,Monday,"December 8, 2014",12:30 PM,3:00 PM,"MC 4020,4021",,,,,,,,,,,,,,,
MTE 241,001,Saturday,"December 6, 2014",12:30 PM,3:00 PM,DC 1350,,,,,,,,,,,,,,,
MTE 420,001,Monday,"December 8, 2014",9:00 AM,11:30 AM,CPH 3679,,,,,,,,,,,,,,,
MTE 460,001,Thursday,"December 11, 2014",9:00 AM,11:30 AM,CPH 3679,,,,,,,,,,,,,,,
MTHEL 131,001,Wednesday,"December 10, 2014",9:00 AM,11:00 AM,"DC 1350,1351",,,,,,,,,,,,,,,
MUSIC 100,001,Thursday,"December 18, 2014",4:00 PM,6:30 PM,"CGC 1111,1208,1300",,,,,,,,,,,,,,,
MUSIC 100,002,Thursday,"December 18, 2014",4:00 PM,5:30 PM,DC 1350,,,,,,,,,,,,,,,
MUSIC 245,001,Thursday,"December 18, 2014",12:30 PM,3:00 PM,CGC 1302,,,,,,,,,,,,,,,
MUSIC 256,001,Tuesday,"December 9, 2014",7:30 PM,10:00 PM,CGC 1208,,,,,,,,,,,,,,,
MUSIC 275,001,Friday,"December 12, 2014",9:00 AM,11:30 AM,CGC 1208,,,,,,,,,,,,,,,
MUSIC 364,001,Thursday,"December 4, 2014",9:00 AM,11:30 AM,CGC 1300,,,,,,,,,,,,,,,
NE 100,001,Wednesday,"December 10, 2014",4:00 PM,6:30 PM,DC 1351,,,,,,,,,,,,,,,
NE 111,001,Exam removed from schedule. Contact instructor for further information.,,,,,,,,,,,,,,,,,,,
NE 112,001,Monday,"December 8, 2014",4:00 PM,6:30 PM,"PAC 11,12",,,,,,,,,,,,,,,
NE 115,001,Saturday,"December 6, 2014",9:00 AM,11:30 AM,"DC 1350,1351",,,,,,,,,,,,,,,
NE 121,001,Friday,"December 12, 2014",12:30 PM,3:00 PM,"PAC 11,12",,,,,,,,,,,,,,,
NE 201,001,Wednesday,"December 10, 2014",12:30 PM,3:00 PM,"MC 2017,2054",,,,,,,,,,,,,,,
NE 216,001,Monday,"December 15, 2014",12:30 PM,3:00 PM,"RCH 103,105",,,,,,,,,,,,,,,
NE 224,001,Wednesday,"December 17, 2014",9:00 AM,11:30 AM,PAC 6,,,,,,,,,,,,,,,
NE 225,001,Monday,"December 8, 2014",12:30 PM,3:00 PM,"PAC 11,12",,,,,,,,,,,,,,,
NE 241,001,Friday,"December 12, 2014",4:00 PM,6:30 PM,"RCH 301,309",,,,,,,,,,,,,,,
NE 335,001,Monday,"December 15, 2014",9:00 AM,11:30 AM,"RCH 307,308",,,,,,,,,,,,,,,
NE 336,001,Thursday,"December 11, 2014",4:00 PM,6:30 PM,"RCH 302,305",,,,,,,,,,,,,,,
NE 352,001,Monday,"December 8, 2014",12:30 PM,3:00 PM,"RCH 110,112",,,,,,,,,,,,,,,
NE 353,001,Thursday,"December 4, 2014",9:00 AM,11:30 AM,"RCH 204,211",,,,,,,,,,,,,,,
NE 445,001,Friday,"December 12, 2014",4:00 PM,6:30 PM,RCH 302,,,,,,,,,,,,,,,
NE 451,001,Thursday,"December 11, 2014",9:00 AM,11:30 AM,RCH 204,,,,,,,,,,,,,,,
NE 461,001,Tuesday,"December 16, 2014",7:30 PM,10:00 PM,PAC 7,,,,,,,,,,,,,,,
NE 471,001,Monday,"December 8, 2014",4:00 PM,6:30 PM,RCH 309,,,,,,,,,,,,,,,
NE 481,001,Saturday,"December 13, 2014",7:30 PM,10:00 PM,MC 4021,,,,,,,,,,,,,,,
NE 491,001,Wednesday,"December 10, 2014",12:30 PM,3:00 PM,MC 1085,,,,,,,,,,,,,,,
OPTOM 104,001,Monday,"December 8, 2014",9:00 AM,11:30 AM,REV 200,,,,,,,,,,,,,,,
OPTOM 105,001,Saturday,"December 6, 2014",9:00 AM,10:30 AM,REV 200,,,,,,,,,,,,,,,
OPTOM 106,001,Thursday,"December 4, 2014",9:00 AM,11:30 AM,REV 200,,,,,,,,,,,,,,,
OPTOM 108,001,Monday,"December 15, 2014",9:00 AM,10:30 AM,REV 200,,,,,,,,,,,,,,,
OPTOM 109,001,Wednesday,"December 10, 2014",9:00 AM,11:00 AM,REV 200,,,,,,,,,,,,,,,
OPTOM 124,001,Friday,"December 12, 2014",9:00 AM,11:00 AM,REV 200,,,,,,,,,,,,,,,
OPTOM 215,001,Wednesday,"December 10, 2014",12:30 PM,2:30 PM,REV 200,,,,,,,,,,,,,,,
OPTOM 216,001,Monday,"December 8, 2014",12:30 PM,2:30 PM,REV 200,,,,,,,,,,,,,,,
OPTOM 231,001,Saturday,"December 6, 2014",12:30 PM,2:30 PM,REV 200,,,,,,,,,,,,,,,
OPTOM 243,001,Thursday,"December 4, 2014",12:30 PM,3:00 PM,REV 200,,,,,,,,,,,,,,,
OPTOM 245,001,Friday,"December 12, 2014",12:30 PM,2:30 PM,REV 200,,,,,,,,,,,,,,,
OPTOM 252,001,Monday,"December 15, 2014",12:30 PM,2:30 PM,REV 200,,,,,,,,,,,,,,,
OPTOM 342A,001,Thursday,"December 4, 2014",4:00 PM,6:30 PM,REV 200,,,,,,,,,,,,,,,
OPTOM 347,001,Wednesday,"December 10, 2014",4:00 PM,6:30 PM,REV 200,,,,,,,,,,,,,,,
OPTOM 375,001,Monday,"December 8, 2014",4:00 PM,6:30 PM,REV 200,,,,,,,,,,,,,,,
OPTOM 387,001,Saturday,"December 6, 2014",4:00 PM,6:30 PM,REV 200,,,,,,,,,,,,,,,
PACS 201,081 Online,See https://uwaterloo.ca/quest/help/students/how-do-i/online-exam-schedule,,,,,,,,,,,,,,,,,,,
PACS 202,001,Thursday,"December 11, 2014",4:00 PM,6:30 PM,"CGC 1111,1208,1300,1302",,,,,,,,,,,,,,,
PACS 202,081 Online,See https://uwaterloo.ca/quest/help/students/how-do-i/online-exam-schedule,,,,,,,,,,,,,,,,,,,
PACS 203,001,Monday,"December 15, 2014",9:00 AM,11:30 AM,HH 1101,,,,,,,,,,,,,,,
PACS 311,001,Tuesday,"December 16, 2014",4:00 PM,6:00 PM,CGC 1208,,,,,,,,,,,,,,,
PACS 331,001,Exam removed from schedule. Contact instructor for further information.,,,,,,,,,,,,,,,,,,,
PHIL 100J,"001,002",Saturday,"December 6, 2014",4:00 PM,6:30 PM,STJ 2011,,,,,,,,,,,,,,,
PHIL 110A,001,Friday,"December 12, 2014",7:30 PM,10:00 PM,EV3 1408,,,,,,,,,,,,,,,
PHIL 110A,002,Thursday,"December 18, 2014",9:00 AM,11:30 AM,AL 124,,,,,,,,,,,,,,,
PHIL 110A,081 Online,See https://uwaterloo.ca/quest/help/students/how-do-i/online-exam-schedule,,,,,,,,,,,,,,,,,,,
PHIL 145,001,Tuesday,"December 16, 2014",12:30 PM,3:00 PM,HH 1101,,,,,,,,,,,,,,,
PHIL 145,081 Online,See https://uwaterloo.ca/quest/help/students/how-do-i/online-exam-schedule,,,,,,,,,,,,,,,,,,,
PHIL 215,001,Tuesday,"December 9, 2014",12:30 PM,3:00 PM,"HH 1101,1102",,,,,,,,,,,,,,,
PHIL 215,081 Online,See https://uwaterloo.ca/quest/help/students/how-do-i/online-exam-schedule,,,,,,,,,,,,,,,,,,,
PHIL 216,001,Thursday,"December 18, 2014",7:30 PM,10:00 PM,AL 124,,,,,,,,,,,,,,,
PHIL 220,081 Online,See https://uwaterloo.ca/quest/help/students/how-do-i/online-exam-schedule,,,,,,,,,,,,,,,,,,,
PHIL 224,001,Tuesday,"December 9, 2014",9:00 AM,11:30 AM,"MC 4059,4061",,,,,,,,,,,,,,,
PHIL 226,002,Tuesday,"December 9, 2014",4:00 PM,6:30 PM,M3 1006,,,,,,,,,,,,,,,
PHIL 250A,081 Online,See https://uwaterloo.ca/quest/help/students/how-do-i/online-exam-schedule,,,,,,,,,,,,,,,,,,,
PHIL 256,081 Online,See https://uwaterloo.ca/quest/help/students/how-do-i/online-exam-schedule,,,,,,,,,,,,,,,,,,,
PHIL 386,001,Monday,"December 15, 2014",9:00 AM,11:30 AM,HH 344,,,,,,,,,,,,,,,
PHYS 111,001 to 005,Monday,"December 15, 2014",12:30 PM,3:00 PM,"PAC 1,2,3,4,5,6,7,8",,,,,,,,,,,,,,,
PHYS 111L,001 to 030,Monday,"December 15, 2014",7:30 PM,8:30 PM,"PAC 1,2,3,4,5,6",,,,,,,,,,,,,,,
PHYS 115,001 to 005,Friday,"December 12, 2014",4:00 PM,6:30 PM,"PAC 1,2,3,4,5,6,9,10",,,,,,,,,,,,,,,
PHYS 121,001 to 003,Tuesday,"December 16, 2014",7:30 PM,10:00 PM,"PAC 1,2,3,4,5",,,,,,,,,,,,,,,
PHYS 121L,001 to 008,Monday,"December 15, 2014",7:30 PM,8:30 PM,"PAC 11,12",,,,,,,,,,,,,,,
PHYS 131L,001 to 008,Monday,"December 15, 2014",7:30 PM,8:30 PM,"PAC 7,8",,,,,,,,,,,,,,,
PHYS 224,001,Saturday,"December 6, 2014",7:30 PM,10:00 PM,PHY 313,,,,,,,,,,,,,,,
PHYS 225,001,Wednesday,"December 10, 2014",7:30 PM,10:00 PM,PHY 313,,,,,,,,,,,,,,,
PHYS 236,001,Monday,"December 8, 2014",4:00 PM,6:30 PM,B1 370,,,,,,,,,,,,,,,
PHYS 256,001,Monday,"December 15, 2014",9:00 AM,11:30 AM,"RCH 302,305",,,,,,,,,,,,,,,
PHYS 275,001,Saturday,"December 13, 2014",9:00 AM,11:30 AM,"PAC 9,10",,,,,,,,,,,,,,,
PHYS 334,001,Thursday,"December 11, 2014",4:00 PM,6:30 PM,RCH 308,,,,,,,,,,,,,,,
PHYS 358,001,Friday,"December 5, 2014",12:30 PM,3:00 PM,DWE 1501,,,,,,,,,,,,,,,
PHYS 363,001,Wednesday,"December 10, 2014",9:00 AM,11:30 AM,PHY 235,,,,,,,,,,,,,,,
PHYS 364,001,Monday,"December 8, 2014",9:00 AM,11:30 AM,PHY 313,,,,,,,,,,,,,,,
PHYS 380,001,Friday,"December 12, 2014",7:30 PM,10:00 PM,PHY 308,,,,,,,,,,,,,,,
PHYS 434,001,Tuesday,"December 9, 2014",12:30 PM,3:00 PM,DWE 1501,,,,,,,,,,,,,,,
PHYS 441A,001,Friday,"December 5, 2014",9:00 AM,11:30 AM,PHY 313,,,,,,,,,,,,,,,
PHYS 442,001,Thursday,"December 4, 2014",7:30 PM,10:00 PM,PHY 313,,,,,,,,,,,,,,,
PHYS 454,001,Saturday,"December 6, 2014",12:30 PM,3:00 PM,PAC 9,,,,,,,,,,,,,,,
PHYS 461,001,Tuesday,"December 16, 2014",9:00 AM,11:30 AM,PHY 313,,,,,,,,,,,,,,,
PHYS 475,001,Thursday,"December 4, 2014",12:30 PM,3:00 PM,PHY 313,,,,,,,,,,,,,,,
PHYS 490,001,Monday,"December 15, 2014",12:30 PM,3:00 PM,PHY 313,,,,,,,,,,,,,,,
PLAN 100,001,Wednesday,"December 10, 2014",4:00 PM,6:30 PM,"PAC 1,2",,,,,,,,,,,,,,,
PLAN 102,001,Friday,"December 12, 2014",9:00 AM,11:30 AM,"RCH 301,307",,,,,,,,,,,,,,,
PLAN 105,001,Monday,"December 8, 2014",4:00 PM,6:30 PM,DC 1351,,,,,,,,,,,,,,,
PLAN 281,001,Wednesday,"December 10, 2014",4:00 PM,6:30 PM,"RCH 103,105",,,,,,,,,,,,,,,
PLAN 362,001,Wednesday,"December 10, 2014",12:30 PM,3:00 PM,EV3 1408,,,,,,,,,,,,,,,
PLAN 674,001,Wednesday,"December 10, 2014",12:30 PM,3:00 PM,EV3 1408,,,,,,,,,,,,,,,
PMATH 330,001,Wednesday,"December 10, 2014",9:00 AM,11:30 AM,"PAC 9,10",,,,,,,,,,,,,,,
PMATH 331,001,Wednesday,"December 17, 2014",9:00 AM,11:30 AM,PAC 5,,,,,,,,,,,,,,,
PMATH 334,001,Thursday,"December 4, 2014",4:00 PM,6:30 PM,MC 4064,,,,,,,,,,,,,,,
PMATH 340,001,Monday,"December 8, 2014",7:30 PM,10:00 PM,"PAC 9,10",,,,,,,,,,,,,,,
PMATH 347,001,Saturday,"December 6, 2014",4:00 PM,6:30 PM,RCH 211,,,,,,,,,,,,,,,
PMATH 351,001,Thursday,"December 18, 2014",4:00 PM,6:30 PM,MC 4045,,,,,,,,,,,,,,,
PMATH 451,001,Thursday,"December 4, 2014",9:00 AM,11:30 AM,RCH 205,,,,,,,,,,,,,,,
PMATH 451,081 Online,See https://uwaterloo.ca/quest/help/students/how-do-i/online-exam-schedule,,,,,,,,,,,,,,,,,,,
PMATH 465,001,Monday,"December 8, 2014",9:00 AM,11:30 AM,MC 4064,,,,,,,,,,,,,,,
PMATH 651,001,Thursday,"December 4, 2014",9:00 AM,11:30 AM,RCH 205,,,,,,,,,,,,,,,
PMATH 665,001,Monday,"December 8, 2014",9:00 AM,11:30 AM,MC 4064,,,,,,,,,,,,,,,
PORT 101,001,Thursday,"December 18, 2014",12:30 PM,2:30 PM,MC 4041,,,,,,,,,,,,,,,
PSCI 252,001,Monday,"December 8, 2014",7:30 PM,9:30 PM,RCH 112,,,,,,,,,,,,,,,
PSCI 255,001,Monday,"December 15, 2014",4:00 PM,6:00 PM,"RCH 307,308",,,,,,,,,,,,,,,
PSCI 257,001,Thursday,"December 4, 2014",12:30 PM,3:00 PM,EV3 1408,,,,,,,,,,,,,,,
PSCI 259,001,Wednesday,"December 17, 2014",4:00 PM,6:00 PM,MC 4045,,,,,,,,,,,,,,,
PSCI 260,001,Wednesday,"December 10, 2014",4:00 PM,6:30 PM,"PAC 9,10",,,,,,,,,,,,,,,
PSCI 281,001,Friday,"December 19, 2014",9:00 AM,11:30 AM,PAC 8,,,,,,,,,,,,,,,
PSCI 353,001,Friday,"December 12, 2014",4:00 PM,6:30 PM,RCH 306,,,,,,,,,,,,,,,
PSCI 358,001,Saturday,"December 6, 2014",9:00 AM,11:00 AM,MC 4041,,,,,,,,,,,,,,,
PSYCH 101,001,Saturday,"December 13, 2014",7:30 PM,10:00 PM,"PAC 4,5,6,11",,,,,,,,,,,,,,,
PSYCH 101,002,Saturday,"December 13, 2014",7:30 PM,9:30 PM,"M3 1006,DC 1350,1351,MC 1056",,,,,,,,,,,,,,,
PSYCH 101,003,Saturday,"December 13, 2014",7:30 PM,10:00 PM,"PAC 1,2,9",,,,,,,,,,,,,,,
PSYCH 101,005,Monday,"December 8, 2014",9:00 AM,10:30 AM,STJ 2017,,,,,,,,,,,,,,,
PSYCH 101,081 Online,See https://uwaterloo.ca/quest/help/students/how-do-i/online-exam-schedule,,,,,,,,,,,,,,,,,,,
PSYCH 101R,001 to 003,Wednesday,"December 10, 2014",9:00 AM,11:30 AM,STJ 1036,,,,,,,,,,,,,,,
PSYCH 211,001,Friday,"December 12, 2014",4:00 PM,6:30 PM,"RCH 103,105,110,112",,,,,,,,,,,,,,,
PSYCH 253,001,Monday,"December 15, 2014",12:30 PM,3:00 PM,"DC 1350,1351",,,,,,,,,,,,,,,
PSYCH 253,081 Online,See https://uwaterloo.ca/quest/help/students/how-do-i/online-exam-schedule,,,,,,,,,,,,,,,,,,,
PSYCH 256,081 Online,See https://uwaterloo.ca/quest/help/students/how-do-i/online-exam-schedule,,,,,,,,,,,,,,,,,,,
PSYCH 257,001,Thursday,"December 11, 2014",7:30 PM,9:30 PM,"DC 1350,1351,MC 1085",,,,,,,,,,,,,,,
PSYCH 261,001,Wednesday,"December 10, 2014",12:30 PM,2:30 PM,"RCH 301,302,307",,,,,,,,,,,,,,,
PSYCH 261,081 Online,See https://uwaterloo.ca/quest/help/students/how-do-i/online-exam-schedule,,,,,,,,,,,,,,,,,,,
PSYCH 291,001,Thursday,"December 4, 2014",12:30 PM,3:00 PM,"DC 1350,1351",,,,,,,,,,,,,,,
PSYCH 306,001,Thursday,"December 18, 2014",12:30 PM,2:30 PM,DC 1350,,,,,,,,,,,,,,,
PSYCH 312R,001,Tuesday,"December 9, 2014",7:30 PM,10:00 PM,REN 2106,,,,,,,,,,,,,,,
PSYCH 318,001,Monday,"December 8, 2014",9:00 AM,11:30 AM,STJ 2009,,,,,,,,,,,,,,,
PSYCH 320,001,Monday,"December 15, 2014",7:30 PM,9:30 PM,RCH 301,,,,,,,,,,,,,,,
PSYCH 336,001,Monday,"December 15, 2014",4:00 PM,6:30 PM,PAC 1,,,,,,,,,,,,,,,
PSYCH 340,001,Tuesday,"December 16, 2014",9:00 AM,10:30 AM,DC 1351,,,,,,,,,,,,,,,
PSYCH 352,001,Saturday,"December 6, 2014",12:30 PM,3:00 PM,"RCH 302,305",,,,,,,,,,,,,,,
PSYCH 355,001,Tuesday,"December 9, 2014",12:30 PM,2:30 PM,"RCH 103,105",,,,,,,,,,,,,,,
PSYCH 356R,001,Friday,"December 12, 2014",7:30 PM,10:00 PM,REN 2106,,,,,,,,,,,,,,,
PSYCH 391,001,Thursday,"December 11, 2014",12:30 PM,3:00 PM,M3 1006,,,,,,,,,,,,,,,
REC 101,001,Thursday,"December 4, 2014",9:00 AM,11:30 AM,"MC 4020,4021,4045",,,,,,,,,,,,,,,
REC 371,001,Wednesday,"December 10, 2014",4:00 PM,6:30 PM,PAC 3,,,,,,,,,,,,,,,
REES 220,001,Wednesday,"December 17, 2014",4:00 PM,6:30 PM,HH 1101,,,,,,,,,,,,,,,
REES 273,001,Thursday,"December 4, 2014",12:30 PM,3:00 PM,ML 216,,,,,,,,,,,,,,,
RS 130,001,Saturday,"December 6, 2014",9:00 AM,11:30 AM,CGC 1300,,,,,,,,,,,,,,,
RS 152,001,Thursday,"December 18, 2014",9:00 AM,11:30 AM,CGC 1302,,,,,,,,,,,,,,,
RS 170,081 Online,See https://uwaterloo.ca/quest/help/students/how-do-i/online-exam-schedule,,,,,,,,,,,,,,,,,,,
RS 216,001,Friday,"December 5, 2014",12:30 PM,3:00 PM,PAS 1229,,,,,,,,,,,,,,,
RS 230,081 Online,See https://uwaterloo.ca/quest/help/students/how-do-i/online-exam-schedule,,,,,,,,,,,,,,,,,,,
RS 240,001,Tuesday,"December 9, 2014",9:00 AM,11:30 AM,CGC 1302,,,,,,,,,,,,,,,
RS 280,001,Saturday,"December 13, 2014",4:00 PM,6:00 PM,RCH 307,,,,,,,,,,,,,,,
RS 358,001,Thursday,"December 4, 2014",9:00 AM,11:30 AM,CGC 1300,,,,,,,,,,,,,,,
RUSS 101,001,Wednesday,"December 17, 2014",12:30 PM,3:00 PM,ML 246,,,,,,,,,,,,,,,
SCI 200,001,Thursday,"December 18, 2014",9:00 AM,11:30 AM,PAC 2,,,,,,,,,,,,,,,
SCI 206,001,Friday,"December 19, 2014",12:30 PM,2:30 PM,"DC 1350,1351",,,,,,,,,,,,,,,
SCI 237,001,Wednesday,"December 17, 2014",9:00 AM,11:30 AM,PAC 12,,,,,,,,,,,,,,,
SCI 238,081 Online,See https://uwaterloo.ca/quest/help/students/how-do-i/online-exam-schedule,,,,,,,,,,,,,,,,,,,
SDS 131R,001 to 003,Monday,"December 8, 2014",7:30 PM,10:00 PM,STJ 1036,,,,,,,,,,,,,,,
SDS 150R,001,Tuesday,"December 16, 2014",7:30 PM,10:00 PM,"REN 2106,2107",,,,,,,,,,,,,,,
SDS 150R,081 Online,See https://uwaterloo.ca/quest/help/students/how-do-i/online-exam-schedule,,,,,,,,,,,,,,,,,,,
SDS 220R,001,Tuesday,"December 16, 2014",9:00 AM,11:30 AM,REN 2106,,,,,,,,,,,,,,,
SDS 231R,001,Saturday,"December 13, 2014",12:30 PM,3:00 PM,REN 2106,,,,,,,,,,,,,,,
SDS 250R,001 to 003,Thursday,"December 4, 2014",12:30 PM,3:00 PM,"MC 4059,4061",,,,,,,,,,,,,,,
SDS 251R,081 Online,See https://uwaterloo.ca/quest/help/students/how-do-i/online-exam-schedule,,,,,,,,,,,,,,,,,,,
SDS 354R,001,Exam removed from schedule. Contact instructor for further information.,,,,,,,,,,,,,,,,,,,
SDS 355R,001,Tuesday,"December 16, 2014",4:00 PM,6:30 PM,REN 2106,,,,,,,,,,,,,,,
SE 212,"001,002",Tuesday,"December 9, 2014",4:00 PM,6:30 PM,"PAC 1,2",,,,,,,,,,,,,,,
SE 463,001,Thursday,"December 11, 2014",4:00 PM,6:30 PM,M3 1006,,,,,,,,,,,,,,,
SI 101R,"001,002",Friday,"December 12, 2014",9:00 AM,11:30 AM,"REN 2106,2107",,,,,,,,,,,,,,,
SI 102R,001,Monday,"December 15, 2014",9:00 AM,11:30 AM,REN 2102,,,,,,,,,,,,,,,
SI 201R,001,Monday,"December 8, 2014",9:00 AM,11:30 AM,REN 0402,,,,,,,,,,,,,,,
SI 221R,001,Monday,"December 8, 2014",9:00 AM,11:30 AM,REN 2104,,,,,,,,,,,,,,,
SI 301R,001,Tuesday,"December 9, 2014",9:00 AM,11:30 AM,REN 2104,,,,,,,,,,,,,,,
SMF 204,001,Tuesday,"December 9, 2014",7:30 PM,10:00 PM,STJ 1036,,,,,,,,,,,,,,,
SOC 101,001,Tuesday,"December 9, 2014",7:30 PM,10:00 PM,"PAC 1,2,3,4,5",,,,,,,,,,,,,,,
SOC 101,002,Wednesday,"December 10, 2014",12:30 PM,3:00 PM,"CGC 1111,1208,1302",,,,,,,,,,,,,,,
SOC 101,003,Monday,"December 15, 2014",9:00 AM,11:30 AM,STJ 2017,,,,,,,,,,,,,,,
SOC 101,004,Wednesday,"December 10, 2014",7:30 PM,10:00 PM,"PAC 4,5,6,7",,,,,,,,,,,,,,,
SOC 101,005,Monday,"December 15, 2014",12:30 PM,3:00 PM,"PAC 9,10",,,,,,,,,,,,,,,
SOC 101,081 Online,See https://uwaterloo.ca/quest/help/students/how-do-i/online-exam-schedule,,,,,,,,,,,,,,,,,,,
SOC 202,001,Monday,"December 8, 2014",9:00 AM,11:30 AM,PAS 2083,,,,,,,,,,,,,,,
SOC 222,001,Wednesday,"December 10, 2014",12:30 PM,3:00 PM,"AL 208,211",,,,,,,,,,,,,,,
SOC 223,001,Monday,"December 15, 2014",7:30 PM,9:30 PM,RCH 302,,,,,,,,,,,,,,,
SOC 224R,081 Online,See https://uwaterloo.ca/quest/help/students/how-do-i/online-exam-schedule,,,,,,,,,,,,,,,,,,,
SOC 227,001,Friday,"December 5, 2014",9:00 AM,11:00 AM,"AL 208,211",,,,,,,,,,,,,,,
SOC 262,001,Saturday,"December 13, 2014",4:00 PM,6:00 PM,RCH 307,,,,,,,,,,,,,,,
SOC 280,001,Monday,"December 8, 2014",7:30 PM,10:00 PM,B1 370,,,,,,,,,,,,,,,
SOC 321,001,Tuesday,"December 16, 2014",7:30 PM,10:00 PM,HH 1101,,,,,,,,,,,,,,,
SOC 370,001,Friday,"December 12, 2014",9:00 AM,11:30 AM,"AL 105,124",,,,,,,,,,,,,,,
SOCWK 120R,001 to 003,Thursday,"December 4, 2014",9:00 AM,11:30 AM,"HH 1101,1102",,,,,,,,,,,,,,,
SOCWK 220R,"001,002",Monday,"December 8, 2014",9:00 AM,11:30 AM,"REN 2106,2107",,,,,,,,,,,,,,,
SOCWK 221R,001,Thursday,"December 4, 2014",7:30 PM,10:00 PM,REN 2106,,,,,,,,,,,,,,,
SOCWK 240R,001,Saturday,"December 6, 2014",12:30 PM,3:00 PM,REN 2106,,,,,,,,,,,,,,,
SOCWK 300R,001,Friday,"December 5, 2014",9:00 AM,11:30 AM,REN 2106,,,,,,,,,,,,,,,
SOCWK 357R,081 Online,See https://uwaterloo.ca/quest/help/students/how-do-i/online-exam-schedule,,,,,,,,,,,,,,,,,,,
SPAN 101,001 to 007,Wednesday,"December 17, 2014",4:00 PM,6:00 PM,"DC 1350,1351",,,,,,,,,,,,,,,
SPAN 101,081 Online,See https://uwaterloo.ca/quest/help/students/how-do-i/online-exam-schedule,,,,,,,,,,,,,,,,,,,
SPAN 102,001,Tuesday,"December 16, 2014",4:00 PM,6:00 PM,MC 4041,,,,,,,,,,,,,,,
SPAN 201A,"001,002",Friday,"December 12, 2014",7:30 PM,9:30 PM,RCH 309,,,,,,,,,,,,,,,
SPAN 201B,001,Monday,"December 15, 2014",9:00 AM,11:00 AM,RCH 205,,,,,,,,,,,,,,,
STAT 202,"001,002",Saturday,"December 13, 2014",4:00 PM,6:30 PM,"PAC 4,5,6,7,11",,,,,,,,,,,,,,,
STAT 206,001,Thursday,"December 18, 2014",12:30 PM,3:00 PM,"PAC 4,5",,,,,,,,,,,,,,,
STAT 220,001,Wednesday,"December 17, 2014",12:30 PM,3:00 PM,MC 4040,,,,,,,,,,,,,,,
STAT 221,001,Tuesday,"December 16, 2014",9:00 AM,11:30 AM,"PAC 1,2,3,4,5",,,,,,,,,,,,,,,
STAT 230,001 to 005,Saturday,"December 13, 2014",12:30 PM,3:00 PM,"PAC 1,2,3,4,5,6,7,8,9",,,,,,,,,,,,,,,
STAT 231,"001,002",Tuesday,"December 16, 2014",9:00 AM,11:30 AM,"PAC 1,2,3,4,5",,,,,,,,,,,,,,,
STAT 240,001,Saturday,"December 13, 2014",12:30 PM,3:00 PM,MC 4021,,,,,,,,,,,,,,,
STAT 322,001,Thursday,"December 4, 2014",7:30 PM,10:00 PM,RCH 308,,,,,,,,,,,,,,,
STAT 330,"001,002",Saturday,"December 13, 2014",12:30 PM,3:00 PM,"DC 1350,1351",,,,,,,,,,,,,,,
STAT 331,"001,002",Tuesday,"December 16, 2014",9:00 AM,11:30 AM,"PAC 7,8",,,,,,,,,,,,,,,
STAT 332,001,Thursday,"December 18, 2014",9:00 AM,11:30 AM,"PAC 11,12",,,,,,,,,,,,,,,
STAT 333,"001,002",Friday,"December 12, 2014",9:00 AM,11:30 AM,"DC 1350,1351",,,,,,,,,,,,,,,
STAT 334,001,Tuesday,"December 16, 2014",12:30 PM,3:00 PM,PAC 7,,,,,,,,,,,,,,,
STAT 337,001,Saturday,"December 13, 2014",7:30 PM,10:00 PM,PAC 12,,,,,,,,,,,,,,,
STAT 341,001,Saturday,"December 13, 2014",12:30 PM,3:00 PM,MC 2054,,,,,,,,,,,,,,,
STAT 371,001,Thursday,"December 4, 2014",12:30 PM,3:00 PM,"RCH 110,112",,,,,,,,,,,,,,,
STAT 372,001,Saturday,"December 6, 2014",7:30 PM,10:00 PM,RCH 301,,,,,,,,,,,,,,,
STAT 373,001,Tuesday,"December 16, 2014",9:00 AM,11:30 AM,"PAC 9,10",,,,,,,,,,,,,,,
STAT 430,001,Saturday,"December 13, 2014",7:30 PM,10:00 PM,PAC 3,,,,,,,,,,,,,,,
STAT 431,001,Saturday,"December 6, 2014",9:00 AM,11:30 AM,"MC 2034,2035",,,,,,,,,,,,,,,
STAT 433,001,Monday,"December 8, 2014",12:30 PM,3:00 PM,"MC 4059,4061",,,,,,,,,,,,,,,
STAT 830,001,Saturday,"December 13, 2014",7:30 PM,10:00 PM,PAC 3,,,,,,,,,,,,,,,
STAT 831,001,Saturday,"December 6, 2014",9:00 AM,11:30 AM,"MC 2034,2035",,,,,,,,,,,,,,,
STAT 833,001,Monday,"December 8, 2014",12:30 PM,3:00 PM,"MC 4059,4061",,,,,,,,,,,,,,,
SUSM 675,001,Friday,"December 12, 2014",12:30 PM,3:00 PM,RCH 308,,,,,,,,,,,,,,,
SWREN 120R,001 to 003,Thursday,"December 4, 2014",9:00 AM,11:30 AM,"HH 1101,1102",,,,,,,,,,,,,,,
SWREN 220R,"001,002",Monday,"December 8, 2014",9:00 AM,11:30 AM,"REN 2106,2107",,,,,,,,,,,,,,,
SWREN 221R,001,Thursday,"December 4, 2014",7:30 PM,10:00 PM,REN 2106,,,,,,,,,,,,,,,
SWREN 224R,081 Online,See https://uwaterloo.ca/quest/help/students/how-do-i/online-exam-schedule,,,,,,,,,,,,,,,,,,,
SWREN 250R,003,Thursday,"December 4, 2014",12:30 PM,3:00 PM,"MC 4059,4061",,,,,,,,,,,,,,,
SWREN 251R,081 Online,See https://uwaterloo.ca/quest/help/students/how-do-i/online-exam-schedule,,,,,,,,,,,,,,,,,,,
SWREN 300R,001,Friday,"December 5, 2014",9:00 AM,11:30 AM,REN 2106,,,,,,,,,,,,,,,
SYDE 101L,001,Thursday,"December 4, 2014",9:00 AM,11:30 AM,E2 1310,,,,,,,,,,,,,,,
SYDE 111,001,Monday,"December 8, 2014",9:00 AM,11:30 AM,"E5 6004,6006,6008",,,,,,,,,,,,,,,
SYDE 113,"001,002",Friday,"December 12, 2014",12:30 PM,3:00 PM,"E5 6006,6008",,,,,,,,,,,,,,,
SYDE 121,001,Saturday,"December 6, 2014",12:30 PM,3:00 PM,"E5 6006,6008",,,,,,,,,,,,,,,
SYDE 161,001,Thursday,"December 11, 2014",4:00 PM,6:30 PM,"E5 6004,6006,6008",,,,,,,,,,,,,,,
SYDE 181,001,Monday,"December 15, 2014",9:00 AM,11:30 AM,"E5 6006,6008",,,,,,,,,,,,,,,
SYDE 212,001,Monday,"December 8, 2014",4:00 PM,6:30 PM,"E5 6006,6008",,,,,,,,,,,,,,,
SYDE 252,001,Thursday,"December 4, 2014",12:30 PM,3:00 PM,"E5 6006,6008",,,,,,,,,,,,,,,
SYDE 252,002,Wednesday,"December 10, 2014",12:30 PM,3:00 PM,"MC 4020,4021",,,,,,,,,,,,,,,
SYDE 262,001,Wednesday,"December 10, 2014",9:00 AM,11:30 AM,"E5 6006,6008",,,,,,,,,,,,,,,
SYDE 286,001,Thursday,"December 11, 2014",9:00 AM,11:30 AM,"E5 6006,6008",,,,,,,,,,,,,,,
SYDE 292,001,Monday,"December 15, 2014",12:30 PM,3:00 PM,"E5 6006,6008",,,,,,,,,,,,,,,
SYDE 411,001,Thursday,"December 11, 2014",12:30 PM,3:00 PM,"E5 6006,6008",,,,,,,,,,,,,,,
SYDE 553,001,Monday,"December 8, 2014",12:30 PM,3:00 PM,"E5 6006,6008",,,,,,,,,,,,,,,
SYDE 575,001,Friday,"December 5, 2014",12:30 PM,3:00 PM,"E5 6006,6008",,,,,,,,,,,,,,,
TS 653,001,Thursday,"December 4, 2014",9:00 AM,11:30 AM,CGC 1300,,,,,,,,,,,,,,,
VCULT 100,001,Monday,"December 8, 2014",9:00 AM,11:30 AM,"MC 2034,2035,2038",,,,,,,,,,,,,,,
WS 325,001,Thursday,"December 4, 2014",9:00 AM,11:30 AM,STJ 3027,,,,,,,,,,,,,,,
