Exam,Section(s),Day,Date,"Start
Time","End
Time",Location,,,
ACTSC 221,081 Online,See https://uwaterloo.ca/quest/help/students/how-do-i/online-exam-schedule,,,,,,,
ACTSC 231,001,Monday,"April 13, 2015",7:30 PM,10:00 PM,"PAC 5,6",,,
ACTSC 232,001,Thursday,"April 16, 2015",12:30 PM,3:00 PM,M3 1006,,,
ACTSC 331,001,Saturday,"April 11, 2015",7:30 PM,10:00 PM,DC 1350,,,
ACTSC 371,001,Friday,"April 24, 2015",9:00 AM,11:30 AM,"DC 1350,1351",,,
ACTSC 372,001,Wednesday,"April 15, 2015",7:30 PM,10:00 PM,"PAC 7,8",,,
ACTSC 433,001,Wednesday,"April 22, 2015",4:00 PM,6:30 PM,PAC 1,,,
ACTSC 446,001,Monday,"April 13, 2015",9:00 AM,11:30 AM,"RCH 301,302",,,
ACTSC 453,001,Friday,"April 10, 2015",9:00 AM,11:30 AM,RCH 211,,,
ACTSC 455,001,Monday,"April 20, 2015",7:30 PM,10:00 PM,PAC 11,,,
ACTSC 462,001,Monday,"April 20, 2015",9:00 AM,11:30 AM,M3 1006,,,
ACTSC 833,001,Wednesday,"April 22, 2015",4:00 PM,6:30 PM,PAC 1,,,
ACTSC 846,001,Monday,"April 13, 2015",9:00 AM,11:30 AM,"RCH 301,302",,,
ACTSC 853,001,Friday,"April 10, 2015",9:00 AM,11:30 AM,RCH 211,,,
ACTSC 855,001,Monday,"April 20, 2015",7:30 PM,10:00 PM,PAC 11,,,
ACTSC 862,001,Monday,"April 20, 2015",9:00 AM,11:30 AM,M3 1006,,,
AFM 101,"001,002",Saturday,"April 18, 2015",12:30 PM,3:00 PM,"PAC 1,2,3,4,5",,,
AFM 102,001 to 004,Tuesday,"April 14, 2015",4:00 PM,6:30 PM,"PAC 1,2,3,4,5,6",,,
AFM 121,001 to 005,Thursday,"April 16, 2015",9:00 AM,11:00 AM,"CPH 1346,E2 1310",,,
AFM 123,003,Tuesday,"April 21, 2015",9:00 AM,11:30 AM,"PAC 1,2,3,4,5,6",,,
AFM 131,001,Saturday,"April 11, 2015",12:30 PM,3:00 PM,"PAC 9,10",,,
AFM 131,081 Online,See https://uwaterloo.ca/quest/help/students/how-do-i/online-exam-schedule,,,,,,,
AFM 231,001,Thursday,"April 16, 2015",7:30 PM,9:30 PM,"PAC 1,2",,,
AFM 323,001,Thursday,"April 23, 2015",9:00 AM,11:30 AM,PAC 12,,,
AFM 333,"001,002",Monday,"April 20, 2015",12:30 PM,3:00 PM,"PAC 3,9,10",,,
AFM 341,"001,002",Friday,"April 10, 2015",9:00 AM,11:00 AM,E2 1310,,,
AFM 362,"001,002",Monday,"April 13, 2015",4:00 PM,6:30 PM,DC 1350,,,
AFM 372,001,Saturday,"April 11, 2015",12:30 PM,3:00 PM,MC 4040,,,
AFM 373,"001,002",Saturday,"April 18, 2015",4:00 PM,6:30 PM,PAC 1,,,
AFM 391,"001,002",Tuesday,"April 21, 2015",9:00 AM,11:30 AM,PAC 7,,,
AFM 424,"001,002",Saturday,"April 11, 2015",12:30 PM,2:00 PM,E2 1310,,,
AFM 433,"001,002",Wednesday,"April 15, 2015",9:00 AM,11:30 AM,E2 1310,,,
AFM 475,001,Friday,"April 24, 2015",9:00 AM,11:30 AM,MC 4040,,,
AFM 476,001,Saturday,"April 18, 2015",4:00 PM,6:30 PM,PAC 1,,,
AFM 491,"001,002",Wednesday,"April 22, 2015",9:00 AM,11:30 AM,"RCH 110,112",,,
AHS 150,081 Online,See https://uwaterloo.ca/quest/help/students/how-do-i/online-exam-schedule,,,,,,,
AMATH 231,001,Saturday,"April 11, 2015",7:30 PM,10:00 PM,MC 4059,,,
AMATH 242,001,Monday,"April 20, 2015",9:00 AM,11:30 AM,RCH 301,,,
AMATH 250,001,Saturday,"April 25, 2015",9:00 AM,11:30 AM,"PAC 1,2",,,
AMATH 331,001,Saturday,"April 18, 2015",7:30 PM,10:00 PM,MC 1085,,,
AMATH 332,001,Saturday,"April 25, 2015",12:30 PM,3:00 PM,MC 4041,,,
AMATH 342,001,Wednesday,"April 22, 2015",7:30 PM,10:00 PM,MC 4040,,,
AMATH 350,001,Monday,"April 20, 2015",12:30 PM,3:00 PM,M3 1006,,,
AMATH 353,001,Monday,"April 20, 2015",7:30 PM,10:00 PM,PAC 8,,,
AMATH 361,001,Wednesday,"April 15, 2015",12:30 PM,3:00 PM,RCH 306,,,
AMATH 373,001,Monday,"April 13, 2015",7:30 PM,10:00 PM,PAC 7,,,
AMATH 391,001,Saturday,"April 18, 2015",9:00 AM,11:30 AM,PAC 9,,,
AMATH 451,001,Monday,"April 13, 2015",9:00 AM,11:30 AM,MC 4040,,,
AMATH 455,001,Friday,"April 10, 2015",12:30 PM,3:00 PM,MC 4040,,,
AMATH 475,001,Friday,"April 10, 2015",9:00 AM,11:30 AM,RCH 307,,,
AMATH 495,001,Friday,"April 10, 2015",4:00 PM,6:30 PM,MC 4040,,,
AMATH 655,001,Friday,"April 10, 2015",12:30 PM,3:00 PM,MC 4040,,,
AMATH 675,001,Friday,"April 10, 2015",9:00 AM,11:30 AM,RCH 307,,,
AMATH 900,001,Friday,"April 10, 2015",4:00 PM,6:30 PM,MC 4040,,,
ANTH 101,001,Saturday,"April 18, 2015",12:30 PM,2:30 PM,M3 1006,,,
ANTH 102,001,Monday,"April 13, 2015",9:00 AM,11:00 AM,"MC 2034,2035,2038",,,
ANTH 201,001,Wednesday,"April 15, 2015",12:30 PM,3:00 PM,PAS 1229,,,
ANTH 202,001,Tuesday,"April 21, 2015",4:00 PM,6:30 PM,DWE 3517,,,
ANTH 233,001,Thursday,"April 16, 2015",12:30 PM,3:00 PM,PAS 1241,,,
ANTH 260,001,Friday,"April 10, 2015",9:00 AM,11:00 AM,PAS 1241,,,
ANTH 305,001,Friday,"April 10, 2015",9:00 AM,11:30 AM,PAS 1229,,,
ANTH 321,001,Saturday,"April 11, 2015",4:00 PM,6:30 PM,EV3 4412,,,
ANTH 348,001,Saturday,"April 11, 2015",9:00 AM,11:00 AM,PAS 2086,,,
ARBUS 102,"001,002",Tuesday,"April 21, 2015",9:00 AM,11:30 AM,"PAC 1,2,3,4,5,6",,,
ARBUS 202,001,Wednesday,"April 15, 2015",4:00 PM,6:30 PM,PAC 8,,,
ARBUS 202,002,Wednesday,"April 15, 2015",4:00 PM,6:30 PM,PAC 4,,,
ARBUS 202,003,Wednesday,"April 15, 2015",4:00 PM,6:30 PM,PAC 1,,,
ARBUS 202,004,Wednesday,"April 15, 2015",4:00 PM,6:30 PM,PAC 5,,,
ARBUS 301,"001,002",Monday,"April 20, 2015",12:30 PM,3:00 PM,"PAC 3,9,10",,,
BIOL 101,001,Friday,"April 10, 2015",4:00 PM,6:30 PM,MC 4041,,,
BIOL 120,001,Wednesday,"April 15, 2015",9:00 AM,11:30 AM,"DC 1350,1351",,,
BIOL 130,001,Monday,"April 13, 2015",12:30 PM,3:00 PM,"RCH 301,302,305",,,
BIOL 165,001,Tuesday,"April 21, 2015",12:30 PM,3:00 PM,"PAC 1,2,3,8",,,
BIOL 211,001,Friday,"April 17, 2015",9:00 AM,11:30 AM,"RCH 301,302",,,
BIOL 239,001 to 003,Thursday,"April 16, 2015",12:30 PM,3:00 PM,"PAC 1,2,3,4,5,6,7,8,11,12",,,
BIOL 240,081 Online,See https://uwaterloo.ca/quest/help/students/how-do-i/online-exam-schedule,,,,,,,
BIOL 241,001,Saturday,"April 18, 2015",9:00 AM,11:30 AM,"PAC 1,2,3",,,
BIOL 273,"001,002",Monday,"April 13, 2015",4:00 PM,6:30 PM,"PAC 1,2,3,4,5,6,7",,,
BIOL 273L,001 to 009,Tuesday,"April 14, 2015",7:30 PM,8:30 PM,"DC 1350,1351",,,
BIOL 301,001,Thursday,"April 23, 2015",9:00 AM,11:30 AM,"PAC 1,2,3,4",,,
BIOL 331,001,Friday,"April 24, 2015",12:30 PM,3:00 PM,"PAC 7,8",,,
BIOL 335L,"001,002",Tuesday,"April 14, 2015",9:00 AM,11:30 AM,MC 4041,,,
BIOL 346,001,Monday,"April 20, 2015",9:00 AM,11:30 AM,RCH 110,,,
BIOL 351,001,Saturday,"April 18, 2015",7:30 PM,10:00 PM,DC 1350,,,
BIOL 359,001,Friday,"April 10, 2015",7:30 PM,10:00 PM,"PAC 1,2,3,6",,,
BIOL 361,001,Tuesday,"April 21, 2015",7:30 PM,10:00 PM,DC 1350,,,
BIOL 365,001,Saturday,"April 11, 2015",12:30 PM,3:00 PM,MC 4041,,,
BIOL 366,001,Wednesday,"April 22, 2015",4:00 PM,6:30 PM,PAC 8,,,
BIOL 371,001,Tuesday,"April 21, 2015",12:30 PM,3:00 PM,"PAC 9,10",,,
BIOL 373,001,Monday,"April 13, 2015",12:30 PM,3:00 PM,"PAC 1,2,3,7,8",,,
BIOL 373L,001 to 007,Thursday,"April 16, 2015",9:00 AM,10:00 AM,"DC 1350,1351",,,
BIOL 383,001,Friday,"April 24, 2015",7:30 PM,10:00 PM,AL 208,,,
BIOL 403,001,Monday,"April 20, 2015",12:30 PM,3:00 PM,MC 4040,,,
BIOL 414,001,Tuesday,"April 14, 2015",7:30 PM,10:00 PM,PAC 8,,,
BIOL 426,001,Thursday,"April 16, 2015",12:30 PM,3:00 PM,PAC 9,,,
BIOL 428,001,Saturday,"April 11, 2015",7:30 PM,10:00 PM,B2 350,,,
BIOL 431,001,Monday,"April 13, 2015",7:30 PM,10:00 PM,"PAC 9,10",,,
BIOL 432,001,Thursday,"April 16, 2015",12:30 PM,3:00 PM,MC 1085,,,
BIOL 438,001,Friday,"April 17, 2015",7:30 PM,10:00 PM,PAC 7,,,
BIOL 441,001,Friday,"April 10, 2015",9:00 AM,11:30 AM,"RCH 103,105",,,
BIOL 442,001,Saturday,"April 18, 2015",4:00 PM,6:30 PM,PAC 8,,,
BIOL 449,001,Friday,"April 24, 2015",9:00 AM,11:30 AM,"MC 4059,4061",,,
BIOL 450,001,Friday,"April 17, 2015",7:30 PM,10:00 PM,PAC 8,,,
BIOL 457,001,Thursday,"April 23, 2015",12:30 PM,3:00 PM,MC 4045,,,
BIOL 467,001,Wednesday,"April 15, 2015",9:00 AM,11:30 AM,MC 4040,,,
BIOL 477L,001,Exam removed from schedule. Contact instructor for further information.,,,,,,,
BIOL 484,001,Saturday,"April 25, 2015",12:30 PM,3:00 PM,MC 4059,,,
BME 122,001,Friday,"April 17, 2015",9:00 AM,11:30 AM,"E5 6006,6008",,,
BME 182,001,Tuesday,"April 21, 2015",4:00 PM,6:30 PM,"E5 6006,6008",,,
BME 184,001,Monday,"April 13, 2015",12:30 PM,3:00 PM,"E5 6006,6008",,,
BUS 111W,,See http://www.wlu.ca/page.php?grp_id=1366&p=14566,,,,WLU,,,
BUS 121W,,Saturday,"April 11, 2015",12:30 PM,3:00 PM,"PAC 1,2,3,8",,,
BUS 127W,,See http://www.wlu.ca/page.php?grp_id=1366&p=14566,,,,WLU,,,
BUS 231W,,See http://www.wlu.ca/page.php?grp_id=1366&p=14566,,,,WLU,,,
BUS 247W,,See http://www.wlu.ca/page.php?grp_id=1366&p=14566,,,,WLU,,,
BUS 288W,,See http://www.wlu.ca/page.php?grp_id=1366&p=14566,,,,WLU,,,
BUS 352W,,See http://www.wlu.ca/page.php?grp_id=1366&p=14566,,,,WLU,,,
BUS 353W,,See http://www.wlu.ca/page.php?grp_id=1366&p=14566,,,,WLU,,,
BUS 354W,,See http://www.wlu.ca/page.php?grp_id=1366&p=14566,,,,WLU,,,
BUS 357W,,See http://www.wlu.ca/page.php?grp_id=1366&p=14566,,,,WLU,,,
BUS 362W,,See http://www.wlu.ca/page.php?grp_id=1366&p=14566,,,,WLU,,,
BUS 383W,,See http://www.wlu.ca/page.php?grp_id=1366&p=14566,,,,WLU,,,
BUS 385W,,See http://www.wlu.ca/page.php?grp_id=1366&p=14566,,,,WLU,,,
BUS 387W,,See http://www.wlu.ca/page.php?grp_id=1366&p=14566,,,,WLU,,,
BUS 393W,,See http://www.wlu.ca/page.php?grp_id=1366&p=14566,,,,WLU,,,
BUS 395W,,See http://www.wlu.ca/page.php?grp_id=1366&p=14566,,,,WLU,,,
BUS 397W,,See http://www.wlu.ca/page.php?grp_id=1366&p=14566,,,,WLU,,,
BUS 398W,,See http://www.wlu.ca/page.php?grp_id=1366&p=14566,,,,WLU,,,
BUS 403W,,See http://www.wlu.ca/page.php?grp_id=1366&p=14566,,,,WLU,,,
BUS 413W,,See http://www.wlu.ca/page.php?grp_id=1366&p=14566,,,,WLU,,,
BUS 423W,,See http://www.wlu.ca/page.php?grp_id=1366&p=14566,,,,WLU,,,
BUS 429W,,See http://www.wlu.ca/page.php?grp_id=1366&p=14566,,,,WLU,,,
BUS 433W,,See http://www.wlu.ca/page.php?grp_id=1366&p=14566,,,,WLU,,,
BUS 443W,,See http://www.wlu.ca/page.php?grp_id=1366&p=14566,,,,WLU,,,
BUS 449W,,See http://www.wlu.ca/page.php?grp_id=1366&p=14566,,,,WLU,,,
BUS 451W,,See http://www.wlu.ca/page.php?grp_id=1366&p=14566,,,,WLU,,,
BUS 452W,,See http://www.wlu.ca/page.php?grp_id=1366&p=14566,,,,WLU,,,
BUS 453W,,See http://www.wlu.ca/page.php?grp_id=1366&p=14566,,,,WLU,,,
BUS 463W,,See http://www.wlu.ca/page.php?grp_id=1366&p=14566,,,,WLU,,,
BUS 464W,,See http://www.wlu.ca/page.php?grp_id=1366&p=14566,,,,WLU,,,
BUS 466W,,See http://www.wlu.ca/page.php?grp_id=1366&p=14566,,,,WLU,,,
BUS 467W,,See http://www.wlu.ca/page.php?grp_id=1366&p=14566,,,,WLU,,,
BUS 473W,,See http://www.wlu.ca/page.php?grp_id=1366&p=14566,,,,WLU,,,
BUS 477W,,See http://www.wlu.ca/page.php?grp_id=1366&p=14566,,,,WLU,,,
BUS 481W,,See http://www.wlu.ca/page.php?grp_id=1366&p=14566,,,,WLU,,,
BUS 483W,,See http://www.wlu.ca/page.php?grp_id=1366&p=14566,,,,WLU,,,
BUS 486W,,See http://www.wlu.ca/page.php?grp_id=1366&p=14566,,,,WLU,,,
BUS 487W,,See http://www.wlu.ca/page.php?grp_id=1366&p=14566,,,,WLU,,,
BUS 495QW,,See http://www.wlu.ca/page.php?grp_id=1366&p=14566,,,,WLU,,,
CHE 101,001,Wednesday,"April 15, 2015",12:30 PM,3:00 PM,PAC 7,,,
CHE 121,001,Friday,"April 17, 2015",4:00 PM,6:30 PM,"PAC 3,8",,,
CHE 161,001,Monday,"April 20, 2015",7:30 PM,10:00 PM,PAC 6,,,
CHE 200,001,Exam removed from schedule. Contact instructor for further information.,,,,,,,
CHE 220,001,Friday,"April 17, 2015",4:00 PM,6:30 PM,MC 1085,,,
CHE 230,001,Friday,"April 10, 2015",9:00 AM,11:30 AM,RCH 301,,,
CHE 311,001,Tuesday,"April 14, 2015",7:30 PM,10:00 PM,"E6 2022,2024",,,
CHE 312,001,Thursday,"April 23, 2015",4:00 PM,6:30 PM,PAC 8,,,
CHE 313,001,Saturday,"April 11, 2015",12:30 PM,3:00 PM,"E6 2022,2024",,,
CHE 322,001,Tuesday,"April 21, 2015",4:00 PM,6:30 PM,PAC 3,,,
CHE 325,001,Monday,"April 20, 2015",12:30 PM,3:00 PM,"E6 2022,2024",,,
CHE 330,001,Monday,"April 20, 2015",9:00 AM,11:30 AM,"RCH 307,308",,,
CHE 331,001,Saturday,"April 18, 2015",12:30 PM,3:00 PM,"E6 2022,2024",,,
CHE 360,001,Friday,"April 17, 2015",4:00 PM,6:30 PM,"PAC 11,12",,,
CHE 514,001,Friday,"April 10, 2015",12:30 PM,3:00 PM,RCH 301,,,
CHE 516,001,Monday,"April 20, 2015",7:30 PM,10:00 PM,RCH 302,,,
CHE 522,001,Saturday,"April 11, 2015",7:30 PM,10:00 PM,E6 2024,,,
CHE 543,001,Saturday,"April 11, 2015",9:00 AM,11:30 AM,E6 4022,,,
CHE 562,001,Wednesday,"April 15, 2015",12:30 PM,3:00 PM,E6 4022,,,
CHE 564,001,Monday,"April 20, 2015",9:00 AM,11:30 AM,E6 4022,,,
CHE 571,001,Monday,"April 13, 2015",9:00 AM,11:30 AM,E5 2024,,,
CHE 572,001,Saturday,"April 11, 2015",9:00 AM,11:30 AM,MC 1085,,,
CHE 574,001,Tuesday,"April 14, 2015",4:00 PM,6:30 PM,"MC 2017,2054",,,
CHE 614,001,Friday,"April 10, 2015",12:30 PM,3:00 PM,RCH 301,,,
CHE 624,001,Saturday,"April 11, 2015",7:30 PM,10:00 PM,E6 2024,,,
CHE 672,001,Saturday,"April 11, 2015",9:00 AM,11:30 AM,MC 1085,,,
CHE 674,001,Tuesday,"April 14, 2015",4:00 PM,6:30 PM,"MC 2017,2054",,,
CHEM 120,001,Friday,"April 24, 2015",12:30 PM,3:00 PM,"PAC 1,2,3",,,
CHEM 123,001 to 004,Friday,"April 24, 2015",9:00 AM,11:30 AM,"PAC 1,2,3,4,5,6,7,8,9,10,11,12,
M3 1006",,,
CHEM 123L,001 to 012,Friday,"April 24, 2015",7:30 PM,9:30 PM,"PAC 1,2,3,4,5,6,7,8,9,10,11,12,
MC 1056",,,
CHEM 212,001,Tuesday,"April 21, 2015",9:00 AM,11:30 AM,DC 1350,,,
CHEM 221,001,Saturday,"April 18, 2015",7:30 PM,10:00 PM,MC 4059,,,
CHEM 228,001,Saturday,"April 11, 2015",7:30 PM,10:00 PM,MC 4040,,,
CHEM 233,001,Saturday,"April 25, 2015",9:00 AM,11:30 AM,PAC 8,,,
CHEM 237,001,Monday,"April 20, 2015",7:30 PM,10:00 PM,"PAC 1,2,3",,,
CHEM 237L,001 to 004,Wednesday,"April 15, 2015",4:00 PM,6:00 PM,M3 1006,,,
CHEM 254,001,Friday,"April 17, 2015",12:30 PM,3:00 PM,"RCH 301,309",,,
CHEM 262,001,Saturday,"April 11, 2015",9:00 AM,11:30 AM,"MC 2034,2035",,,
CHEM 265,001,Saturday,"April 11, 2015",12:30 PM,3:00 PM,MC 4061,,,
CHEM 267,"001,002",Saturday,"April 25, 2015",9:00 AM,11:30 AM,"PAC 4,5,6,7",,,
CHEM 313,001,Friday,"April 24, 2015",9:00 AM,11:30 AM,MC 4020,,,
CHEM 350,001,Friday,"April 10, 2015",7:30 PM,10:00 PM,MC 1085,,,
CHEM 357,001,Monday,"April 20, 2015",9:00 AM,11:30 AM,DC 1350,,,
CHEM 360,001,Tuesday,"April 14, 2015",4:00 PM,6:30 PM,"PAC 11,12",,,
CHEM 360L,001 to 004,Wednesday,"April 15, 2015",7:30 PM,9:30 PM,"RCH 110,112",,,
CHEM 420,001,Friday,"April 17, 2015",4:00 PM,6:30 PM,MC 4059,,,
CHEM 433,001,Thursday,"April 23, 2015",4:00 PM,6:30 PM,PAC 9,,,
CHEM 440,001,Friday,"April 10, 2015",4:00 PM,6:30 PM,C2 361,,,
CHEM 450,001,Friday,"April 24, 2015",7:30 PM,10:00 PM,EIT 2053,,,
CHEM 460,001,Wednesday,"April 15, 2015",12:30 PM,3:00 PM,RCH 205,,,
CHEM 740,001,Friday,"April 10, 2015",4:00 PM,6:30 PM,C2 361,,,
CHINA 101R,"001,002",Wednesday,"April 22, 2015",7:30 PM,10:00 PM,"REN 2106,2107",,,
CHINA 102R,001,Tuesday,"April 21, 2015",9:00 AM,11:30 AM,REN 2107,,,
CHINA 120R,"001,002",Friday,"April 10, 2015",9:00 AM,11:30 AM,"REN 0104,0106",,,
CHINA 201R,001,Thursday,"April 23, 2015",9:00 AM,11:30 AM,REN 2107,,,
CHINA 302R,001,Saturday,"April 11, 2015",4:00 PM,6:30 PM,REN 0106,,,
CHINA 320R,001,Monday,"April 20, 2015",9:00 AM,11:30 AM,REN 2107,,,
CIVE 121,001,Friday,"April 17, 2015",12:30 PM,3:00 PM,"RCH 103,105,110",,,
CIVE 127,001,Thursday,"April 16, 2015",12:30 PM,3:00 PM,DC 1350,,,
CIVE 303,001,Wednesday,"April 22, 2015",9:00 AM,11:30 AM,"CPH 3602,3604,3607",,,
CIVE 331,001,Wednesday,"April 15, 2015",9:00 AM,11:30 AM,"CPH 3602,3604,3607",,,
CIVE 342,001,Friday,"April 17, 2015",9:00 AM,11:30 AM,"CPH 3602,3604,3607",,,
CIVE 353,001,Monday,"April 20, 2015",9:00 AM,11:30 AM,"CPH 3602,3604,3607",,,
CIVE 375,001,Monday,"April 13, 2015",12:30 PM,3:00 PM,"CPH 3602,3604,3607",,,
CIVE 381,001,Saturday,"April 18, 2015",4:00 PM,6:30 PM,CPH 3607,,,
CIVE 405,001,Tuesday,"April 14, 2015",4:00 PM,6:30 PM,DWE 2527,,,
CIVE 415,001,Thursday,"April 16, 2015",9:00 AM,11:30 AM,RCH 302,,,
CIVE 422,001,Wednesday,"April 15, 2015",12:30 PM,3:00 PM,DWE 2527,,,
CIVE 440,001,Saturday,"April 11, 2015",7:30 PM,10:00 PM,RCH 302,,,
CIVE 460,001,Tuesday,"April 21, 2015",7:30 PM,10:00 PM,RCH 301,,,
CIVE 497,002,Saturday,"April 11, 2015",4:00 PM,6:30 PM,"E5 3101,3102",,,
CIVE 507,001,Friday,"April 10, 2015",9:00 AM,11:30 AM,MC 2065,,,
CIVE 542,001,Monday,"April 20, 2015",7:30 PM,10:00 PM,CPH 3504,,,
CIVE 554,001,Saturday,"April 18, 2015",12:30 PM,3:00 PM,CPH 3607,,,
CIVE 583,001,Tuesday,"April 14, 2015",4:00 PM,6:30 PM,CPH 3607,,,
CIVE 596,001,Monday,"April 13, 2015",7:30 PM,10:00 PM,RCH 302,,,
CLAS 104,001,Thursday,"April 23, 2015",4:00 PM,6:30 PM,"PAC 1,2,3,4,5,6,7",,,
CLAS 201,001,Monday,"April 13, 2015",7:30 PM,10:00 PM,"PAC 1,2,3,4",,,
CLAS 205,001,Tuesday,"April 21, 2015",9:00 AM,11:30 AM,PAC 8,,,
CLAS 221,001,Wednesday,"April 15, 2015",12:30 PM,3:00 PM,PAS 1229,,,
CLAS 232,001,Friday,"April 17, 2015",12:30 PM,3:00 PM,AL 124,,,
CLAS 321,001,Saturday,"April 11, 2015",4:00 PM,6:30 PM,EV3 4412,,,
CLAS 361,081 Online,See https://uwaterloo.ca/quest/help/students/how-do-i/online-exam-schedule,,,,,,,
CLAS 384,001,Wednesday,"April 22, 2015",12:30 PM,3:00 PM,AL 124,,,
CM 730,001,Monday,"April 13, 2015",4:00 PM,6:30 PM,RCH 205,,,
CO 227,001,Thursday,"April 16, 2015",9:00 AM,11:30 AM,PAC 11,,,
CO 250,"001,002",Thursday,"April 16, 2015",9:00 AM,11:30 AM,"PAC 7,8",,,
CO 250,081 Online,See https://uwaterloo.ca/quest/help/students/how-do-i/online-exam-schedule,,,,,,,
CO 255,001,Thursday,"April 16, 2015",9:00 AM,11:30 AM,PAC 9,,,
CO 327,001,Monday,"April 20, 2015",7:30 PM,10:00 PM,PAC 12,,,
CO 331,001,Wednesday,"April 22, 2015",4:00 PM,6:30 PM,PAC 2,,,
CO 353,001,Saturday,"April 25, 2015",12:30 PM,3:00 PM,MC 4045,,,
CO 367,001,Saturday,"April 11, 2015",12:30 PM,3:00 PM,MC 4042,,,
CO 370,001,Saturday,"April 18, 2015",12:30 PM,3:00 PM,"PAC 11,12",,,
CO 372,001,Friday,"April 24, 2015",7:30 PM,10:00 PM,DC 1350,,,
CO 444,001,Monday,"April 20, 2015",9:00 AM,11:30 AM,MC 4040,,,
CO 452,001,Monday,"April 13, 2015",12:30 PM,3:00 PM,RCH 205,,,
CO 466,001,Friday,"April 10, 2015",12:30 PM,3:00 PM,PAC 9,,,
CO 481,001,Monday,"April 20, 2015",4:00 PM,6:30 PM,MC 1085,,,
CO 487,001,Tuesday,"April 21, 2015",9:00 AM,11:30 AM,"PAC 11,12",,,
CO 644,001,Monday,"April 20, 2015",9:00 AM,11:30 AM,MC 4040,,,
CO 652,001,Monday,"April 13, 2015",12:30 PM,3:00 PM,RCH 205,,,
CO 666,001,Friday,"April 10, 2015",12:30 PM,3:00 PM,PAC 9,,,
COMM 103,001,Friday,"April 10, 2015",12:30 PM,3:00 PM,RCH 110,,,
COMM 231,001,Saturday,"April 18, 2015",9:00 AM,11:30 AM,DC 1350,,,
COMM 321,001,Friday,"April 10, 2015",7:30 PM,10:00 PM,PAC 11,,,
COMM 421,001,Tuesday,"April 14, 2015",12:30 PM,3:00 PM,MC 2034,,,
COMM 432,001,Monday,"April 13, 2015",12:30 PM,3:00 PM,RCH 206,,,
CROAT 102,001,Friday,"April 10, 2015",9:00 AM,11:30 AM,ML 354,,,
CROAT 102,081 Online,See https://uwaterloo.ca/quest/help/students/how-do-i/online-exam-schedule,,,,,,,
CROAT 202,001,Friday,"April 10, 2015",9:00 AM,11:30 AM,ML 354,,,
CS 100,081 Online,See https://uwaterloo.ca/quest/help/students/how-do-i/online-exam-schedule,,,,,,,
CS 115,001 to 003,Friday,"April 17, 2015",4:00 PM,6:30 PM,"PAC 4,5,6,7",,,
CS 116,"001,003 to 005",Friday,"April 17, 2015",12:30 PM,3:00 PM,"PAC 1,2,3,4,5,6,7,8",,,
CS 116,002,Friday,"April 17, 2015",12:30 PM,3:00 PM,"PAC 11,12",,,
CS 135,"001,002",Friday,"April 17, 2015",4:00 PM,6:30 PM,M3 1006,,,
CS 136,001 to 008,Friday,"April 17, 2015",9:00 AM,11:30 AM,"PAC 1,2,3,4,5,6,7,8",,,
CS 138,001,Friday,"April 17, 2015",9:00 AM,11:30 AM,"MC 4059,4060,4061",,,
CS 146,001,Tuesday,"April 21, 2015",12:30 PM,3:00 PM,RCH 110,,,
CS 230,001,Wednesday,"April 15, 2015",12:30 PM,3:00 PM,"PAC 11,12",,,
CS 240,001 to 003,Friday,"April 17, 2015",9:00 AM,11:30 AM,"DC 1350,1351",,,
CS 241,001 to 003,Wednesday,"April 15, 2015",7:30 PM,10:00 PM,"PAC 4,5,10",,,
CS 245,"001,002",Saturday,"April 18, 2015",9:00 AM,11:30 AM,M3 1006,,,
CS 246,"001,002",Monday,"April 13, 2015",4:00 PM,6:30 PM,M3 1006,,,
CS 251,"001,002",Friday,"April 24, 2015",4:00 PM,6:30 PM,"PAC 4,5,6",,,
CS 330,"001,002",Thursday,"April 23, 2015",9:00 AM,11:30 AM,M3 1006,,,
CS 335,001,Tuesday,"April 21, 2015",12:30 PM,3:00 PM,"PAC 11,12",,,
CS 338,001,Friday,"April 10, 2015",12:30 PM,3:00 PM,DC 1350,,,
CS 341,001 to 004,Saturday,"April 18, 2015",9:00 AM,11:30 AM,"PAC 4,5,6",,,
CS 343,001,Friday,"April 24, 2015",4:00 PM,6:30 PM,PAC 3,,,
CS 348,001,Thursday,"April 23, 2015",9:00 AM,11:30 AM,PAC 8,,,
CS 349,001 to 004,Friday,"April 17, 2015",12:30 PM,3:00 PM,"MC 4020,4021,4059,4061",,,
CS 350,"001,002",Monday,"April 13, 2015",9:00 AM,11:30 AM,"RCH 103,105,106,110",,,
CS 360,001,Thursday,"April 23, 2015",7:30 PM,10:00 PM,MC 4059,,,
CS 365,001,Friday,"April 10, 2015",4:00 PM,6:30 PM,MC 4042,,,
CS 370,"001,002",Tuesday,"April 14, 2015",7:30 PM,10:00 PM,"PAC 4,5",,,
CS 371,001,Monday,"April 20, 2015",9:00 AM,11:30 AM,RCH 301,,,
CS 430,001,Thursday,"April 16, 2015",4:00 PM,6:30 PM,PAC 6,,,
CS 436,001,Thursday,"April 23, 2015",12:30 PM,3:00 PM,PAC 11,,,
CS 442,001,Saturday,"April 11, 2015",7:30 PM,10:00 PM,MC 4020,,,
CS 444,001,Tuesday,"April 14, 2015",12:30 PM,3:00 PM,"PAC 9,10",,,
CS 445,001,Monday,"April 13, 2015",4:00 PM,6:30 PM,RCH 301,,,
CS 446,001,Wednesday,"April 22, 2015",4:00 PM,6:30 PM,PAC 4,,,
CS 447,001,Tuesday,"April 21, 2015",12:30 PM,3:00 PM,"PAC 4,5,6,7",,,
CS 448,001,Wednesday,"April 15, 2015",9:00 AM,11:30 AM,MC 4045,,,
CS 450,001,Thursday,"April 23, 2015",12:30 PM,3:00 PM,PAC 12,,,
CS 452,001,Tuesday,"April 14, 2015",4:00 PM,6:30 PM,MC 4040,,,
CS 454,"001,002",Monday,"April 20, 2015",9:00 AM,11:30 AM,DC 1351,,,
CS 456,"001,002",Friday,"April 10, 2015",12:30 PM,3:00 PM,"PAC 3,8",,,
CS 458,"001,002",Wednesday,"April 15, 2015",4:00 PM,6:30 PM,"PAC 11,12",,,
CS 467,001,Monday,"April 20, 2015",4:00 PM,6:30 PM,MC 1085,,,
CS 473,001,Friday,"April 10, 2015",12:30 PM,3:00 PM,PAC 10,,,
CS 476,001,Wednesday,"April 22, 2015",9:00 AM,11:30 AM,RCH 103,,,
CS 483,001,Saturday,"April 11, 2015",9:00 AM,11:30 AM,MC 4040,,,
CS 485,001,Monday,"April 13, 2015",4:00 PM,6:30 PM,RCH 103,,,
CS 486,"001,002",Saturday,"April 18, 2015",7:30 PM,10:00 PM,M3 1006,,,
CS 487,001,Monday,"April 13, 2015",4:00 PM,6:30 PM,RCH 205,,,
CS 488,001,Tuesday,"April 14, 2015",4:00 PM,6:30 PM,"PAC 9,10",,,
CS 490,001,Tuesday,"April 21, 2015",7:30 PM,10:00 PM,MC 4045,,,
CS 492,001,Thursday,"April 16, 2015",12:30 PM,3:00 PM,PAC 10,,,
CS 642,001,Saturday,"April 11, 2015",7:30 PM,10:00 PM,MC 4020,,,
CS 644,001,Tuesday,"April 14, 2015",12:30 PM,3:00 PM,"PAC 9,10",,,
CS 645,001,Monday,"April 13, 2015",4:00 PM,6:30 PM,RCH 301,,,
CS 646,001,Wednesday,"April 22, 2015",4:00 PM,6:30 PM,PAC 4,,,
CS 647,001,Tuesday,"April 21, 2015",12:30 PM,3:00 PM,"PAC 4,5,6,7",,,
CS 648,001,Wednesday,"April 15, 2015",9:00 AM,11:30 AM,MC 4045,,,
CS 654,"001,002",Monday,"April 20, 2015",9:00 AM,11:30 AM,DC 1351,,,
CS 656,"001,002",Friday,"April 10, 2015",12:30 PM,3:00 PM,"PAC 3,8",,,
CS 658,001,Wednesday,"April 15, 2015",4:00 PM,6:30 PM,"PAC 11,12",,,
CS 673,001,Friday,"April 10, 2015",12:30 PM,3:00 PM,PAC 10,,,
CS 676,001,Wednesday,"April 22, 2015",9:00 AM,11:30 AM,RCH 103,,,
CS 685,001,Monday,"April 13, 2015",4:00 PM,6:30 PM,RCH 103,,,
CS 686,001,Saturday,"April 18, 2015",7:30 PM,10:00 PM,M3 1006,,,
CS 687,001,Monday,"April 13, 2015",4:00 PM,6:30 PM,RCH 205,,,
CS 688,001,Tuesday,"April 14, 2015",4:00 PM,6:30 PM,"PAC 9,10",,,
DRAMA 371,001,Monday,"April 13, 2015",4:00 PM,6:30 PM,RCH 306,,,
DRAMA 387,081 Online,See https://uwaterloo.ca/quest/help/students/how-do-i/online-exam-schedule,,,,,,,
DUTCH 101,081 Online,See https://uwaterloo.ca/quest/help/students/how-do-i/online-exam-schedule,,,,,,,
DUTCH 102,001,Tuesday,"April 14, 2015",4:00 PM,6:30 PM,ML 354,,,
EARTH 122,001,Saturday,"April 25, 2015",4:00 PM,6:30 PM,"PAC 1,2,3",,,
EARTH 122L,001 to 004,Friday,"April 17, 2015",7:30 PM,10:00 PM,"PAC 1,2",,,
EARTH 221,001,Monday,"April 13, 2015",12:30 PM,3:00 PM,MC 1085,,,
EARTH 232,001,Thursday,"April 16, 2015",4:00 PM,6:30 PM,EIT 1013,,,
EARTH 238,001,Monday,"April 20, 2015",4:00 PM,6:30 PM,DC 1350,,,
EARTH 270,001,Saturday,"April 11, 2015",9:00 AM,11:30 AM,M3 1006,,,
EARTH 281,001,Wednesday,"April 15, 2015",7:30 PM,10:00 PM,"PAC 11,12",,,
EARTH 332,001,Saturday,"April 18, 2015",12:30 PM,3:00 PM,PAC 9,,,
EARTH 333,001,Tuesday,"April 14, 2015",7:30 PM,10:00 PM,PAC 1,,,
EARTH 358,001,Monday,"April 13, 2015",12:30 PM,3:00 PM,"PAC 9,10",,,
EARTH 437,001,Friday,"April 10, 2015",4:00 PM,6:30 PM,EIT 1013,,,
EARTH 438,001,Tuesday,"April 14, 2015",9:00 AM,11:30 AM,PAC 10,,,
EARTH 439,001,Wednesday,"April 15, 2015",12:30 PM,3:00 PM,RCH 305,,,
EARTH 456,001,Tuesday,"April 21, 2015",4:00 PM,6:30 PM,PAC 11,,,
EARTH 459,001,Thursday,"April 16, 2015",4:00 PM,6:30 PM,PAC 7,,,
EARTH 460,001,Wednesday,"April 22, 2015",9:00 AM,11:30 AM,RCH 205,,,
EARTH 471,001,Monday,"April 20, 2015",9:00 AM,11:30 AM,RCH 204,,,
EARTH 491,001,Friday,"April 17, 2015",9:00 AM,11:30 AM,PAC 9,,,
EARTH 656,001,Tuesday,"April 21, 2015",4:00 PM,6:30 PM,PAC 11,,,
EASIA 210R,001,Friday,"April 10, 2015",12:30 PM,3:00 PM,"REN 0402,0403",,,
ECE 103,001,Thursday,"April 23, 2015",12:30 PM,3:00 PM,M3 1006,,,
ECE 106,"001,002",Monday,"April 13, 2015",4:00 PM,6:30 PM,"PAC 8,9,10,11,12",,,
ECE 124,"001,002",Monday,"April 20, 2015",4:00 PM,6:30 PM,"PAC 4,5,6",,,
ECE 155,001,Thursday,"April 16, 2015",4:00 PM,6:30 PM,"PAC 4,5",,,
ECE 205,"001,002",Monday,"April 20, 2015",12:30 PM,3:00 PM,"MC 4020,4021,4059,4061",,,
ECE 222,"001,002",Friday,"April 10, 2015",12:30 PM,3:00 PM,"PAC 1,2",,,
ECE 224,001,Thursday,"April 23, 2015",9:00 AM,11:30 AM,"PAC 9,10",,,
ECE 240,"001,002",Monday,"April 13, 2015",12:30 PM,3:00 PM,"DC 1350,1351",,,
ECE 250,"001,002",Wednesday,"April 15, 2015",4:00 PM,6:30 PM,"PAC 6,7",,,
ECE 290,"001,002",Friday,"April 17, 2015",4:00 PM,6:30 PM,"DC 1350,1351",,,
ECE 316,001,Tuesday,"April 14, 2015",4:00 PM,6:30 PM,M3 1006,,,
ECE 318,"001,002",Tuesday,"April 14, 2015",4:00 PM,6:30 PM,"PAC 7,8",,,
ECE 327,001,Wednesday,"April 22, 2015",9:00 AM,11:30 AM,RCH 302,,,
ECE 331,001,Monday,"April 20, 2015",9:00 AM,11:30 AM,RCH 103,,,
ECE 351,001,Friday,"April 24, 2015",7:30 PM,10:00 PM,DC 1351,,,
ECE 356,001,Monday,"April 13, 2015",4:00 PM,6:30 PM,RCH 302,,,
ECE 358,001,Monday,"April 20, 2015",9:00 AM,11:30 AM,RCH 302,,,
ECE 361,001,Tuesday,"April 21, 2015",12:30 PM,3:00 PM,RCH 301,,,
ECE 375,001,Tuesday,"April 21, 2015",12:30 PM,3:00 PM,RCH 302,,,
ECE 380,001,Thursday,"April 16, 2015",12:30 PM,3:00 PM,DC 1351,,,
ECE 390,"001,002",Friday,"April 17, 2015",9:00 AM,11:30 AM,"RCH 103,105,110",,,
ECE 404,001,Monday,"April 13, 2015",7:30 PM,10:00 PM,PAC 8,,,
ECE 405,001,Thursday,"April 23, 2015",9:00 AM,11:30 AM,PAC 11,,,
ECE 406,001,Tuesday,"April 14, 2015",12:30 PM,3:00 PM,DC 1350,,,
ECE 409,001,Wednesday,"April 22, 2015",9:00 AM,11:30 AM,RCH 305,,,
ECE 415,001,Saturday,"April 11, 2015",7:30 PM,10:00 PM,MC 4058,,,
ECE 416,001,Thursday,"April 16, 2015",9:00 AM,11:30 AM,PAC 10,,,
ECE 417,001,Friday,"April 24, 2015",4:00 PM,6:30 PM,PAC 7,,,
ECE 423,001,Wednesday,"April 15, 2015",4:00 PM,6:30 PM,"PAC 9,10",,,
ECE 433,001,Saturday,"April 11, 2015",7:30 PM,10:00 PM,MC 4021,,,
ECE 444,001,Monday,"April 13, 2015",12:30 PM,3:00 PM,RCH 204,,,
ECE 451,001,Monday,"April 13, 2015",4:00 PM,6:30 PM,RCH 301,,,
ECE 452,001,Wednesday,"April 22, 2015",4:00 PM,6:30 PM,PAC 4,,,
ECE 453,001,Tuesday,"April 21, 2015",12:30 PM,3:00 PM,"PAC 4,5,6,7",,,
ECE 457B,001,Friday,"April 17, 2015",7:30 PM,10:00 PM,PAC 5,,,
ECE 459,001,Friday,"April 10, 2015",7:30 PM,10:00 PM,M3 1006,,,
ECE 464,001,Tuesday,"April 14, 2015",7:30 PM,10:00 PM,PAC 2,,,
ECE 467,001,Wednesday,"April 15, 2015",7:30 PM,10:00 PM,RCH 301,,,
ECE 474,001,Monday,"April 20, 2015",12:30 PM,3:00 PM,MC 4041,,,
ECE 477,001,Saturday,"April 18, 2015",4:00 PM,6:30 PM,PAC 6,,,
ECE 488,001,Thursday,"April 16, 2015",4:00 PM,6:30 PM,PAC 8,,,
ECE 617,001,Saturday,"April 11, 2015",7:30 PM,10:00 PM,MC 4058,,,
ECE 653,001,Tuesday,"April 21, 2015",12:30 PM,3:00 PM,"PAC 4,5,6,7",,,
ECE 730,001,Saturday,"April 11, 2015",7:30 PM,10:00 PM,MC 4021,,,
ECE 770,001,Saturday,"April 18, 2015",4:00 PM,6:30 PM,PAC 6,,,
ECON 101,001,Tuesday,"April 14, 2015",9:00 AM,11:30 AM,"DC 1350,1351",,,
ECON 101,"002,003",Tuesday,"April 14, 2015",9:00 AM,11:30 AM,"PAC 1,2,3,8,9",,,
ECON 101,"004,005",Tuesday,"April 14, 2015",9:00 AM,11:30 AM,"PAC 4,5,6,7",,,
ECON 101,"006,007",Tuesday,"April 14, 2015",9:00 AM,11:30 AM,"PAC 11,12",,,
ECON 102,"001,003",Friday,"April 10, 2015",9:00 AM,11:30 AM,"PAC 1,2,3,8,9,10",,,
ECON 102,"002,005",Friday,"April 10, 2015",9:00 AM,11:30 AM,"PAC 4,5,6,7,11",,,
ECON 102,"004,006",Friday,"April 10, 2015",9:00 AM,11:30 AM,"M3 1006, DC 1350,1351",,,
ECON 102,081 Online,See https://uwaterloo.ca/quest/help/students/how-do-i/online-exam-schedule,,,,,,,
ECON 140W,,See http://www.wlu.ca/page.php?grp_id=1366&p=14566,,,,WLU,,,
ECON 201,001,Thursday,"April 16, 2015",4:00 PM,6:30 PM,PAC 1,,,
ECON 201,002,Thursday,"April 16, 2015",4:00 PM,6:30 PM,PAC 2,,,
ECON 201,003,Thursday,"April 16, 2015",4:00 PM,6:30 PM,PAC 3,,,
ECON 202,"001,004",Tuesday,"April 14, 2015",12:30 PM,3:00 PM,"PAC 1,2",,,
ECON 202,002,Tuesday,"April 14, 2015",12:30 PM,3:00 PM,PAC 3,,,
ECON 202,003,Tuesday,"April 14, 2015",12:30 PM,3:00 PM,PAC 6,,,
ECON 211,001,Wednesday,"April 22, 2015",9:00 AM,11:30 AM,RCH 306,,,
ECON 211,002,Wednesday,"April 22, 2015",9:00 AM,11:30 AM,RCH 105,,,
ECON 221,001,Tuesday,"April 21, 2015",7:30 PM,10:00 PM,PAC 8,,,
ECON 231,001,Monday,"April 13, 2015",4:00 PM,6:30 PM,"MC 4059,4061",,,
ECON 301,001,Friday,"April 10, 2015",7:30 PM,10:00 PM,PAC 7,,,
ECON 301,002,Friday,"April 10, 2015",7:30 PM,10:00 PM,PAC 8,,,
ECON 302,"001,002",Tuesday,"April 14, 2015",12:30 PM,3:00 PM,"PAC 4,5",,,
ECON 304,001,Thursday,"April 16, 2015",12:30 PM,3:00 PM,"MC 2017,2054",,,
ECON 321,"001,002",Monday,"April 20, 2015",4:00 PM,6:30 PM,DC 1351,,,
ECON 332,"001,002",Thursday,"April 23, 2015",7:30 PM,10:00 PM,M3 1006,,,
ECON 351,001,Tuesday,"April 21, 2015",12:30 PM,3:00 PM,RCH 309,,,
ECON 361,081 Online,See https://uwaterloo.ca/quest/help/students/how-do-i/online-exam-schedule,,,,,,,
ECON 371,001,Tuesday,"April 21, 2015",7:30 PM,10:00 PM,"PAC 11,12",,,
ECON 372,001,Saturday,"April 18, 2015",4:00 PM,6:30 PM,PAC 3,,,
ECON 401,001,Friday,"April 10, 2015",12:30 PM,3:00 PM,RCH 112,,,
ECON 421,001,Tuesday,"April 21, 2015",9:00 AM,11:30 AM,"PAC 9,10",,,
ECON 422,001,Monday,"April 13, 2015",4:00 PM,6:30 PM,RCH 308,,,
ECON 483,001,Wednesday,"April 15, 2015",12:30 PM,3:00 PM,RCH 308,,,
ENGL 100A,001,Saturday,"April 11, 2015",12:30 PM,2:30 PM,MC 4045,,,
ENGL 101A,001,Saturday,"April 11, 2015",12:30 PM,3:00 PM,MC 4058,,,
ENGL 101B,081 Online,See https://uwaterloo.ca/quest/help/students/how-do-i/online-exam-schedule,,,,,,,
ENGL 108A,001,Saturday,"April 11, 2015",7:30 PM,9:00 PM,RCH 305,,,
ENGL 108F,001,Saturday,"April 25, 2015",4:00 PM,6:30 PM,STJ 3027,,,
ENGL 108H,001,Saturday,"April 11, 2015",12:30 PM,3:00 PM,RCH 212,,,
ENGL 109,081 Online,See https://uwaterloo.ca/quest/help/students/how-do-i/online-exam-schedule,,,,,,,
ENGL 190,081 Online,See https://uwaterloo.ca/quest/help/students/how-do-i/online-exam-schedule,,,,,,,
ENGL 200A,081 Online,See https://uwaterloo.ca/quest/help/students/how-do-i/online-exam-schedule,,,,,,,
ENGL 200B,001,Thursday,"April 16, 2015",9:00 AM,11:30 AM,MC 4040,,,
ENGL 200B,081 Online,See https://uwaterloo.ca/quest/help/students/how-do-i/online-exam-schedule,,,,,,,
ENGL 202A,081 Online,See https://uwaterloo.ca/quest/help/students/how-do-i/online-exam-schedule,,,,,,,
ENGL 208B,001,Saturday,"April 25, 2015",9:00 AM,11:30 AM,STJ 2017,,,
ENGL 210F,081 Online,See https://uwaterloo.ca/quest/help/students/how-do-i/online-exam-schedule,,,,,,,
ENGL 213,001,Thursday,"April 23, 2015",7:30 PM,10:00 PM,STJ 2009,,,
ENGL 247,001,Thursday,"April 23, 2015",7:30 PM,10:00 PM,MC 4040,,,
ENGL 251A,081 Online,See https://uwaterloo.ca/quest/help/students/how-do-i/online-exam-schedule,,,,,,,
ENGL 251B,002,Monday,"April 20, 2015",9:00 AM,11:30 AM,STJ 2009,,,
ENGL 251B,081 Online,See https://uwaterloo.ca/quest/help/students/how-do-i/online-exam-schedule,,,,,,,
ENGL 306A,"001,002",Monday,"April 20, 2015",7:30 PM,10:00 PM,STJ 2017,,,
ENGL 306F,001,Friday,"April 10, 2015",9:00 AM,11:00 AM,AL 209,,,
ENGL 309A,001,Tuesday,"April 14, 2015",12:30 PM,3:00 PM,MC 2035,,,
ENGL 310B,001,Thursday,"April 16, 2015",9:00 AM,11:30 AM,STJ 2011,,,
ENGL 315,081 Online,See https://uwaterloo.ca/quest/help/students/how-do-i/online-exam-schedule,,,,,,,
ENGL 322,001,Wednesday,"April 15, 2015",4:00 PM,6:30 PM,STJ 2009,,,
ENGL 330A,001,Wednesday,"April 22, 2015",4:00 PM,6:00 PM,RCH 204,,,
ENGL 345,081 Online,See https://uwaterloo.ca/quest/help/students/how-do-i/online-exam-schedule,,,,,,,
ENGL 363,081 Online,See https://uwaterloo.ca/quest/help/students/how-do-i/online-exam-schedule,,,,,,,
ENGL 451B,001,Monday,"April 13, 2015",9:00 AM,11:30 AM,HH 2107,,,
ENGL 460B,081 Online,See https://uwaterloo.ca/quest/help/students/how-do-i/online-exam-schedule,,,,,,,
ENVE 221,001,Wednesday,"April 22, 2015",9:00 AM,11:30 AM,MC 2065,,,
ENVE 224,001,Friday,"April 10, 2015",7:30 PM,10:00 PM,MC 2065,,,
ENVE 275,001,Thursday,"April 16, 2015",4:00 PM,6:30 PM,RCH 301,,,
ENVE 375,001,Friday,"April 10, 2015",9:00 AM,11:30 AM,CPH 3607,,,
ENVE 391,001,Monday,"April 13, 2015",9:00 AM,11:30 AM,RCH 211,,,
ENVE 573,001,Wednesday,"April 22, 2015",4:00 PM,6:30 PM,DWE 2527,,,
ENVE 577,001,Saturday,"April 11, 2015",7:30 PM,10:00 PM,CPH 3602,,,
ENVS 178,"001,002",Thursday,"April 16, 2015",9:00 AM,11:30 AM,"PAC 1,2,3,4,5",,,
ENVS 220,001,Monday,"April 13, 2015",12:30 PM,3:00 PM,M3 1006,,,
ERS 111,001,Monday,"April 20, 2015",9:00 AM,11:30 AM,HH 1101,,,
ERS 365,001,Monday,"April 20, 2015",9:00 AM,11:30 AM,AL 105,,,
ERS 375,002,Friday,"April 10, 2015",9:00 AM,11:30 AM,EV2 2006,,,
ERS 383,001,Friday,"April 24, 2015",7:30 PM,10:00 PM,AL 208,,,
ESL 129R,081 Online,See https://uwaterloo.ca/quest/help/students/how-do-i/online-exam-schedule,,,,,,,
FINE 204,001,Monday,"April 20, 2015",7:30 PM,10:00 PM,PAC 7,,,
FINE 359,001,Friday,"April 10, 2015",9:00 AM,11:30 AM,EV1 132,,,
FR 151,001 to 004,Thursday,"April 23, 2015",7:30 PM,9:30 PM,DC 1350,,,
FR 151,081 Online,See https://uwaterloo.ca/quest/help/students/how-do-i/online-exam-schedule,,,,,,,
FR 152,001 to 004,Monday,"April 13, 2015",9:00 AM,11:00 AM,EV3 1408,,,
FR 152,081 Online,See https://uwaterloo.ca/quest/help/students/how-do-i/online-exam-schedule,,,,,,,
FR 192A,001 to 004,Friday,"April 10, 2015",7:30 PM,9:30 PM,RCH 301,,,
FR 192A,081 Online,See https://uwaterloo.ca/quest/help/students/how-do-i/online-exam-schedule,,,,,,,
FR 192B,001 to 004,Monday,"April 13, 2015",7:30 PM,9:30 PM,RCH 301,,,
FR 192B,005,Monday,"April 13, 2015",7:30 PM,9:30 PM,STJ 2009,,,
FR 192B,081 Online,See https://uwaterloo.ca/quest/help/students/how-do-i/online-exam-schedule,,,,,,,
FR 197,001,Friday,"April 10, 2015",9:00 AM,11:30 AM,ML 246,,,
FR 197,081 Online,See https://uwaterloo.ca/quest/help/students/how-do-i/online-exam-schedule,,,,,,,
FR 251,001,Thursday,"April 16, 2015",7:30 PM,9:30 PM,AL 105,,,
FR 251,081 Online,See https://uwaterloo.ca/quest/help/students/how-do-i/online-exam-schedule,,,,,,,
FR 252,"001,002",Tuesday,"April 14, 2015",9:00 AM,11:30 AM,AL 208,,,
FR 276,081 Online,See https://uwaterloo.ca/quest/help/students/how-do-i/online-exam-schedule,,,,,,,
FR 292,081 Online,See https://uwaterloo.ca/quest/help/students/how-do-i/online-exam-schedule,,,,,,,
FR 297,001,Saturday,"April 25, 2015",4:00 PM,6:00 PM,AL 205,,,
FR 355,081 Online,See https://uwaterloo.ca/quest/help/students/how-do-i/online-exam-schedule,,,,,,,
FR 452,001,Wednesday,"April 15, 2015",12:30 PM,2:30 PM,ML 246,,,
FR 473,001,Friday,"April 10, 2015",9:00 AM,11:30 AM,AL 105,,,
GBDA 102,"001,002",Friday,"April 24, 2015",12:30 PM,3:00 PM,"PAC 11,12",,,
GBDA 204,"001,002",Wednesday,"April 22, 2015",4:00 PM,6:30 PM,PAC 5,,,
GBDA 205,"001,002",Friday,"April 24, 2015",4:00 PM,6:30 PM,CPH 1346,,,
GENE 123,001 to 004,Monday,"April 13, 2015",12:30 PM,3:00 PM,"PAC 4,5,6,11,12",,,
GENE 411,001,Thursday,"April 23, 2015",12:30 PM,3:00 PM,PAC 9,,,
GEOG 102,001,Monday,"April 13, 2015",9:00 AM,11:30 AM,"DC 1350,1351",,,
GEOG 203,001,Wednesday,"April 22, 2015",12:30 PM,3:00 PM,PAC 3,,,
GEOG 209,001,Saturday,"April 18, 2015",4:00 PM,6:30 PM,PAC 4,,,
GEOG 271,001,Tuesday,"April 21, 2015",12:30 PM,3:00 PM,"RCH 103,105",,,
GEOG 281,001,Monday,"April 20, 2015",12:30 PM,3:00 PM,"PAC 7,8",,,
GEOG 293,001,Friday,"April 24, 2015",9:00 AM,11:30 AM,MC 1085,,,
GEOG 323,001,Friday,"April 10, 2015",9:00 AM,11:30 AM,PAC 12,,,
GEOG 340,001,Friday,"April 17, 2015",12:30 PM,3:00 PM,PAC 9,,,
GEOG 368,001,Friday,"April 24, 2015",4:00 PM,6:30 PM,"PAC 1,2",,,
GER 101,001 to 004,Saturday,"April 25, 2015",9:00 AM,11:30 AM,EV3 1408,,,
GER 101,081 Online,See https://uwaterloo.ca/quest/help/students/how-do-i/online-exam-schedule,,,,,,,
GER 102,"001,002",Saturday,"April 11, 2015",7:30 PM,10:00 PM,AL 105,,,
GER 102,081 Online,See https://uwaterloo.ca/quest/help/students/how-do-i/online-exam-schedule,,,,,,,
GER 180,001,Monday,"April 20, 2015",12:30 PM,3:00 PM,AL 105,,,
GER 201,081 Online,See https://uwaterloo.ca/quest/help/students/how-do-i/online-exam-schedule,,,,,,,
GER 202,001,Saturday,"April 11, 2015",9:00 AM,11:30 AM,ML 354,,,
GER 202,081 Online,See https://uwaterloo.ca/quest/help/students/how-do-i/online-exam-schedule,,,,,,,
GER 298,001,Friday,"April 10, 2015",9:00 AM,11:30 AM,AL 210,,,
GER 359,001,Friday,"April 10, 2015",9:00 AM,11:30 AM,EV1 132,,,
GER 695,001,Friday,"April 10, 2015",9:00 AM,11:30 AM,EV1 132,,,
GERON 210,001,Friday,"April 10, 2015",12:30 PM,2:00 PM,"RCH 103,105",,,
GERON 352,001,Friday,"April 17, 2015",12:30 PM,3:00 PM,M3 1006,,,
GRK 331,001,Friday,"April 10, 2015",7:30 PM,10:00 PM,ML 212,,,
GRK 600,001,Friday,"April 10, 2015",7:30 PM,10:00 PM,ML 212,,,
HIST 105,001,Tuesday,"April 14, 2015",7:30 PM,10:00 PM,"HH 1101,1102",,,
HIST 113,001,Friday,"April 17, 2015",9:00 AM,11:30 AM,STJ 2017,,,
HIST 223,001,Friday,"April 10, 2015",12:30 PM,3:00 PM,HH 1101,,,
HIST 263,001,Wednesday,"April 15, 2015",9:00 AM,11:30 AM,AL 208,,,
HIST 266,001,Friday,"April 10, 2015",9:00 AM,11:30 AM,HH 1102,,,
HIST 271,001,Monday,"April 13, 2015",9:00 AM,11:30 AM,HH 1102,,,
HIST 275,001,Friday,"April 24, 2015",9:00 AM,11:30 AM,HH 1102,,,
HIST 291,001,Saturday,"April 11, 2015",7:30 PM,10:00 PM,STJ 2009,,,
HIST 304,001,Tuesday,"April 14, 2015",9:00 AM,11:30 AM,STJ 3027,,,
HIST 318,001,Friday,"April 10, 2015",9:00 AM,11:30 AM,STJ 3016,,,
HIST 388,001,Tuesday,"April 14, 2015",7:30 PM,10:00 PM,STJ 3015,,,
HLTH 210,001,Friday,"April 10, 2015",12:30 PM,2:00 PM,"RCH 103,105",,,
HLTH 253,001,Tuesday,"April 21, 2015",12:30 PM,3:00 PM,AL 105,,,
HLTH 330,001,Tuesday,"April 14, 2015",12:30 PM,3:00 PM,"PAC 7,8",,,
HLTH 352,001,Friday,"April 17, 2015",12:30 PM,3:00 PM,M3 1006,,,
HLTH 435,001,Tuesday,"April 14, 2015",7:30 PM,9:30 PM,"MC 2017,2054",,,
HLTH 451,001,Friday,"April 10, 2015",9:00 AM,11:30 AM,BMH 2703,,,
HRM 301,001,Wednesday,"April 15, 2015",7:30 PM,9:30 PM,RCH 105,,,
HRM 307,001,Thursday,"April 23, 2015",7:30 PM,9:30 PM,MC 4061,,,
HSG 620,002,Friday,"April 10, 2015",9:00 AM,11:30 AM,BMH 2703,,,
HUMSC 102,001,Saturday,"April 11, 2015",4:00 PM,6:30 PM,STJ 3027,,,
HUMSC 301,001,Saturday,"April 11, 2015",4:00 PM,6:30 PM,STJ 3027,,,
INDEV 101,001,Saturday,"April 18, 2015",4:00 PM,6:30 PM,PAC 2,,,
INTEG 275,001,Monday,"April 20, 2015",7:30 PM,10:00 PM,PAC 7,,,
JAPAN 101R,"001,002",Wednesday,"April 22, 2015",4:00 PM,6:00 PM,STJ 1036,,,
JAPAN 102R,001,Saturday,"April 11, 2015",12:30 PM,3:00 PM,STJ 1036,,,
JAPAN 201R,001,Friday,"April 10, 2015",9:00 AM,11:30 AM,REN 2102,,,
JAPAN 202R,001,Monday,"April 20, 2015",9:00 AM,11:30 AM,REN 2106,,,
JAPAN 301R,001,Saturday,"April 18, 2015",12:30 PM,3:00 PM,REN 2106,,,
JAPAN 302R,001,Saturday,"April 11, 2015",12:30 PM,3:00 PM,REN 0104,,,
KIN 100,001,Tuesday,"April 21, 2015",4:00 PM,6:30 PM,"PAC 6,7,8",,,
KIN 100L,001 to 010,Tuesday,"April 21, 2015",9:00 AM,11:30 AM,M3 1006,,,
KIN 101,001 to 016,Friday,"April 10, 2015",7:30 PM,10:00 PM,"PAC 4,5",,,
KIN 205,001,Wednesday,"April 22, 2015",9:00 AM,11:30 AM,"PAC 11,12",,,
KIN 210,001,Friday,"April 10, 2015",12:30 PM,2:00 PM,"RCH 103,105",,,
KIN 222,001,Saturday,"April 18, 2015",9:00 AM,11:30 AM,"PAC 7,8",,,
KIN 307,001,Saturday,"April 11, 2015",9:00 AM,11:30 AM,MC 4041,,,
KIN 330,001,Tuesday,"April 14, 2015",4:00 PM,6:00 PM,"DC 1350,1351",,,
KIN 342,001,Tuesday,"April 21, 2015",12:30 PM,3:00 PM,RCH 112,,,
KIN 352,001,Friday,"April 17, 2015",12:30 PM,3:00 PM,M3 1006,,,
KIN 356,001,Wednesday,"April 22, 2015",7:30 PM,9:30 PM,RCH 301,,,
KIN 402,001,Wednesday,"April 15, 2015",7:30 PM,9:30 PM,RCH 103,,,
KIN 420,001,Friday,"April 24, 2015",7:30 PM,10:00 PM,MC 4061,,,
KIN 422,001,Monday,"April 20, 2015",12:30 PM,3:00 PM,"MC 2034,2035,2038",,,
KIN 427,001,Friday,"April 17, 2015",9:00 AM,10:30 AM,M3 1006,,,
KOREA 101R,"001,002",Friday,"April 17, 2015",7:30 PM,10:00 PM,"REN 2106,2107",,,
LAT 102,001,Friday,"April 10, 2015",12:30 PM,3:00 PM,RCH 306,,,
LAT 202,001,Tuesday,"April 14, 2015",7:30 PM,10:00 PM,PAC 3,,,
LS 101,081 Online,See https://uwaterloo.ca/quest/help/students/how-do-i/online-exam-schedule,,,,,,,
LS 102,002,Tuesday,"April 14, 2015",4:00 PM,6:30 PM,STJ 1036,,,
LS 201,001,Friday,"April 10, 2015",9:00 AM,11:30 AM,RCH 302,,,
LS 240,001,Monday,"April 20, 2015",7:30 PM,9:30 PM,RCH 301,,,
LS 280,001,Wednesday,"April 22, 2015",7:30 PM,9:30 PM,RCH 307,,,
LS 321,001,Saturday,"April 18, 2015",12:30 PM,3:00 PM,AL 105,,,
LS 403,001,Monday,"April 13, 2015",7:30 PM,10:00 PM,PAC 11,,,
LS 403,002,Monday,"April 20, 2015",9:00 AM,11:30 AM,PAS 1241,,,
MATBUS 470,001,Saturday,"April 11, 2015",7:30 PM,10:00 PM,DC 1351,,,
MATBUS 471,001,Thursday,"April 16, 2015",9:00 AM,11:30 AM,PAC 6,,,
MATBUS 472,001,Monday,"April 13, 2015",4:00 PM,6:30 PM,RCH 105,,,
MATH 103,081 Online,See https://uwaterloo.ca/quest/help/students/how-do-i/online-exam-schedule,,,,,,,
MATH 104,001,Monday,"April 20, 2015",9:00 AM,11:30 AM,RCH 112,,,
MATH 104,081 Online,See https://uwaterloo.ca/quest/help/students/how-do-i/online-exam-schedule,,,,,,,
MATH 106,001,Wednesday,"April 15, 2015",9:00 AM,11:30 AM,"MC 2017,2054",,,
MATH 118,001 to 005,Saturday,"April 11, 2015",12:30 PM,3:00 PM,"PAC 4,5,6,7,11,12",,,
MATH 119,001 to 003,Friday,"April 10, 2015",12:30 PM,3:00 PM,"PAC 4,5,6,7",,,
MATH 127,001 to 004,Monday,"April 20, 2015",9:00 AM,11:30 AM,"PAC 8,9,10,11,12",,,
MATH 127,081 Online,See https://uwaterloo.ca/quest/help/students/how-do-i/online-exam-schedule,,,,,,,
MATH 128,001 to 006,Monday,"April 20, 2015",9:00 AM,11:30 AM,"PAC 1,2,3,4,5,6,7",,,
MATH 128,081 Online,See https://uwaterloo.ca/quest/help/students/how-do-i/online-exam-schedule,,,,,,,
MATH 135,001 to 007,Wednesday,"April 15, 2015",12:30 PM,3:00 PM,"PAC 1,2,3,4,5,6,9",,,
MATH 136,"001 to 004,006 to 008",Wednesday,"April 15, 2015",9:00 AM,11:30 AM,"PAC 1,2,3,4,5,6,7,8,9,10,11,12",,,
MATH 136,005,Wednesday,"April 15, 2015",9:00 AM,11:30 AM,M3 1006,,,
MATH 136,081 Online,See https://uwaterloo.ca/quest/help/students/how-do-i/online-exam-schedule,,,,,,,
MATH 137,001 to 003,Monday,"April 13, 2015",9:00 AM,11:30 AM,"MC 4020,4021,4059,4061",,,
MATH 138,"001 to 005,008,009",Monday,"April 13, 2015",9:00 AM,11:30 AM,"PAC 1,2,3,4,5,6,7,8,9,10,11,12",,,
MATH 138,006,Monday,"April 13, 2015",9:00 AM,11:30 AM,M3 1006,,,
MATH 138,007,Monday,"April 13, 2015",9:00 AM,11:30 AM,MC 4045,,,
MATH 146,001,Wednesday,"April 15, 2015",12:30 PM,3:00 PM,RCH 301,,,
MATH 148,001,Monday,"April 13, 2015",9:00 AM,11:30 AM,MC 1085,,,
MATH 207,001,Friday,"April 24, 2015",4:00 PM,6:30 PM,PAC 11,,,
MATH 215,"001,002",Thursday,"April 23, 2015",12:30 PM,3:00 PM,"PAC 7,8",,,
MATH 217,001,Monday,"April 13, 2015",4:00 PM,6:30 PM,MC 1085,,,
MATH 225,081 Online,See https://uwaterloo.ca/quest/help/students/how-do-i/online-exam-schedule,,,,,,,
MATH 228,001,Tuesday,"April 21, 2015",4:00 PM,6:30 PM,PAC 1,,,
MATH 235,"001,002",Wednesday,"April 15, 2015",9:00 AM,11:30 AM,"MC 4020,4021,4059,4061",,,
MATH 237,"001,002",Monday,"April 20, 2015",12:30 PM,3:00 PM,"DC 1350,1351",,,
MATH 239,001 to 003,Thursday,"April 23, 2015",12:30 PM,3:00 PM,"PAC 4,5,6",,,
MATH 247,001,Friday,"April 24, 2015",9:00 AM,11:30 AM,MC 4041,,,
MATH 249,001,Thursday,"April 23, 2015",12:30 PM,3:00 PM,PAC 10,,,
ME 101,001,Friday,"April 17, 2015",12:30 PM,3:00 PM,"RCH 302,305",,,
ME 115,001,Monday,"April 20, 2015",4:00 PM,6:30 PM,"PAC 11,12",,,
ME 201,001,Saturday,"April 11, 2015",12:30 PM,3:00 PM,"E5 3101,3102",,,
ME 202,001,Friday,"April 17, 2015",9:00 AM,11:30 AM,"E5 3101,3102",,,
ME 219,001,Wednesday,"April 15, 2015",9:00 AM,11:30 AM,"E5 3101,3102",,,
ME 230,001,Thursday,"April 16, 2015",4:00 PM,6:30 PM,"E5 3101,3102",,,
ME 269,001,Tuesday,"April 21, 2015",9:00 AM,11:30 AM,"E5 3101,3102",,,
ME 303,001,Friday,"April 10, 2015",12:30 PM,3:00 PM,"E5 3101,3102",,,
ME 321,001,Monday,"April 20, 2015",9:00 AM,11:30 AM,"E5 3101,3102",,,
ME 322,001,Wednesday,"April 15, 2015",9:00 AM,11:30 AM,"RCH 110,112",,,
ME 340,001,Wednesday,"April 15, 2015",12:30 PM,3:00 PM,"E5 3101,3102",,,
ME 351,001,Saturday,"April 18, 2015",12:30 PM,3:00 PM,"E5 3101,3102",,,
ME 351,002,Wednesday,"April 15, 2015",12:30 PM,3:00 PM,"DWE 1501,2402",,,
ME 353,001,Tuesday,"April 14, 2015",12:30 PM,3:00 PM,"E5 3101,3102",,,
ME 354,001,Monday,"April 13, 2015",12:30 PM,3:00 PM,"E5 3101,3102",,,
ME 360,001,Tuesday,"April 21, 2015",12:30 PM,3:00 PM,"E5 3101,3102",,,
ME 362,001,Monday,"April 20, 2015",9:00 AM,11:30 AM,"DWE 3516,3522",,,
ME 452,001,Thursday,"April 23, 2015",12:30 PM,3:00 PM,DWE 2402,,,
ME 524,001,Tuesday,"April 14, 2015",7:30 PM,10:00 PM,CPH 3679,,,
ME 526,001,Friday,"April 10, 2015",12:30 PM,3:00 PM,"DWE 2402,2527",,,
ME 535,001,Monday,"April 13, 2015",7:30 PM,10:00 PM,CPH 3679,,,
ME 538,001,Saturday,"April 18, 2015",9:00 AM,11:30 AM,CPH 3679,,,
ME 547,001,Saturday,"April 25, 2015",4:00 PM,6:30 PM,DWE 2402,,,
ME 555,001,Saturday,"April 18, 2015",7:30 PM,10:00 PM,CPH 3679,,,
ME 557,001,Tuesday,"April 14, 2015",9:00 AM,11:30 AM,CPH 3679,,,
ME 563,001,Wednesday,"April 22, 2015",4:00 PM,6:30 PM,CPH 3679,,,
ME 564,001,Monday,"April 20, 2015",12:30 PM,3:00 PM,DWE 2402,,,
ME 567,001,Tuesday,"April 21, 2015",9:00 AM,11:30 AM,CPH 3679,,,
ME 571,001,Wednesday,"April 15, 2015",7:30 PM,10:00 PM,DWE 2402,,,
ME 595,001,Monday,"April 13, 2015",12:30 PM,3:00 PM,CPH 3679,,,
ME 598,001,Tuesday,"April 21, 2015",7:30 PM,10:00 PM,RCH 301,,,
ME 599,001,Saturday,"April 11, 2015",4:00 PM,6:30 PM,"E5 3101,3102",,,
ME 627,001,Friday,"April 10, 2015",12:30 PM,3:00 PM,"DWE 2402,2527",,,
ME 760,002,Saturday,"April 11, 2015",4:00 PM,6:30 PM,"E5 3101,3102",,,
MEDVL 205,001,Tuesday,"April 21, 2015",9:00 AM,11:30 AM,PAC 8,,,
MEDVL 304,001,Tuesday,"April 14, 2015",9:00 AM,11:30 AM,STJ 3027,,,
MNS 102,001,Tuesday,"April 14, 2015",9:00 AM,11:30 AM,MC 4045,,,
MNS 322,001,Monday,"April 13, 2015",9:00 AM,11:30 AM,C2 361,,,
MSCI 121,001,Wednesday,"April 15, 2015",12:30 PM,3:00 PM,PAC 8,,,
MSCI 131,001,Wednesday,"April 22, 2015",12:30 PM,3:00 PM,"PAC 9,10",,,
MSCI 211,081 Online,See https://uwaterloo.ca/quest/help/students/how-do-i/online-exam-schedule,,,,,,,
MSCI 261,"001,002",Monday,"April 20, 2015",12:30 PM,3:00 PM,"PAC 1,2",,,
MSCI 311,001,Wednesday,"April 22, 2015",12:30 PM,3:00 PM,"PAC 1,2",,,
MSCI 311,002,Saturday,"April 18, 2015",12:30 PM,3:00 PM,PAC 7,,,
MSCI 331,001,Friday,"April 17, 2015",12:30 PM,3:00 PM,RCH 112,,,
MSCI 334,001,Tuesday,"April 14, 2015",12:30 PM,3:00 PM,MC 2038,,,
MSCI 423,001,Saturday,"April 11, 2015",9:00 AM,11:30 AM,MC 4042,,,
MSCI 432,001,Friday,"April 24, 2015",4:00 PM,6:30 PM,PAC 8,,,
MSCI 435,001,Monday,"April 13, 2015",9:00 AM,11:30 AM,CPH 4333,,,
MSCI 555,001,Thursday,"April 16, 2015",12:30 PM,3:00 PM,E2 1303A,,,
MTE 111,001,Monday,"April 13, 2015",12:30 PM,3:00 PM,"RCH 110,112",,,
MTE 119,001,Monday,"April 20, 2015",4:00 PM,6:30 PM,M3 1006,,,
MTE 120,001,Wednesday,"April 15, 2015",4:00 PM,6:30 PM,PAC 3,,,
MTE 140,001,Friday,"April 17, 2015",9:00 AM,11:30 AM,"PAC 11,12",,,
MTE 201,001,Saturday,"April 11, 2015",9:00 AM,11:30 AM,"RCH 301,302",,,
MTE 202,001,Thursday,"April 16, 2015",12:30 PM,3:00 PM,"DWE 1501,1502,2402",,,
MTE 219,001,Monday,"April 13, 2015",9:00 AM,11:30 AM,"DWE 1501,1502,2402",,,
MTE 262,001,Tuesday,"April 14, 2015",12:30 PM,3:00 PM,"DWE 1501,1502,2402",,,
MTE 322,001,Friday,"April 17, 2015",9:00 AM,11:30 AM,"DWE 1501,2402",,,
MTE 360,001,Monday,"April 13, 2015",9:00 AM,11:30 AM,"RCH 305,306,307",,,
MTHEL 131,001,Thursday,"April 16, 2015",7:30 PM,9:30 PM,"M3 1006,MC 1085",,,
MUSIC 100,001,Saturday,"April 25, 2015",12:30 PM,3:00 PM,"CGC 1111,1208,1301",,,
MUSIC 100,002,Saturday,"April 25, 2015",12:30 PM,2:00 PM,"CGC 1300,1302,4224",,,
MUSIC 240,001,Saturday,"April 11, 2015",4:00 PM,6:30 PM,CGC 1111,,,
MUSIC 246,001,Thursday,"April 23, 2015",7:30 PM,10:00 PM,"CGC 1111,1208,1302",,,
MUSIC 253,001,Friday,"April 24, 2015",7:30 PM,9:30 PM,CGC 1208,,,
MUSIC 254,001,Friday,"April 10, 2015",9:00 AM,11:30 AM,CGC 1111,,,
MUSIC 270,001,Wednesday,"April 22, 2015",12:30 PM,3:00 PM,CGC 1208,,,
MUSIC 290,001,Friday,"April 10, 2015",9:00 AM,11:30 AM,CGC 1208,,,
NE 113,001,Friday,"April 17, 2015",4:00 PM,6:30 PM,"PAC 3,8",,,
NE 122,001,Monday,"April 13, 2015",4:00 PM,6:30 PM,DC 1351,,,
NE 125,001,Wednesday,"April 15, 2015",12:30 PM,3:00 PM,DC 1350,,,
NE 131,001,Monday,"April 20, 2015",12:30 PM,3:00 PM,"PAC 11,12",,,
NE 452,001,Wednesday,"April 15, 2015",9:00 AM,11:30 AM,MC 4041,,,
NE 469,001,Tuesday,"April 14, 2015",7:30 PM,10:00 PM,PAC 6,,,
NE 469,002,Friday,"April 17, 2015",4:00 PM,6:30 PM,PAC 10,,,
NE 479,001,Thursday,"April 16, 2015",9:00 AM,11:30 AM,PAC 12,,,
NE 479,002,Monday,"April 20, 2015",9:00 AM,11:30 AM,RCH 211,,,
NE 489,001,Friday,"April 10, 2015",12:30 PM,3:00 PM,RCH 308,,,
NE 489,002,Tuesday,"April 21, 2015",7:30 PM,10:00 PM,PAC 10,,,
NE 499,001,Saturday,"April 18, 2015",12:30 PM,3:00 PM,PAC 8,,,
NE 499,002,Monday,"April 20, 2015",7:30 PM,10:00 PM,PAC 9,,,
OPTOM 103,001,Monday,"April 20, 2015",9:00 AM,10:30 AM,REV 200,,,
OPTOM 114,001,Monday,"April 13, 2015",9:00 AM,11:30 AM,REV 200,,,
OPTOM 134,001,Wednesday,"April 22, 2015",9:00 AM,10:30 AM,REV 200,,,
OPTOM 143,001,Wednesday,"April 15, 2015",9:00 AM,11:30 AM,REV 200,,,
OPTOM 152,001,Friday,"April 17, 2015",9:00 AM,11:30 AM,REV 200,,,
OPTOM 246,001,Wednesday,"April 15, 2015",12:30 PM,2:30 PM,REV 200,,,
OPTOM 250,001,Monday,"April 20, 2015",12:30 PM,2:00 PM,REV 200,,,
OPTOM 255,001,Monday,"April 13, 2015",12:30 PM,2:30 PM,REV 200,,,
OPTOM 261,001,Friday,"April 10, 2015",12:30 PM,3:00 PM,REV 200,,,
OPTOM 262,001,Friday,"April 24, 2015",12:30 PM,1:30 PM,REV 200,,,
OPTOM 270,001,Wednesday,"April 22, 2015",12:30 PM,2:00 PM,REV 200,,,
OPTOM 272,001,Friday,"April 17, 2015",12:30 PM,2:30 PM,REV 200,,,
OPTOM 339,001,Friday,"April 10, 2015",9:00 AM,11:00 AM,REV 200,,,
OPTOM 342B,001,Friday,"April 10, 2015",4:00 PM,6:30 PM,REV 200,,,
OPTOM 365,001,Monday,"April 20, 2015",4:00 PM,6:30 PM,REV 200,,,
OPTOM 367,001,Friday,"April 17, 2015",4:00 PM,6:30 PM,REV 200,,,
OPTOM 377,001,Monday,"April 13, 2015",4:00 PM,6:30 PM,REV 200,,,
OPTOM 385,001,Wednesday,"April 15, 2015",4:00 PM,6:30 PM,REV 200,,,
PACS 101,001,Saturday,"April 11, 2015",12:30 PM,3:00 PM,CGC 1111,,,
PACS 201,001,Friday,"April 24, 2015",4:00 PM,6:30 PM,CGC 1111,,,
PACS 202,001,Monday,"April 13, 2015",12:30 PM,3:00 PM,"CGC 1111,1208,1300,1302",,,
PACS 202,081 Online,See https://uwaterloo.ca/quest/help/students/how-do-i/online-exam-schedule,,,,,,,
PACS 302,002,Friday,"April 17, 2015",12:30 PM,2:30 PM,CGC 1302,,,
PHIL 110B,081 Online,See https://uwaterloo.ca/quest/help/students/how-do-i/online-exam-schedule,,,,,,,
PHIL 118J,001,Thursday,"April 16, 2015",12:30 PM,3:00 PM,STJ 3012,,,
PHIL 145,001,Wednesday,"April 22, 2015",7:30 PM,10:00 PM,AL 208,,,
PHIL 145,081 Online,See https://uwaterloo.ca/quest/help/students/how-do-i/online-exam-schedule,,,,,,,
PHIL 202,081 Online,See https://uwaterloo.ca/quest/help/students/how-do-i/online-exam-schedule,,,,,,,
PHIL 209,001,Monday,"April 20, 2015",7:30 PM,10:00 PM,STJ 3016,,,
PHIL 215,001,Wednesday,"April 15, 2015",4:00 PM,6:30 PM,PAC 8,,,
PHIL 215,002,Wednesday,"April 15, 2015",4:00 PM,6:30 PM,PAC 2,,,
PHIL 215,003,Wednesday,"April 15, 2015",4:00 PM,6:30 PM,PAC 4,,,
PHIL 215,004,Wednesday,"April 15, 2015",4:00 PM,6:30 PM,PAC 1,,,
PHIL 215,005,Wednesday,"April 15, 2015",4:00 PM,6:30 PM,PAC 5,,,
PHIL 219J,001,Wednesday,"April 15, 2015",9:00 AM,11:30 AM,STJ 3015,,,
PHIL 221,081 Online,See https://uwaterloo.ca/quest/help/students/how-do-i/online-exam-schedule,,,,,,,
PHIL 224,001,Saturday,"April 11, 2015",7:30 PM,10:00 PM,RCH 306,,,
PHIL 240,001,Tuesday,"April 14, 2015",7:30 PM,10:00 PM,HH 2107,,,
PHIL 265,081 Online,See https://uwaterloo.ca/quest/help/students/how-do-i/online-exam-schedule,,,,,,,
PHIL 380,081 Online,See https://uwaterloo.ca/quest/help/students/how-do-i/online-exam-schedule,,,,,,,
PHIL 405,001,Monday,"April 13, 2015",9:00 AM,11:30 AM,STJ 3012,,,
PHYS 111,"001,002",Wednesday,"April 22, 2015",12:30 PM,3:00 PM,"PAC 4,5,6,7,8",,,
PHYS 111,081 Online,See https://uwaterloo.ca/quest/help/students/how-do-i/online-exam-schedule,,,,,,,
PHYS 112,001 to 003,Wednesday,"April 22, 2015",9:00 AM,11:30 AM,"PAC 4,5,6,7,8,9,10",,,
PHYS 112L,001 to 022,Wednesday,"April 22, 2015",7:30 PM,8:30 PM,"PAC 4,5,6,7,8",,,
PHYS 121,081 Online,See https://uwaterloo.ca/quest/help/students/how-do-i/online-exam-schedule,,,,,,,
PHYS 122,"001,002",Wednesday,"April 22, 2015",9:00 AM,11:30 AM,"PAC 1,2,3",,,
PHYS 122L,001 to 004,Wednesday,"April 22, 2015",7:30 PM,8:30 PM,PAC 2,,,
PHYS 124,001,Thursday,"April 16, 2015",9:00 AM,11:30 AM,M3 1006,,,
PHYS 125,001,Friday,"April 17, 2015",9:00 AM,11:30 AM,"RCH 305,307",,,
PHYS 132L,001 to 005,Wednesday,"April 22, 2015",7:30 PM,8:30 PM,PAC 1,,,
PHYS 175,001,Saturday,"April 18, 2015",4:00 PM,6:30 PM,PAC 5,,,
PHYS 233,001,Thursday,"April 23, 2015",9:00 AM,11:30 AM,PAC 11,,,
PHYS 234,001,Saturday,"April 18, 2015",12:30 PM,3:00 PM,PAC 6,,,
PHYS 239,001,Saturday,"April 11, 2015",12:30 PM,3:00 PM,PHY 308,,,
PHYS 242,001,Thursday,"April 23, 2015",9:00 AM,11:30 AM,MC 4059,,,
PHYS 256,001,Monday,"April 13, 2015",7:30 PM,10:00 PM,PAC 8,,,
PHYS 263,001,Tuesday,"April 14, 2015",4:00 PM,6:30 PM,PHY 235,,,
PHYS 270,001,Tuesday,"April 21, 2015",9:00 AM,11:30 AM,PHY 352,,,
PHYS 280,001,Friday,"April 24, 2015",12:30 PM,3:00 PM,PHY 313,,,
PHYS 335,001,Saturday,"April 18, 2015",12:30 PM,3:00 PM,RCH 307,,,
PHYS 342,001,Wednesday,"April 22, 2015",12:30 PM,3:00 PM,RCH 301,,,
PHYS 359,001,Saturday,"April 11, 2015",7:30 PM,10:00 PM,RCH 301,,,
PHYS 365,001,Friday,"April 10, 2015",7:30 PM,10:00 PM,PHY 313,,,
PHYS 375,001,Friday,"April 17, 2015",12:30 PM,3:00 PM,PHY 235,,,
PHYS 383,001,Monday,"April 20, 2015",12:30 PM,3:00 PM,PHY 313,,,
PHYS 392,001,Tuesday,"April 14, 2015",4:00 PM,6:30 PM,PHY 308,,,
PHYS 394,001,Monday,"April 13, 2015",9:00 AM,11:30 AM,PHY 308,,,
PHYS 396,001,Exam removed from schedule. Contact instructor for further information.,,,,,,,
PHYS 435,001,Monday,"April 13, 2015",7:30 PM,10:00 PM,PHY 308,,,
PHYS 441B,001,Thursday,"April 16, 2015",9:00 AM,11:30 AM,PHY 313,,,
PHYS 467,001,Monday,"April 20, 2015",4:00 PM,6:30 PM,MC 1085,,,
PHYS 476,001,Friday,"April 10, 2015",9:00 AM,11:30 AM,RCH 307,,,
PLAN 203,001,Tuesday,"April 14, 2015",12:30 PM,3:00 PM,"PAC 11,12",,,
PLAN 281,001,Monday,"April 20, 2015",12:30 PM,3:00 PM,"PAC 7,8",,,
PLAN 341,001,Friday,"April 24, 2015",4:00 PM,6:30 PM,"PAC 1,2",,,
PLAN 471,001,Wednesday,"April 15, 2015",7:30 PM,10:00 PM,PAC 6,,,
PLAN 478,001,Saturday,"April 11, 2015",7:30 PM,10:00 PM,RCH 302,,,
PLAN 630,001,Wednesday,"April 15, 2015",7:30 PM,10:00 PM,PAC 6,,,
PMATH 331,001,Saturday,"April 18, 2015",7:30 PM,10:00 PM,MC 1085,,,
PMATH 332,001,Saturday,"April 25, 2015",12:30 PM,3:00 PM,MC 4041,,,
PMATH 336,001,Friday,"April 17, 2015",7:30 PM,10:00 PM,PAC 4,,,
PMATH 340,001,Saturday,"April 11, 2015",7:30 PM,10:00 PM,MC 4061,,,
PMATH 348,001,Tuesday,"April 21, 2015",4:00 PM,6:30 PM,PAC 2,,,
PMATH 352,001,Saturday,"April 25, 2015",9:00 AM,11:30 AM,"PAC 9,10",,,
PMATH 441,001,Saturday,"April 11, 2015",7:30 PM,10:00 PM,MC 4063,,,
PMATH 446,001,Monday,"April 20, 2015",7:30 PM,10:00 PM,PAC 10,,,
PMATH 450,001,Saturday,"April 18, 2015",7:30 PM,10:00 PM,MC 4061,,,
PMATH 467,001,Saturday,"April 11, 2015",9:00 AM,11:30 AM,MC 4064,,,
PMATH 641,001,Saturday,"April 11, 2015",7:30 PM,10:00 PM,MC 4063,,,
PMATH 646,001,Monday,"April 20, 2015",7:30 PM,10:00 PM,PAC 10,,,
PMATH 650,001,Saturday,"April 18, 2015",7:30 PM,10:00 PM,MC 4061,,,
PMATH 667,001,Saturday,"April 11, 2015",9:00 AM,11:30 AM,MC 4064,,,
PORT 102,001,Tuesday,"April 14, 2015",4:00 PM,6:00 PM,MC 4041,,,
PSCI 150,"001,002",Thursday,"April 23, 2015",9:00 AM,11:30 AM,"PAC 5,6,7",,,
PSCI 244,001,Saturday,"April 25, 2015",12:30 PM,2:30 PM,DC 1350,,,
PSCI 250,001,Friday,"April 17, 2015",4:00 PM,6:30 PM,MC 4061,,,
PSCI 283,001,Wednesday,"April 15, 2015",12:30 PM,2:30 PM,RCH 309,,,
PSCI 355,001,Saturday,"April 11, 2015",7:30 PM,10:00 PM,MC 4041,,,
PSYCH 101,001,Saturday,"April 18, 2015",7:30 PM,9:30 PM,"PAC 1,2,3,4,5,6",,,
PSYCH 101,002,Saturday,"April 18, 2015",7:30 PM,9:00 PM,"PAC 7,8,9,10,11,12",,,
PSYCH 101,081 Online,See https://uwaterloo.ca/quest/help/students/how-do-i/online-exam-schedule,,,,,,,
PSYCH 207,081 Online,See https://uwaterloo.ca/quest/help/students/how-do-i/online-exam-schedule,,,,,,,
PSYCH 211,001,Saturday,"April 18, 2015",4:00 PM,6:00 PM,"DC 1350,1351, MC 1085",,,
PSYCH 212R,001,Monday,"April 20, 2015",9:00 AM,11:30 AM,"REN 2102,2104",,,
PSYCH 213R,081 Online,See https://uwaterloo.ca/quest/help/students/how-do-i/online-exam-schedule,,,,,,,
PSYCH 253,001,Monday,"April 20, 2015",4:00 PM,6:30 PM,"PAC 1,2,3,9",,,
PSYCH 257,001,Thursday,"April 16, 2015",7:30 PM,9:30 PM,"PAC 4,5,6,7",,,
PSYCH 257R,001,Wednesday,"April 15, 2015",7:30 PM,10:00 PM,"REN 2102,2104",,,
PSYCH 292,001,Friday,"April 17, 2015",4:00 PM,6:30 PM,"PAC 1,2,9",,,
PSYCH 312,081 Online,See https://uwaterloo.ca/quest/help/students/how-do-i/online-exam-schedule,,,,,,,
PSYCH 317,001,Wednesday,"April 22, 2015",12:30 PM,3:00 PM,"PAC 11,12",,,
PSYCH 318,001,Saturday,"April 18, 2015",12:30 PM,3:00 PM,STJ 2009,,,
PSYCH 334R,001,Friday,"April 10, 2015",9:00 AM,11:30 AM,STJ 3027,,,
PSYCH 338,001,Wednesday,"April 15, 2015",12:30 PM,1:30 PM,M3 1006,,,
PSYCH 340,001,Saturday,"April 25, 2015",12:30 PM,2:00 PM,MC 4061,,,
PSYCH 349R,001,Tuesday,"April 14, 2015",7:30 PM,10:00 PM,"REN 2102,2104",,,
PSYCH 356,001,Tuesday,"April 14, 2015",9:00 AM,10:30 AM,"MC 2017,2054",,,
PSYCH 380,001,Friday,"April 10, 2015",7:30 PM,10:00 PM,PAC 12,,,
PSYCH 391,001,Thursday,"April 16, 2015",12:30 PM,2:30 PM,MC 4040,,,
PSYCH 492,001,Thursday,"April 16, 2015",12:30 PM,2:30 PM,MC 4045,,,
REC 100,081 Online,See https://uwaterloo.ca/quest/help/students/how-do-i/online-exam-schedule,,,,,,,
REC 100,082 Online,See https://uwaterloo.ca/quest/help/students/how-do-i/online-exam-schedule,,,,,,,
REC 251,081 Online,See https://uwaterloo.ca/quest/help/students/how-do-i/online-exam-schedule,,,,,,,
REC 362,001,Friday,"April 17, 2015",12:30 PM,3:00 PM,M3 1006,,,
REC 383,001,Friday,"April 10, 2015",9:00 AM,11:30 AM,PAC 12,,,
REES 180,001,Monday,"April 20, 2015",12:30 PM,3:00 PM,AL 105,,,
REES 274,001,Tuesday,"April 21, 2015",9:00 AM,11:30 AM,ML 354,,,
RS 100,081 Online,See https://uwaterloo.ca/quest/help/students/how-do-i/online-exam-schedule,,,,,,,
RS 110,081 Online,See https://uwaterloo.ca/quest/help/students/how-do-i/online-exam-schedule,,,,,,,
RS 170,081 Online,See https://uwaterloo.ca/quest/help/students/how-do-i/online-exam-schedule,,,,,,,
RS 203,001,Saturday,"April 18, 2015",12:30 PM,2:30 PM,RCH 205,,,
RS 235,081 Online,See https://uwaterloo.ca/quest/help/students/how-do-i/online-exam-schedule,,,,,,,
RS 338,001,Monday,"April 20, 2015",7:30 PM,10:00 PM,CGC 1301,,,
RS 342,001,Tuesday,"April 14, 2015",9:00 AM,11:30 AM,STJ 3027,,,
RUSS 101,001,Saturday,"April 25, 2015",4:00 PM,6:30 PM,ML 354,,,
RUSS 102,001,Wednesday,"April 15, 2015",9:00 AM,11:30 AM,ML 354,,,
SCI 201,001,Tuesday,"April 14, 2015",12:30 PM,3:00 PM,DC 1351,,,
SCI 227,001,Monday,"April 20, 2015",9:00 AM,11:30 AM,RCH 105,,,
SCI 238,001,Monday,"April 20, 2015",4:00 PM,6:30 PM,"PAC 7,8,10",,,
SDS 131R,001,Tuesday,"April 21, 2015",12:30 PM,3:00 PM,"REN 2106,2107",,,
SDS 131R,081 Online,See https://uwaterloo.ca/quest/help/students/how-do-i/online-exam-schedule,,,,,,,
SDS 150R,"001,002",Tuesday,"April 14, 2015",12:30 PM,3:00 PM,STJ 1036,,,
SDS 150R,003,Monday,"April 20, 2015",9:00 AM,11:30 AM,"REN 0104,0106",,,
SDS 150R,081 Online,See https://uwaterloo.ca/quest/help/students/how-do-i/online-exam-schedule,,,,,,,
SDS 210R,001,Tuesday,"April 14, 2015",12:30 PM,3:00 PM,REN 2106,,,
SDS 250R,081 Online,See https://uwaterloo.ca/quest/help/students/how-do-i/online-exam-schedule,,,,,,,
SDS 312R,001,Friday,"April 10, 2015",12:30 PM,3:00 PM,"REN 2104,2106",,,
SE 350,001,Friday,"April 10, 2015",12:30 PM,3:00 PM,"PAC 11,12",,,
SE 465,"001,002",Tuesday,"April 21, 2015",12:30 PM,3:00 PM,"PAC 4,5,6,7",,,
SI 101R,001,Saturday,"April 11, 2015",7:30 PM,9:30 PM,REN 0106,,,
SI 202R,001,Friday,"April 17, 2015",9:00 AM,11:30 AM,REN 2107,,,
SI 302R,001,Monday,"April 13, 2015",9:00 AM,10:30 AM,REN 2104,,,
SMF 204,001,Tuesday,"April 21, 2015",7:30 PM,10:00 PM,STJ 1036,,,
SMF 318,001,Friday,"April 10, 2015",9:00 AM,11:30 AM,STJ 3016,,,
SOC 101,001,Wednesday,"April 15, 2015",7:30 PM,10:00 PM,"PAC 1,2,3,9",,,
SOC 101,002,Friday,"April 17, 2015",4:00 PM,6:30 PM,STJ 3027,,,
SOC 101,081 Online,See https://uwaterloo.ca/quest/help/students/how-do-i/online-exam-schedule,,,,,,,
SOC 201,001,Friday,"April 17, 2015",9:00 AM,11:00 AM,"HH 1101,1102",,,
SOC 202,001,Saturday,"April 11, 2015",7:30 PM,10:00 PM,EV2 2002,,,
SOC 222,001,Wednesday,"April 22, 2015",4:00 PM,6:30 PM,HH 1101,,,
SOC 226,001,Thursday,"April 23, 2015",12:30 PM,3:00 PM,AL 211,,,
SOC 227,001,Wednesday,"April 15, 2015",12:30 PM,2:30 PM,"HH 1101,1102",,,
SOC 229,081 Online,See https://uwaterloo.ca/quest/help/students/how-do-i/online-exam-schedule,,,,,,,
SOC 240,001,Monday,"April 20, 2015",7:30 PM,9:30 PM,RCH 301,,,
SOC 253,001,Tuesday,"April 21, 2015",12:30 PM,3:00 PM,AL 105,,,
SOC 280,001,Wednesday,"April 22, 2015",7:30 PM,9:30 PM,RCH 307,,,
SOC 321,001,Saturday,"April 18, 2015",12:30 PM,3:00 PM,AL 105,,,
SOC 325,001,Tuesday,"April 21, 2015",9:00 AM,11:30 AM,DC 1351,,,
SOC 326,001,Friday,"April 24, 2015",4:00 PM,6:30 PM,AL 208,,,
SOC 327,081 Online,See https://uwaterloo.ca/quest/help/students/how-do-i/online-exam-schedule,,,,,,,
SOC 352,001,Friday,"April 17, 2015",12:30 PM,3:00 PM,M3 1006,,,
SOCWK 120R,001,Friday,"April 10, 2015",9:00 AM,11:30 AM,"REN 2104,2107",,,
SOCWK 120R,081 Online,See https://uwaterloo.ca/quest/help/students/how-do-i/online-exam-schedule,,,,,,,
SOCWK 220R,001,Monday,"April 13, 2015",4:00 PM,6:30 PM,"REN 2106,2107",,,
SOCWK 221R,001,Saturday,"April 11, 2015",7:30 PM,10:00 PM,"REN 2106,2107",,,
SOCWK 221R,081 Online,See https://uwaterloo.ca/quest/help/students/how-do-i/online-exam-schedule,,,,,,,
SOCWK 222R,081 Online,See https://uwaterloo.ca/quest/help/students/how-do-i/online-exam-schedule,,,,,,,
SOCWK 300R,001,Monday,"April 13, 2015",9:00 AM,11:30 AM,REN 2106,,,
SOCWK 300R,081 Online,See https://uwaterloo.ca/quest/help/students/how-do-i/online-exam-schedule,,,,,,,
SOCWK 320R,081 Online,See https://uwaterloo.ca/quest/help/students/how-do-i/online-exam-schedule,,,,,,,
SOCWK 355R,081 Online,See https://uwaterloo.ca/quest/help/students/how-do-i/online-exam-schedule,,,,,,,
SPAN 101,001 to 005,Friday,"April 17, 2015",7:30 PM,9:30 PM,M3 1006,,,
SPAN 102,"001,002",Thursday,"April 23, 2015",9:00 AM,11:00 AM,MC 4061,,,
SPAN 102,081 Online,See https://uwaterloo.ca/quest/help/students/how-do-i/online-exam-schedule,,,,,,,
SPAN 201B,002,Wednesday,"April 22, 2015",4:00 PM,6:00 PM,RCH 205,,,
SPCOM 228,001,Tuesday,"April 21, 2015",4:00 PM,6:30 PM,PAC 10,,,
SPCOM 323,001,Tuesday,"April 14, 2015",9:00 AM,11:30 AM,AL 105,,,
SPCOM 491,002,Friday,"April 10, 2015",9:00 AM,11:30 AM,ML 349,,,
STAT 202,"001,002",Thursday,"April 23, 2015",12:30 PM,3:00 PM,"PAC 1,2,3",,,
STAT 211,"001,002",Monday,"April 20, 2015",12:30 PM,3:00 PM,"PAC 4,5,6",,,
STAT 220,001,Saturday,"April 11, 2015",7:30 PM,10:00 PM,MC 4042,,,
STAT 221,001,Tuesday,"April 21, 2015",4:00 PM,6:30 PM,PAC 9,,,
STAT 230,"001,002",Friday,"April 10, 2015",4:00 PM,6:30 PM,"M3 1006, MC 4021,4059,4061",,,
STAT 231,001 to 003,Tuesday,"April 21, 2015",7:30 PM,10:00 PM,"PAC 1,2,3,4,5,6",,,
STAT 241,001,Tuesday,"April 21, 2015",7:30 PM,10:00 PM,PAC 7,,,
STAT 316,001,Monday,"April 20, 2015",7:30 PM,10:00 PM,"PAC 4,5",,,
STAT 321,001,Tuesday,"April 21, 2015",7:30 PM,10:00 PM,PAC 9,,,
STAT 330,"001,002",Tuesday,"April 14, 2015",9:00 AM,11:30 AM,M3 1006,,,
STAT 331,001,Tuesday,"April 21, 2015",4:00 PM,6:30 PM,"PAC 4,5",,,
STAT 333,"001,002",Monday,"April 13, 2015",12:30 PM,3:00 PM,"MC 4059,4060,4061",,,
STAT 340,"001,002",Exam removed from schedule. Contact instructor for further information.,,,,,,,
STAT 371,001,Saturday,"April 25, 2015",9:00 AM,11:30 AM,PAC 3,,,
STAT 372,001,Wednesday,"April 22, 2015",7:30 PM,10:00 PM,RCH 302,,,
STAT 431,001,Tuesday,"April 21, 2015",7:30 PM,10:00 PM,DC 1351,,,
STAT 435,001,Tuesday,"April 21, 2015",9:00 AM,11:30 AM,MC 4040,,,
STAT 436,001,Monday,"April 20, 2015",9:00 AM,11:30 AM,RCH 205,,,
STAT 437,001,Wednesday,"April 15, 2015",12:30 PM,3:00 PM,PAC 10,,,
STAT 443,001,Wednesday,"April 15, 2015",12:30 PM,3:00 PM,DC 1351,,,
STAT 450,001,Friday,"April 24, 2015",12:30 PM,3:00 PM,"PAC 4,5",,,
STAT 835,001,Tuesday,"April 21, 2015",9:00 AM,11:30 AM,MC 4040,,,
STAT 836,001,Monday,"April 20, 2015",9:00 AM,11:30 AM,RCH 205,,,
STAT 837,001,Wednesday,"April 15, 2015",12:30 PM,3:00 PM,PAC 10,,,
STAT 850,001,Friday,"April 24, 2015",12:30 PM,3:00 PM,"PAC 4,5",,,
SWREN 220R,001,Monday,"April 13, 2015",4:00 PM,6:30 PM,"REN 2106,2107",,,
SWREN 221R,001,Saturday,"April 11, 2015",7:30 PM,10:00 PM,"REN 2106,2107",,,
SWREN 221R,081 Online,See https://uwaterloo.ca/quest/help/students/how-do-i/online-exam-schedule,,,,,,,
SWREN 222R,081 Online,See https://uwaterloo.ca/quest/help/students/how-do-i/online-exam-schedule,,,,,,,
SWREN 250R,081 Online,See https://uwaterloo.ca/quest/help/students/how-do-i/online-exam-schedule,,,,,,,
SWREN 300R,001,Monday,"April 13, 2015",9:00 AM,11:30 AM,REN 2106,,,
SWREN 300R,081 Online,See https://uwaterloo.ca/quest/help/students/how-do-i/online-exam-schedule,,,,,,,
SWREN 312R,001,Friday,"April 10, 2015",12:30 PM,3:00 PM,"REN 2104,2106",,,
SYDE 112,001,Wednesday,"April 15, 2015",12:30 PM,3:00 PM,"E5 6006,6008",,,
SYDE 114,001,Friday,"April 10, 2015",9:00 AM,11:30 AM,"E5 6006,6008",,,
SYDE 182,001,Monday,"April 20, 2015",7:30 PM,10:00 PM,"DWE 1501,1502,2402",,,
SYDE 211,001,Monday,"April 13, 2015",9:00 AM,11:30 AM,"E5 6006,6008",,,
SYDE 223,001,Tuesday,"April 21, 2015",12:30 PM,3:00 PM,"E5 6006,6008",,,
SYDE 261,001,Monday,"April 20, 2015",9:00 AM,11:30 AM,"E5 6006,6008",,,
SYDE 283,001,Wednesday,"April 15, 2015",9:00 AM,11:30 AM,"E5 6006,6008",,,
SYDE 285,001,Friday,"April 17, 2015",12:30 PM,3:00 PM,"E5 6006,6008",,,
SYDE 312,001,Friday,"April 10, 2015",12:30 PM,3:00 PM,"E5 6006,6008",,,
SYDE 332,001,Tuesday,"April 21, 2015",9:00 AM,11:30 AM,"E5 6006,6008",,,
SYDE 334,001,Tuesday,"April 21, 2015",4:00 PM,6:30 PM,"PAC 4,5",,,
SYDE 352,001,Tuesday,"April 14, 2015",9:00 AM,11:30 AM,"E5 6006,6008",,,
SYDE 372,001,Monday,"April 20, 2015",12:30 PM,3:00 PM,"E5 6006,6008",,,
SYDE 384,001,Thursday,"April 16, 2015",12:30 PM,3:00 PM,"E5 6006,6008",,,
SYDE 544,001,Tuesday,"April 14, 2015",4:00 PM,6:30 PM,"E5 6006,6008",,,
WS 206,001,Friday,"April 10, 2015",9:00 AM,11:30 AM,RCH 302,,,
WS 222,081 Online,See https://uwaterloo.ca/quest/help/students/how-do-i/online-exam-schedule,,,,,,,
