Exam,Section(s),Day,Date,Start,Finish,Location,,,,,,,,
ACTSC 221,001,Wednesday,"December 16, 2015",4:00 PM,6:30 PM,"MC 2034,2035",,,,,,,,
ACTSC 231,"001,002",Tuesday,"December 22, 2015",9:00 AM,11:30 AM,CIF1 A-V,,,,,,,,
ACTSC 232,001,Saturday,"December 19, 2015",12:30 PM,3:00 PM,DC 1350,,,,,,,,
ACTSC 331,001,Saturday,"December 12, 2015",7:30 PM,10:00 PM,DC 1350,,,,,,,,
ACTSC 371,"001,002",Tuesday,"December 15, 2015",4:00 PM,6:30 PM,CIF1 A-N,,,,,,,,
ACTSC 372,001,Thursday,"December 10, 2015",9:00 AM,11:30 AM,M3 1006,,,,,,,,
ACTSC 431,001,Wednesday,"December 16, 2015",7:30 PM,10:00 PM,M3 1006,,,,,,,,
ACTSC 432,001,Monday,"December 21, 2015",9:00 AM,11:30 AM,MC 4020,,,,,,,,
ACTSC 445,001,Saturday,"December 19, 2015",7:30 PM,10:00 PM,CIF1 A-F,,,,,,,,
ACTSC 446,001,Saturday,"December 12, 2015",12:30 PM,3:00 PM,PAC 4,,,,,,,,
ACTSC 463,001,Friday,"December 18, 2015",7:30 PM,10:00 PM,MC 4059,,,,,,,,
ACTSC 471,001,Friday,"December 18, 2015",9:00 AM,11:30 AM,MC 4060,,,,,,,,
ACTSC 831,001,Wednesday,"December 16, 2015",7:30 PM,10:00 PM,M3 1006,,,,,,,,
ACTSC 832,001,Monday,"December 21, 2015",9:00 AM,11:30 AM,MC 4020,,,,,,,,
ACTSC 845,001,Saturday,"December 19, 2015",7:30 PM,10:00 PM,CIF1 A-F,,,,,,,,
ACTSC 846,001,Saturday,"December 12, 2015",12:30 PM,3:00 PM,PAC 4,,,,,,,,
AFM 101,001 to 006,Friday,"December 18, 2015",12:30 PM,3:00 PM,"CIF1 A-Z, CIF2 A-M
DC 1350,1351",,,,,,,,
AFM 123,001,Thursday,"December 17, 2015",12:30 PM,3:00 PM,"RCH 301,302,305",,,,,,,,
AFM 131,003 to 006,Wednesday,"December 16, 2015",9:00 AM,11:30 AM,"PAC 1,2,3,4,5,6,7,8,9,10,11, MC 1085",,,,,,,,
AFM 131,081 Online,See https://uwaterloo.ca/quest/help/students/how-do-i/online-exam-schedule,,,,,,,,,,,,
AFM 203,001,Exam removed from the schedule. Contact instructor for further information.,,,,,,,,,,,,
AFM 204,"001,002",Exam removed from the schedule. Contact instructor for further information.,,,,,,,,,,,,
AFM 231,001,Tuesday,"December 22, 2015",4:00 PM,6:00 PM,MC 4045,,,,,,,,
AFM 272,001,Wednesday,"December 9, 2015",4:00 PM,6:30 PM,PAC 1,,,,,,,,
AFM 273,001 to 005,Wednesday,"December 9, 2015",12:30 PM,2:00 PM,"CPH 1346, E2 1310, PAS 1237, 
HH 178",,,,,,,,
AFM 291,001 to 006,Tuesday,"December 15, 2015",4:00 PM,6:30 PM,"PAC 6,7,8,10",,,,,,,,
AFM 321,001,Wednesday,"December 9, 2015",12:30 PM,2:30 PM,MC 4045,,,,,,,,
AFM 323,001,Monday,"December 21, 2015",12:30 PM,3:00 PM,MC 4059,,,,,,,,
AFM 333,001 to 003,Saturday,"December 19, 2015",12:30 PM,3:00 PM,M3 1006,,,,,,,,
AFM 341,001 to 005,Tuesday,"December 8, 2015",12:30 PM,3:00 PM,"DC 1350,1351",,,,,,,,
AFM 362,001 to 005,Tuesday,"December 15, 2015",9:00 AM,11:30 AM,"PAC 4,5,6",,,,,,,,
AFM 372,001,Wednesday,"December 9, 2015",9:00 AM,11:30 AM,PAS 1237,,,,,,,,
AFM 373,001 to 006,Friday,"December 18, 2015",9:00 AM,11:00 AM,"MC 4020,4021,4045,4059,4061",,,,,,,,
AFM 391,001 to 005,Thursday,"December 10, 2015",4:00 PM,6:30 PM,"DC 1350,1351, MC 1056",,,,,,,,
AFM 401,001 to 004,Wednesday,"December 9, 2015",9:00 AM,11:30 AM,"DC 1350,1351",,,,,,,,
AFM 424,001,Tuesday,"December 22, 2015",9:00 AM,11:30 AM,MC 4042,,,,,,,,
AFM 425,001,Wednesday,"December 16, 2015",4:00 PM,6:30 PM,PAC 9,,,,,,,,
AFM 433,"001,002",Monday,"December 14, 2015",4:00 PM,6:30 PM,E2 1310,,,,,,,,
AFM 462,001 to 005,Friday,"December 11, 2015",9:00 AM,11:30 AM,"CPH 1346, E2 1310, PAS 1237",,,,,,,,
AFM 476,001,Friday,"December 18, 2015",9:00 AM,11:00 AM,"MC 4020,4021,4045,4059,4061",,,,,,,,
AFM 477,001,Monday,"December 21, 2015",12:30 PM,2:30 PM,MC 4020,,,,,,,,
AFM 478,001,Exam removed from the schedule. Contact instructor for further information.,,,,,,,,,,,,
AFM 482,001 to 004,Monday,"December 14, 2015",9:00 AM,11:30 AM,"DC 1350,1351",,,,,,,,
AFM 491,"001,002",Thursday,"December 10, 2015",12:30 PM,3:00 PM,"MC 4020,4021",,,,,,,,
AMATH 231,001,Monday,"December 21, 2015",7:30 PM,10:00 PM,MC 4040,,,,,,,,
AMATH 250,"001,002",Monday,"December 14, 2015",9:00 AM,11:30 AM,"M3 1006, MC 1056",,,,,,,,
AMATH 251,001,Tuesday,"December 8, 2015",12:30 PM,3:00 PM,MC 4020,,,,,,,,
AMATH 271,001,Friday,"December 11, 2015",7:30 PM,10:00 PM,RCH 204,,,,,,,,
AMATH 331,001,Thursday,"December 10, 2015",7:30 PM,10:00 PM,"MC 2017,2054",,,,,,,,
AMATH 350,001,Saturday,"December 19, 2015",12:30 PM,3:00 PM,"MC 4020,4021",,,,,,,,
AMATH 351,001,Wednesday,"December 9, 2015",9:00 AM,11:30 AM,RCH 211,,,,,,,,
AMATH 442,001,Monday,"December 14, 2015",9:00 AM,11:30 AM,MC 4064,,,,,,,,
AMATH 453,001,Friday,"December 18, 2015",4:00 PM,6:30 PM,MC 4040,,,,,,,,
AMATH 456,001,Wednesday,"December 9, 2015",7:30 PM,10:00 PM,MC 4045,,,,,,,,
AMATH 463,001,Tuesday,"December 8, 2015",4:00 PM,6:30 PM,RCH 205,,,,,,,,
AMATH 473,001,Wednesday,"December 16, 2015",9:00 AM,11:30 AM,RCH 105,,,,,,,,
AMATH 663,001,Tuesday,"December 8, 2015",4:00 PM,6:30 PM,RCH 205,,,,,,,,
AMATH 673,001,Wednesday,"December 16, 2015",9:00 AM,11:30 AM,RCH 105,,,,,,,,
ANTH 100,001,Friday,"December 11, 2015",12:30 PM,3:00 PM,DC 1350,,,,,,,,
ANTH 201,001,Thursday,"December 17, 2015",9:00 AM,11:30 AM,EV3 1408,,,,,,,,
ANTH 204,001,Wednesday,"December 16, 2015",4:00 PM,6:30 PM,AL 124,,,,,,,,
ANTH 261,001,Tuesday,"December 15, 2015",12:30 PM,3:00 PM,AL 208,,,,,,,,
ANTH 311,001,Tuesday,"December 8, 2015",12:30 PM,3:00 PM,PAS 1229,,,,,,,,
ANTH 330,001,Monday,"December 14, 2015",9:00 AM,11:30 AM,PAS 1229,,,,,,,,
ANTH 355,001,Saturday,"December 12, 2015",7:30 PM,10:00 PM,PAS 1098D,,,,,,,,
APPLS 301,001,Wednesday,"December 9, 2015",9:00 AM,11:30 AM,AL 105,,,,,,,,
ARBUS 101,"001,002",Wednesday,"December 16, 2015",9:00 AM,11:30 AM,"PAC 1,2,3,4,5,6,7,8,9,10,11, MC 1085",,,,,,,,
ARBUS 202,001,Friday,"December 18, 2015",4:00 PM,6:30 PM,EV3 1408,,,,,,,,
ARBUS 202,081 Online,See https://uwaterloo.ca/quest/help/students/how-do-i/online-exam-schedule,,,,,,,,,,,,
ARBUS 301,001 to 003,Saturday,"December 19, 2015",12:30 PM,3:00 PM,M3 1006,,,,,,,,
ARTS 280,001,Tuesday,"December 15, 2015",7:30 PM,10:00 PM,DC 1350,,,,,,,,
BIOL 110,001,Tuesday,"December 22, 2015",4:00 PM,6:30 PM,"DC 1350,1351",,,,,,,,
BIOL 130,001 to 003,Tuesday,"December 15, 2015",12:30 PM,3:00 PM,"PAC 1,2,3,4,5,6,7,8,9,10,11
DC 1350,1351",,,,,,,,
BIOL 130,081 Online,See https://uwaterloo.ca/quest/help/students/how-do-i/online-exam-schedule,,,,,,,,,,,,
BIOL 150,"001,002",Saturday,"December 19, 2015",12:30 PM,3:00 PM,"CIF1 A-Z, CIF2 A-C",,,,,,,,
BIOL 225,001,Tuesday,"December 22, 2015",7:30 PM,10:00 PM,DC 1350,,,,,,,,
BIOL 239,081 Online,See https://uwaterloo.ca/quest/help/students/how-do-i/online-exam-schedule,,,,,,,,,,,,
BIOL 240,"001,002",Monday,"December 21, 2015",7:30 PM,10:00 PM,"CIF1 A-Z, CIF2 A-M, DC 1350",,,,,,,,
BIOL 240,081 Online,See https://uwaterloo.ca/quest/help/students/how-do-i/online-exam-schedule,,,,,,,,,,,,
BIOL 240L,001 to 019,Friday,"December 18, 2015",4:00 PM,5:00 PM,"CIF1 A-Z, CIF2 A-J",,,,,,,,
BIOL 266,001,Thursday,"December 10, 2015",12:30 PM,3:00 PM,"MC 2017,2054",,,,,,,,
BIOL 273,081 Online,See https://uwaterloo.ca/quest/help/students/how-do-i/online-exam-schedule,,,,,,,,,,,,
BIOL 301,001,Wednesday,"December 16, 2015",12:30 PM,3:00 PM,CIF1 A-V,,,,,,,,
BIOL 303,001,Monday,"December 14, 2015",12:30 PM,3:00 PM,"RCH 103,105,301,302,305",,,,,,,,
BIOL 308,001,Friday,"December 11, 2015",9:00 AM,11:30 AM,"PAC 1,2,3,8",,,,,,,,
BIOL 309,001,Saturday,"December 19, 2015",9:00 AM,11:30 AM,"RCH 301,302,305,307",,,,,,,,
BIOL 310,001,Thursday,"December 17, 2015",7:30 PM,10:00 PM,MC 4042,,,,,,,,
BIOL 335L,"001,002",Tuesday,"December 22, 2015",4:00 PM,6:30 PM,MC 4059,,,,,,,,
BIOL 342,001,Thursday,"December 17, 2015",7:30 PM,10:00 PM,CIF2 J-M,,,,,,,,
BIOL 345,001,Friday,"December 18, 2015",4:00 PM,6:30 PM,MC 1085,,,,,,,,
BIOL 350,001,Thursday,"December 10, 2015",7:30 PM,10:00 PM,"RCH 301,302",,,,,,,,
BIOL 354,001,Tuesday,"December 15, 2015",9:00 AM,11:30 AM,M3 1006,,,,,,,,
BIOL 355,001,Thursday,"December 10, 2015",12:30 PM,3:00 PM,"RCH 301,302,305,306,307",,,,,,,,
BIOL 359,001,Tuesday,"December 8, 2015",12:30 PM,3:00 PM,"RCH 103,105,110,112",,,,,,,,
BIOL 370,001,Saturday,"December 12, 2015",7:30 PM,10:00 PM,MC 1085,,,,,,,,
BIOL 376,001,Wednesday,"December 9, 2015",4:00 PM,6:30 PM,PAC 11,,,,,,,,
BIOL 403,001,Exam removed from the schedule. Contact instructor for further information.,,,,,,,,,,,,
BIOL 434,001,Friday,"December 18, 2015",7:30 PM,10:00 PM,DC 1350,,,,,,,,
BIOL 439,001,Monday,"December 21, 2015",4:00 PM,6:30 PM,M3 1006,,,,,,,,
BIOL 443,001,Saturday,"December 12, 2015",12:30 PM,3:00 PM,MC 1085,,,,,,,,
BIOL 444,001,Monday,"December 21, 2015",12:30 PM,3:00 PM,MC 4061,,,,,,,,
BIOL 447,001,Monday,"December 14, 2015",4:00 PM,6:30 PM,RCH 301,,,,,,,,
BIOL 448,001,Wednesday,"December 9, 2015",4:00 PM,6:30 PM,PAC 9,,,,,,,,
BIOL 456,001,Wednesday,"December 9, 2015",7:30 PM,10:00 PM,MC 4044,,,,,,,,
BIOL 473,001,Monday,"December 14, 2015",9:00 AM,11:30 AM,"RCH 110,112",,,,,,,,
BIOL 479,001,Tuesday,"December 8, 2015",4:00 PM,6:30 PM,DC 1350,,,,,,,,
BME 101L,001,Tuesday,"December 8, 2015",12:30 PM,3:00 PM,E2 1310,,,,,,,,
BME 121,001,Friday,"December 11, 2015",9:00 AM,11:30 AM,E2 1306,,,,,,,,
BME 161,001,Tuesday,"December 22, 2015",12:30 PM,3:00 PM,"RCH 301,302",,,,,,,,
BME 181,001,Wednesday,"December 9, 2015",12:30 PM,3:00 PM,RCH 307,,,,,,,,
BME 213,001,Wednesday,"December 9, 2015",9:00 AM,11:30 AM,CPH 3602,,,,,,,,
BME 261,001,Wednesday,"December 16, 2015",9:00 AM,11:30 AM,CPH 3602,,,,,,,,
BME 281,001,Tuesday,"December 8, 2015",12:30 PM,3:00 PM,CPH 3602,,,,,,,,
BME 283,001,Monday,"December 14, 2015",9:00 AM,11:30 AM,CPH 3602,,,,,,,,
BUS 111W,,Saturday,"December 12, 2015",12:30 PM,3:00 PM,"PAC 5,6,7,8",,,,,,,,
BUS 127W,,See http://www.wlu.ca/page.php?grp_id=1366&p=14566,,,,WLU,,,,,,,,
BUS 231W,,See http://www.wlu.ca/page.php?grp_id=1366&p=14566,,,,WLU,,,,,,,,
BUS 247W,,See http://www.wlu.ca/page.php?grp_id=1366&p=14566,,,,WLU,,,,,,,,
BUS 283W,,See http://www.wlu.ca/page.php?grp_id=1366&p=14566,,,,WLU,,,,,,,,
BUS 288W,,See http://www.wlu.ca/page.php?grp_id=1366&p=14566,,,,WLU,,,,,,,,
BUS 352W,,See http://www.wlu.ca/page.php?grp_id=1366&p=14566,,,,WLU,,,,,,,,
BUS 353W,,See http://www.wlu.ca/page.php?grp_id=1366&p=14566,,,,WLU,,,,,,,,
BUS 354W,,See http://www.wlu.ca/page.php?grp_id=1366&p=14566,,,,WLU,,,,,,,,
BUS 357W,,See http://www.wlu.ca/page.php?grp_id=1366&p=14566,,,,WLU,,,,,,,,
BUS 362W,,See http://www.wlu.ca/page.php?grp_id=1366&p=14566,,,,WLU,,,,,,,,
BUS 385W,,See http://www.wlu.ca/page.php?grp_id=1366&p=14566,,,,WLU,,,,,,,,
BUS 387W,,See http://www.wlu.ca/page.php?grp_id=1366&p=14566,,,,WLU,,,,,,,,
BUS 393W,,See http://www.wlu.ca/page.php?grp_id=1366&p=14566,,,,WLU,,,,,,,,
BUS 397W,,See http://www.wlu.ca/page.php?grp_id=1366&p=14566,,,,WLU,,,,,,,,
BUS 403W,,See http://www.wlu.ca/page.php?grp_id=1366&p=14566,,,,WLU,,,,,,,,
BUS 408W,,See http://www.wlu.ca/page.php?grp_id=1366&p=14566,,,,WLU,,,,,,,,
BUS 413W,,See http://www.wlu.ca/page.php?grp_id=1366&p=14566,,,,WLU,,,,,,,,
BUS 423W,,See http://www.wlu.ca/page.php?grp_id=1366&p=14566,,,,WLU,,,,,,,,
BUS 447W,,See http://www.wlu.ca/page.php?grp_id=1366&p=14566,,,,WLU,,,,,,,,
BUS 451W,,See http://www.wlu.ca/page.php?grp_id=1366&p=14566,,,,WLU,,,,,,,,
BUS 452W,,See http://www.wlu.ca/page.php?grp_id=1366&p=14566,,,,WLU,,,,,,,,
BUS 466W,,See http://www.wlu.ca/page.php?grp_id=1366&p=14566,,,,WLU,,,,,,,,
BUS 467W,,See http://www.wlu.ca/page.php?grp_id=1366&p=14566,,,,WLU,,,,,,,,
BUS 473W,,See http://www.wlu.ca/page.php?grp_id=1366&p=14566,,,,WLU,,,,,,,,
BUS 481W,,See http://www.wlu.ca/page.php?grp_id=1366&p=14566,,,,WLU,,,,,,,,
BUS 482W,,See http://www.wlu.ca/page.php?grp_id=1366&p=14566,,,,WLU,,,,,,,,
BUS 486W,,See http://www.wlu.ca/page.php?grp_id=1366&p=14566,,,,WLU,,,,,,,,
BUS 487W,,See http://www.wlu.ca/page.php?grp_id=1366&p=14566,,,,WLU,,,,,,,,
BUS 497JW,,See http://www.wlu.ca/page.php?grp_id=1366&p=14566,,,,WLU,,,,,,,,
CHE 100,001,Thursday,"December 10, 2015",12:30 PM,3:00 PM,M3 1006,,,,,,,,
CHE 102,001 to 012,Saturday,"December 19, 2015",9:00 AM,11:30 AM,"CIF1 A-Z, CIF2 A-M
DC 1350,1351, M3 1006
MC 4020,4021,4059,4060,4061",,,,,,,,
CHE 200,001,Tuesday,"December 15, 2015",4:00 PM,6:30 PM,"RCH 307,308",,,,,,,,
CHE 211,001,Monday,"December 21, 2015",12:30 PM,3:00 PM,MC 1085,,,,,,,,
CHE 220,001,Thursday,"December 10, 2015",9:00 AM,11:30 AM,"E6 2024,4022",,,,,,,,
CHE 230,001,Tuesday,"December 8, 2015",12:30 PM,3:00 PM,RCH 301,,,,,,,,
CHE 231,001,Tuesday,"December 8, 2015",12:30 PM,3:00 PM,"E6 2024,4022",,,,,,,,
CHE 241,001,Friday,"December 11, 2015",9:00 AM,11:30 AM,"PAC 9,10",,,,,,,,
CHE 313,001,Saturday,"December 19, 2015",12:30 PM,3:00 PM,CIF2 D-H,,,,,,,,
CHE 314,001,Monday,"December 14, 2015",9:00 AM,11:30 AM,RCH 301,,,,,,,,
CHE 331,001,Friday,"December 11, 2015",7:30 PM,10:00 PM,"E6 2024,4022",,,,,,,,
CHE 420,001,Monday,"December 14, 2015",9:00 AM,11:30 AM,"E6 2024,4022",,,,,,,,
CHE 425,001,Wednesday,"December 9, 2015",4:00 PM,6:30 PM,PAC 2,,,,,,,,
CHE 480,001,Wednesday,"December 16, 2015",12:30 PM,3:00 PM,"E6 2024,4022",,,,,,,,
CHE 514,001,Monday,"December 21, 2015",12:30 PM,3:00 PM,"E6 2024,4022",,,,,,,,
CHE 516,001,Tuesday,"December 8, 2015",9:00 AM,11:30 AM,"RCH 110,112",,,,,,,,
CHE 541,001,Saturday,"December 12, 2015",7:30 PM,10:00 PM,E6 4022,,,,,,,,
CHE 571,001,Thursday,"December 17, 2015",9:00 AM,11:30 AM,"E6 2024,4022",,,,,,,,
CHE 614,001,Monday,"December 21, 2015",12:30 PM,3:00 PM,"E6 2024,4022",,,,,,,,
CHE 622,001,Wednesday,"December 9, 2015",4:00 PM,6:30 PM,PAC 2,,,,,,,,
CHEM 120,001 to 005,Tuesday,"December 8, 2015",9:00 AM,11:30 AM,"PAC 1,2,3,4,5,6,7,8,9,10,11
DC 1350,1351, M3 1006
MC 4020,4021,4059,4061",,,,,,,,
CHEM 120L,002 to 016,Tuesday,"December 8, 2015",7:30 PM,9:30 PM,"PAC 1,2,3,4,5,6,7,8,9,10,11
DC 1350,1351, MC 4020,4021",,,,,,,,
CHEM 123,081 Online,See https://uwaterloo.ca/quest/help/students/how-do-i/online-exam-schedule,,,,,,,,,,,,
CHEM 209,001,Thursday,"December 17, 2015",4:00 PM,6:30 PM,CIF1 A-Q,,,,,,,,
CHEM 220,001,Wednesday,"December 16, 2015",9:00 AM,11:30 AM,"RCH 301,302,307",,,,,,,,
CHEM 237,001,Saturday,"December 19, 2015",7:30 PM,10:00 PM,CIF1 G-Q,,,,,,,,
CHEM 237L,001 to 003,Tuesday,"December 15, 2015",4:00 PM,6:00 PM,"MC 2034,2035,2038",,,,,,,,
CHEM 240,001,Tuesday,"December 22, 2015",4:00 PM,6:30 PM,MC 1085,,,,,,,,
CHEM 262,001,Saturday,"December 12, 2015",12:30 PM,3:00 PM,DC 1350,,,,,,,,
CHEM 264,001,Wednesday,"December 9, 2015",9:00 AM,11:30 AM,"PAC 8,9,10,11",,,,,,,,
CHEM 266,"001,002",Wednesday,"December 9, 2015",9:00 AM,11:30 AM,"PAC 1,2,3,4,5,6,7",,,,,,,,
CHEM 266,081 Online,See https://uwaterloo.ca/quest/help/students/how-do-i/online-exam-schedule,,,,,,,,,,,,
CHEM 310,001,Monday,"December 21, 2015",7:30 PM,10:00 PM,MC 2054,,,,,,,,
CHEM 331,001,Tuesday,"December 8, 2015",7:30 PM,10:00 PM,"MC 4059,4061",,,,,,,,
CHEM 333,001,Saturday,"December 19, 2015",7:30 PM,9:30 PM,DC 1350,,,,,,,,
CHEM 356,001,Thursday,"December 10, 2015",4:00 PM,6:30 PM,"MC 2017,2054",,,,,,,,
CHEM 370,001,Tuesday,"December 8, 2015",12:30 PM,3:00 PM,MC 4045,,,,,,,,
CHEM 404,001,Monday,"December 21, 2015",9:00 AM,11:30 AM,MC 2017,,,,,,,,
CHEM 430,001,Friday,"December 18, 2015",12:30 PM,2:30 PM,RCH 211,,,,,,,,
CHEM 432,001,Friday,"December 11, 2015",9:00 AM,11:30 AM,PAC 11,,,,,,,,
CHEM 460,001,Tuesday,"December 8, 2015",12:30 PM,3:00 PM,MC 4064,,,,,,,,
CHEM 460,002,Monday,"December 14, 2015",9:00 AM,11:30 AM,C2 361,,,,,,,,
CHEM 464,001,Tuesday,"December 15, 2015",4:00 PM,6:30 PM,RCH 211,,,,,,,,
CHEM 482,001,Wednesday,"December 9, 2015",9:00 AM,11:30 AM,RCH 209,,,,,,,,
CHEM 770,001,Tuesday,"December 8, 2015",12:30 PM,3:00 PM,MC 4045,,,,,,,,
CHINA 101R,"001,002",Wednesday,"December 16, 2015",7:30 PM,10:00 PM,REN 2106,,,,,,,,
CHINA 101R,003,Wednesday,"December 16, 2015",7:30 PM,10:00 PM,REN 2102,,,,,,,,
CHINA 102R,001,Tuesday,"December 8, 2015",9:00 AM,11:30 AM,REN 2102,,,,,,,,
CHINA 120R,001,Saturday,"December 19, 2015",9:00 AM,11:30 AM,REN 2107,,,,,,,,
CHINA 120R,002,Saturday,"December 19, 2015",9:00 AM,11:30 AM,REN 2102,,,,,,,,
CHINA 201R,001,Saturday,"December 12, 2015",12:30 PM,3:00 PM,REN 2918,,,,,,,,
CHINA 202R,001,Wednesday,"December 9, 2015",9:00 AM,11:30 AM,REN 2104,,,,,,,,
CHINA 272R,001,Thursday,"December 10, 2015",9:00 AM,11:30 AM,REN 2106,,,,,,,,
CHINA 301R,001,Wednesday,"December 16, 2015",12:30 PM,3:00 PM,REN 2104,,,,,,,,
CIVE 115,"001,002",Monday,"December 14, 2015",4:00 PM,6:30 PM,CIF1 A-P,,,,,,,,
CIVE 204,001,Saturday,"December 12, 2015",9:00 AM,11:30 AM,"CPH 3602,3604,3607",,,,,,,,
CIVE 221,001,Tuesday,"December 15, 2015",9:00 AM,11:30 AM,"CPH 3602,3604,3607",,,,,,,,
CIVE 224,001,Friday,"December 18, 2015",9:00 AM,11:30 AM,"CPH 3602,3604,3607",,,,,,,,
CIVE 265,001,Thursday,"December 10, 2015",9:00 AM,11:30 AM,"CPH 3602,3604,3607",,,,,,,,
CIVE 292,001,Tuesday,"December 8, 2015",9:00 AM,11:30 AM,"CPH 3602,3604,3607",,,,,,,,
CIVE 306,001,Exam removed from the schedule. Contact instructor for further information.,,,,,,,,,,,,
CIVE 313,001,Friday,"December 11, 2015",9:00 AM,11:30 AM,DC 1351,,,,,,,,
CIVE 332,001,Tuesday,"December 15, 2015",4:00 PM,6:30 PM,"DWE 1501,3522",,,,,,,,
CIVE 343,001,Monday,"December 21, 2015",7:30 PM,10:00 PM,CPH 3607,,,,,,,,
CIVE 354,001,Tuesday,"December 8, 2015",4:00 PM,6:30 PM,"CPH 3602,3604,3607",,,,,,,,
CIVE 381,001,Friday,"December 18, 2015",12:30 PM,3:00 PM,CPH 3604,,,,,,,,
CIVE 486,001,Thursday,"December 10, 2015",12:30 PM,3:00 PM,CPH 3607,,,,,,,,
CIVE 497,001,Wednesday,"December 9, 2015",12:30 PM,3:00 PM,DWE 2402,,,,,,,,
CLAS 100,001,Saturday,"December 19, 2015",7:30 PM,10:00 PM,CIF2 H-M,,,,,,,,
CLAS 105,001,Friday,"December 18, 2015",12:30 PM,2:30 PM,"MC 2017,2054",,,,,,,,
CLAS 221,001,Thursday,"December 17, 2015",9:00 AM,11:30 AM,EV3 1408,,,,,,,,
CLAS 231,001,Monday,"December 14, 2015",7:30 PM,9:30 PM,MC 4042,,,,,,,,
CLAS 261,001,Tuesday,"December 8, 2015",9:00 AM,11:30 AM,STJ 2011,,,,,,,,
CLAS 261,081 Online,See https://uwaterloo.ca/quest/help/students/how-do-i/online-exam-schedule,,,,,,,,,,,,
CLAS 311,001,Wednesday,"December 9, 2015",9:00 AM,11:00 AM,RCH 204,,,,,,,,
CLAS 486,001,Tuesday,"December 8, 2015",9:00 AM,11:00 AM,ML 212,,,,,,,,
CLAS 651,001,Tuesday,"December 8, 2015",9:00 AM,11:00 AM,ML 212,,,,,,,,
CM 762,001,Wednesday,"December 16, 2015",7:30 PM,10:00 PM,MC 4021,,,,,,,,
CMW 363,001,Monday,"December 14, 2015",7:30 PM,10:00 PM,CGC 1208,,,,,,,,
CO 227,001,Tuesday,"December 22, 2015",9:00 AM,11:30 AM,MC 4059,,,,,,,,
CO 250,"001,002",Saturday,"December 19, 2015",9:00 AM,11:30 AM,"RCH 103,105,110,112",,,,,,,,
CO 330,001,Friday,"December 11, 2015",12:30 PM,3:00 PM,PAC 9,,,,,,,,
CO 342,001,Tuesday,"December 22, 2015",9:00 AM,11:30 AM,MC 2034,,,,,,,,
CO 351,001,Monday,"December 14, 2015",7:30 PM,10:00 PM,PAC 8,,,,,,,,
CO 370,001,Monday,"December 14, 2015",4:00 PM,6:30 PM,"MC 2034,2035",,,,,,,,
CO 372,001,Tuesday,"December 22, 2015",4:00 PM,6:30 PM,MC 4061,,,,,,,,
CO 430,001,Tuesday,"December 8, 2015",4:00 PM,6:30 PM,RCH 206,,,,,,,,
CO 442,001,Wednesday,"December 9, 2015",12:30 PM,3:00 PM,PAC 9,,,,,,,,
CO 450,001,Exam removed from the schedule. Contact instructor for further information.,,,,,,,,,,,,
CO 456,001,Saturday,"December 12, 2015",12:30 PM,3:00 PM,PAC 11,,,,,,,,
CO 485,001,Tuesday,"December 8, 2015",12:30 PM,3:00 PM,AL 105,,,,,,,,
CO 630,001,Tuesday,"December 8, 2015",4:00 PM,6:30 PM,RCH 206,,,,,,,,
CO 642,001,Wednesday,"December 9, 2015",12:30 PM,3:00 PM,PAC 9,,,,,,,,
CO 650,001,Exam removed from the schedule. Contact instructor for further information.,,,,,,,,,,,,
CO 685,001,Tuesday,"December 8, 2015",12:30 PM,3:00 PM,AL 105,,,,,,,,
COMM 231,001,Saturday,"December 19, 2015",7:30 PM,10:00 PM,CIF1 R-Y,,,,,,,,
COMM 421,001,Monday,"December 14, 2015",9:00 AM,11:30 AM,MC 4042,,,,,,,,
COMM 431,001,Friday,"December 18, 2015",4:00 PM,6:30 PM,MC 4041,,,,,,,,
CROAT 101,081 Online,See https://uwaterloo.ca/quest/help/students/how-do-i/online-exam-schedule,,,,,,,,,,,,
CROAT 201,001,Tuesday,"December 8, 2015",7:30 PM,10:00 PM,ML 212,,,,,,,,
CS 100,081 Online,See https://uwaterloo.ca/quest/help/students/how-do-i/online-exam-schedule,,,,,,,,,,,,
CS 115,"001,003,005 to 008",Thursday,"December 17, 2015",9:00 AM,11:30 AM,"CIF1 A-Z, CIF2 A-M",,,,,,,,
CS 115,"002,004",Thursday,"December 17, 2015",9:00 AM,11:30 AM,M3 1006,,,,,,,,
CS 115,009,Thursday,"December 17, 2015",9:00 AM,11:30 AM,MC 1085,,,,,,,,
CS 115,010,Thursday,"December 17, 2015",9:00 AM,11:30 AM,"MC 2017,2054",,,,,,,,
CS 116,001 to 003,Thursday,"December 17, 2015",9:00 AM,11:30 AM,"MC 4020,4021,4059,4061",,,,,,,,
CS 135,"001,005",Thursday,"December 17, 2015",12:30 PM,3:00 PM,M3 1006,,,,,,,,
CS 135,"002 to 004, 006 to 010",Thursday,"December 17, 2015",12:30 PM,3:00 PM,"CIF1 A-Z, CIF2 A-M",,,,,,,,
CS 135,011,Thursday,"December 17, 2015",12:30 PM,3:00 PM,"MC 2017,2054",,,,,,,,
CS 136,001 to 003,Thursday,"December 17, 2015",12:30 PM,3:00 PM,"DC 1350,1351",,,,,,,,
CS 137,001,Thursday,"December 17, 2015",9:00 AM,11:30 AM,"MC 2034,2035,2038",,,,,,,,
CS 145,001,Saturday,"December 19, 2015",7:30 PM,10:00 PM,DC 1351,,,,,,,,
CS 200,001,Monday,"December 21, 2015",4:00 PM,6:30 PM,MC 4020,,,,,,,,
CS 230,001,Saturday,"December 12, 2015",7:30 PM,10:00 PM,DC 1351,,,,,,,,
CS 234,"001,002",Tuesday,"December 22, 2015",4:00 PM,6:30 PM,M3 1006,,,,,,,,
CS 240,"001,002",Tuesday,"December 15, 2015",12:30 PM,3:00 PM,M3 1006,,,,,,,,
CS 241,001 to 005,Tuesday,"December 22, 2015",4:00 PM,6:30 PM,CIF1 A-U,,,,,,,,
CS 245,001 to 006,Monday,"December 14, 2015",12:30 PM,3:00 PM,"M3 1006, 
MC 4020,4021,4059,4060,4061",,,,,,,,
CS 246,001 to 005,Thursday,"December 17, 2015",12:30 PM,3:00 PM,"MC 1085,2034,2035,2038
MC 4020,4021,4045,4059,4061",,,,,,,,
CS 251,"001,002",Thursday,"December 10, 2015",7:30 PM,10:00 PM,M3 1006,,,,,,,,
CS 330,"001,002",Thursday,"December 17, 2015",9:00 AM,11:30 AM,"RCH 103,105,110,112",,,,,,,,
CS 335,001,Friday,"December 18, 2015",4:00 PM,6:30 PM,DC 1350,,,,,,,,
CS 338,001,Thursday,"December 17, 2015",7:30 PM,10:00 PM,"MC 4020,4021",,,,,,,,
CS 341,001 to 003,Thursday,"December 10, 2015",12:30 PM,3:00 PM,"DC 1350,1351",,,,,,,,
CS 343,001 to 003,Friday,"December 18, 2015",12:30 PM,3:00 PM,"RCH 301,302,307",,,,,,,,
CS 348,001 to 003,Monday,"December 14, 2015",12:30 PM,3:00 PM,"DC 1350,1351",,,,,,,,
CS 349,"001,002",Thursday,"December 17, 2015",9:00 AM,11:30 AM,"RCH 301,309",,,,,,,,
CS 350,001 to 003,Tuesday,"December 15, 2015",4:00 PM,6:30 PM,"DC 1350,1351",,,,,,,,
CS 360,001,Saturday,"December 19, 2015",7:30 PM,10:00 PM,MC 4020,,,,,,,,
CS 370,"001,002",Tuesday,"December 8, 2015",7:30 PM,10:00 PM,M3 1006,,,,,,,,
CS 430,001,Monday,"December 21, 2015",9:00 AM,11:30 AM,"MC 4063,4064",,,,,,,,
CS 432,001,Friday,"December 11, 2015",7:30 PM,10:00 PM,PAC 8,,,,,,,,
CS 436,001,Wednesday,"December 16, 2015",9:00 AM,11:30 AM,"CIF1 Y,Z",,,,,,,,
CS 445,001,Thursday,"December 10, 2015",4:00 PM,6:30 PM,"PAC 9,10",,,,,,,,
CS 456,"001,002",Wednesday,"December 9, 2015",9:00 AM,11:30 AM,"RCH 103,105",,,,,,,,
CS 458,"001,002",Thursday,"December 17, 2015",4:00 PM,6:30 PM,CIF1 R-X,,,,,,,,
CS 466,001,Thursday,"December 10, 2015",9:00 AM,11:30 AM,RCH 105,,,,,,,,
CS 485,001,Saturday,"December 12, 2015",7:30 PM,10:00 PM,MC 4021,,,,,,,,
CS 486,"001,002",Monday,"December 21, 2015",12:30 PM,3:00 PM,DC 1350,,,,,,,,
CS 488,001,Tuesday,"December 8, 2015",4:00 PM,6:30 PM,RCH 103,,,,,,,,
CS 645,001,Thursday,"December 10, 2015",4:00 PM,6:30 PM,"PAC 9,10",,,,,,,,
CS 656,"001,002",Wednesday,"December 9, 2015",9:00 AM,11:30 AM,"RCH 103,105",,,,,,,,
CS 658,"001,002",Thursday,"December 17, 2015",4:00 PM,6:30 PM,CIF1 R-X,,,,,,,,
CS 666,001,Thursday,"December 10, 2015",9:00 AM,11:30 AM,RCH 105,,,,,,,,
CS 685,001,Saturday,"December 12, 2015",7:30 PM,10:00 PM,MC 4021,,,,,,,,
CS 686,"001,002",Monday,"December 21, 2015",12:30 PM,3:00 PM,DC 1350,,,,,,,,
CS 688,001,Tuesday,"December 8, 2015",4:00 PM,6:30 PM,RCH 103,,,,,,,,
DRAMA 243,001,Tuesday,"December 8, 2015",12:30 PM,3:00 PM,ML 216,,,,,,,,
DRAMA 386,081 Online,See https://uwaterloo.ca/quest/help/students/how-do-i/online-exam-schedule,,,,,,,,,,,,
DUTCH 101,001,Saturday,"December 19, 2015",7:30 PM,10:00 PM,RCH 204,,,,,,,,
DUTCH 201,001,Wednesday,"December 9, 2015",9:00 AM,11:30 AM,ML 354,,,,,,,,
EARTH 121,001,Saturday,"December 12, 2015",12:30 PM,3:00 PM,"PAC 1,2,3",,,,,,,,
EARTH 121L,001 to 005,Tuesday,"December 22, 2015",9:00 AM,11:00 AM,M3 1006,,,,,,,,
EARTH 123,001,Thursday,"December 17, 2015",7:30 PM,10:00 PM,CIF2 A-H,,,,,,,,
EARTH 123L,001 to 004,Monday,"December 14, 2015",9:00 AM,11:30 AM,RCH 302,,,,,,,,
EARTH 231,001,Wednesday,"December 16, 2015",9:00 AM,11:30 AM,"RCH 110,112",,,,,,,,
EARTH 235,001,Friday,"December 11, 2015",7:30 PM,10:00 PM,PAC 6,,,,,,,,
EARTH 260,001,Friday,"December 18, 2015",4:00 PM,6:30 PM,"MC 2034,2035",,,,,,,,
EARTH 331,001,Thursday,"December 10, 2015",12:30 PM,3:00 PM,PAC 10,,,,,,,,
EARTH 342,"001,002",Saturday,"December 19, 2015",7:30 PM,10:00 PM,CIF2 A-G,,,,,,,,
EARTH 359,001,Friday,"December 11, 2015",12:30 PM,3:00 PM,PAC 11,,,,,,,,
EARTH 439,001,Monday,"December 21, 2015",7:30 PM,10:00 PM,MC 4041,,,,,,,,
EARTH 440,001,Saturday,"December 12, 2015",7:30 PM,10:00 PM,MC 4041,,,,,,,,
EARTH 461,001,Tuesday,"December 8, 2015",4:00 PM,6:30 PM,PAC 10,,,,,,,,
EARTH 668,001,Tuesday,"December 8, 2015",4:00 PM,6:30 PM,PAC 10,,,,,,,,
EASIA 201R,003,Monday,"December 21, 2015",7:30 PM,10:00 PM,REN 2106,,,,,,,,
EASIA 375R,001,Tuesday,"December 15, 2015",4:00 PM,6:30 PM,REN 2104,,,,,,,,
ECE 105,001 to 004,Thursday,"December 10, 2015",12:30 PM,3:00 PM,"PAC 1,2,3,4,5",,,,,,,,
ECE 140,001 to 004,Tuesday,"December 15, 2015",4:00 PM,6:30 PM,"PAC 1,2,3,4,5,9",,,,,,,,
ECE 150,001 to 003,Thursday,"December 17, 2015",7:30 PM,10:00 PM,CIF1 A-Z,,,,,,,,
ECE 205,001,Tuesday,"December 8, 2015",12:30 PM,3:00 PM,"MC 4059,4061",,,,,,,,
ECE 206,001,Saturday,"December 19, 2015",12:30 PM,3:00 PM,MC 1085,,,,,,,,
ECE 207,001,Wednesday,"December 9, 2015",12:30 PM,3:00 PM,DC 1350,,,,,,,,
ECE 207,002,Wednesday,"December 9, 2015",12:30 PM,3:00 PM,DC 1351,,,,,,,,
ECE 209,001,Tuesday,"December 8, 2015",12:30 PM,3:00 PM,RCH 302,,,,,,,,
ECE 222,001,Thursday,"December 17, 2015",9:00 AM,11:30 AM,DC 1350,,,,,,,,
ECE 222,002,Thursday,"December 17, 2015",9:00 AM,11:30 AM,DC 1351,,,,,,,,
ECE 224,001,Wednesday,"December 16, 2015",12:30 PM,3:00 PM,DC 1350,,,,,,,,
ECE 224,002,Wednesday,"December 16, 2015",12:30 PM,3:00 PM,MC 2017,,,,,,,,
ECE 240,001,Thursday,"December 10, 2015",12:30 PM,3:00 PM,"MC 4059,4061",,,,,,,,
ECE 242,"001,002",Friday,"December 18, 2015",9:00 AM,11:30 AM,M3 1006,,,,,,,,
ECE 250,001,Tuesday,"December 15, 2015",4:00 PM,6:30 PM,"RCH 301,302",,,,,,,,
ECE 254,001,Tuesday,"December 15, 2015",4:00 PM,6:30 PM,"MC 4059,4061",,,,,,,,
ECE 254,002,Tuesday,"December 15, 2015",4:00 PM,6:30 PM,RCH 205,,,,,,,,
ECE 290,001,Friday,"December 18, 2015",4:00 PM,6:30 PM,DC 1351,,,,,,,,
ECE 318,001,Saturday,"December 19, 2015",12:30 PM,3:00 PM,"MC 2034,2035,2038",,,,,,,,
ECE 356,001,Wednesday,"December 9, 2015",9:00 AM,11:30 AM,RCH 301,,,,,,,,
ECE 358,001,Tuesday,"December 8, 2015",12:30 PM,3:00 PM,"PAC 9,10",,,,,,,,
ECE 361,001,Thursday,"December 10, 2015",9:00 AM,11:30 AM,RCH 103,,,,,,,,
ECE 390,001,Monday,"December 14, 2015",4:00 PM,6:30 PM,M3 1006,,,,,,,,
ECE 484,001,Tuesday,"December 15, 2015",12:30 PM,3:00 PM,"DWE 2402,3522,3522A",,,,,,,,
ECON 101,001,Thursday,"December 10, 2015",7:30 PM,10:00 PM,"RCH 305,306,307,308,309",,,,,,,,
ECON 101,002,Thursday,"December 10, 2015",7:30 PM,10:00 PM,"MC 4020,4021,4059,4061",,,,,,,,
ECON 101,003,Thursday,"December 10, 2015",7:30 PM,10:00 PM,"PAC 7,8,9",,,,,,,,
ECON 101,"004,008",Thursday,"December 10, 2015",7:30 PM,10:00 PM,"PAC 1,2,3,4",,,,,,,,
ECON 101,005,Thursday,"December 10, 2015",7:30 PM,10:00 PM,"PAC 5,6",,,,,,,,
ECON 101,006,Thursday,"December 10, 2015",7:30 PM,10:00 PM,"RCH 103,105,106,110,112",,,,,,,,
ECON 101,007,Thursday,"December 10, 2015",7:30 PM,10:00 PM,"DC 1350,1351",,,,,,,,
ECON 101,081 Online,See https://uwaterloo.ca/quest/help/students/how-do-i/online-exam-schedule,,,,,,,,,,,,
ECON 102,"001,003",Tuesday,"December 15, 2015",9:00 AM,11:30 AM,"PAC 1,2,3",,,,,,,,
ECON 102,002,Tuesday,"December 15, 2015",9:00 AM,11:30 AM,"PAC 7,8,9",,,,,,,,
ECON 120W,,See http://www.wlu.ca/page.php?grp_id=1366&p=14566,,,,WLU,,,,,,,,
ECON 201,001,Friday,"December 11, 2015",7:30 PM,10:00 PM,PAC 1,,,,,,,,
ECON 201,002,Friday,"December 11, 2015",7:30 PM,10:00 PM,PAC 2,,,,,,,,
ECON 201,003,Friday,"December 11, 2015",7:30 PM,10:00 PM,PAC 3,,,,,,,,
ECON 201,004,Friday,"December 11, 2015",7:30 PM,10:00 PM,PAC 4,,,,,,,,
ECON 201,005,Friday,"December 11, 2015",7:30 PM,10:00 PM,PAC 5,,,,,,,,
ECON 202,"001,003",Thursday,"December 17, 2015",4:00 PM,6:30 PM,"DC 1350,1351",,,,,,,,
ECON 202,002,Thursday,"December 17, 2015",4:00 PM,6:30 PM,MC 4061,,,,,,,,
ECON 202,004,Thursday,"December 17, 2015",4:00 PM,6:30 PM,MC 4042,,,,,,,,
ECON 211,"001,002",Monday,"December 14, 2015",9:00 AM,11:30 AM,"RCH 103,105",,,,,,,,
ECON 221,"001,002",Tuesday,"December 22, 2015",9:00 AM,11:30 AM,MC 4061,,,,,,,,
ECON 231,"001,002",Saturday,"December 19, 2015",4:00 PM,6:30 PM,M3 1006,,,,,,,,
ECON 254,001,Wednesday,"December 16, 2015",9:00 AM,11:30 AM,CIF1 R-X,,,,,,,,
ECON 301,001,Tuesday,"December 15, 2015",7:30 PM,10:00 PM,PAC 7,,,,,,,,
ECON 301,002,Tuesday,"December 15, 2015",7:30 PM,10:00 PM,PAC 8,,,,,,,,
ECON 302,001,Thursday,"December 17, 2015",4:00 PM,6:30 PM,MC 4045,,,,,,,,
ECON 302,002,Thursday,"December 17, 2015",4:00 PM,6:30 PM,MC 4059,,,,,,,,
ECON 304,001,Wednesday,"December 9, 2015",7:30 PM,9:00 PM,DC 1350,,,,,,,,
ECON 311,001,Thursday,"December 10, 2015",4:00 PM,6:30 PM,RCH 207,,,,,,,,
ECON 321,001,Friday,"December 18, 2015",12:30 PM,3:00 PM,RCH 110,,,,,,,,
ECON 321,002,Friday,"December 18, 2015",12:30 PM,3:00 PM,RCH 112,,,,,,,,
ECON 341,001,Tuesday,"December 8, 2015",4:00 PM,5:30 PM,RCH 305,,,,,,,,
ECON 351,001,Tuesday,"December 22, 2015",7:30 PM,9:30 PM,MC 4045,,,,,,,,
ECON 355,001,Monday,"December 21, 2015",7:30 PM,10:00 PM,MC 4020,,,,,,,,
ECON 361,001,Wednesday,"December 16, 2015",12:30 PM,2:30 PM,MC 2054,,,,,,,,
ECON 371,"001,002",Friday,"December 18, 2015",7:30 PM,10:00 PM,M3 1006,,,,,,,,
ECON 381,001,Thursday,"December 10, 2015",7:30 PM,10:00 PM,PAC 10,,,,,,,,
ECON 401,001,Tuesday,"December 15, 2015",4:00 PM,6:30 PM,PAC 11,,,,,,,,
ECON 402,001,Monday,"December 21, 2015",12:30 PM,2:00 PM,MC 4040,,,,,,,,
ECON 404,001,Monday,"December 14, 2015",4:00 PM,6:30 PM,"CIF1 Y,Z",,,,,,,,
ECON 412,001,Wednesday,"December 16, 2015",4:00 PM,6:30 PM,MC 4042,,,,,,,,
ECON 421,001,Tuesday,"December 8, 2015",7:30 PM,10:00 PM,MC 4045,,,,,,,,
ECON 456,001,Tuesday,"December 15, 2015",12:30 PM,3:00 PM,MC 4064,,,,,,,,
EMLS 129R,081 Online,See https://uwaterloo.ca/quest/help/students/how-do-i/online-exam-schedule,,,,,,,,,,,,
ENBUS 202,001,Tuesday,"December 15, 2015",4:00 PM,6:30 PM,CIF1 P-X,,,,,,,,
ENBUS 204,001,Friday,"December 18, 2015",9:00 AM,11:30 AM,CIF2 D-L,,,,,,,,
ENBUS 406,001,Tuesday,"December 8, 2015",4:00 PM,6:30 PM,RCH 309,,,,,,,,
ENGL 101A,001,Tuesday,"December 22, 2015",9:00 AM,11:30 AM,MC 4045,,,,,,,,
ENGL 101B,081 Online,See https://uwaterloo.ca/quest/help/students/how-do-i/online-exam-schedule,,,,,,,,,,,,
ENGL 104,001,Thursday,"December 10, 2015",12:30 PM,3:00 PM,MC 2038,,,,,,,,
ENGL 108A,001,Exam removed from the schedule. Contact instructor for further information.,,,,,,,,,,,,
ENGL 109,014,Tuesday,"December 15, 2015",4:00 PM,6:30 PM,HH 2107,,,,,,,,
ENGL 109,081 Online,See https://uwaterloo.ca/quest/help/students/how-do-i/online-exam-schedule,,,,,,,,,,,,
ENGL 140R,006,Saturday,"December 19, 2015",12:30 PM,3:00 PM,REN 2102,,,,,,,,
ENGL 190,081 Online,See https://uwaterloo.ca/quest/help/students/how-do-i/online-exam-schedule,,,,,,,,,,,,
ENGL 200A,001,Wednesday,"December 9, 2015",9:00 AM,11:30 AM,HH 1102,,,,,,,,
ENGL 200A,081 Online,See https://uwaterloo.ca/quest/help/students/how-do-i/online-exam-schedule,,,,,,,,,,,,
ENGL 208A,001,Monday,"December 14, 2015",7:30 PM,10:00 PM,STJ 3027,,,,,,,,
ENGL 208C,081 Online,See https://uwaterloo.ca/quest/help/students/how-do-i/online-exam-schedule,,,,,,,,,,,,
ENGL 210F,081 Online,See https://uwaterloo.ca/quest/help/students/how-do-i/online-exam-schedule,,,,,,,,,,,,
ENGL 210I,001,Monday,"December 14, 2015",7:30 PM,10:00 PM,STJ 2011,,,,,,,,
ENGL 211,001,Friday,"December 11, 2015",4:00 PM,6:30 PM,MC 4042,,,,,,,,
ENGL 251A,001,Saturday,"December 19, 2015",12:30 PM,3:00 PM,STJ 2011,,,,,,,,
ENGL 251A,002,Monday,"December 14, 2015",7:30 PM,10:00 PM,PAC 7,,,,,,,,
ENGL 251A,081 Online,See https://uwaterloo.ca/quest/help/students/how-do-i/online-exam-schedule,,,,,,,,,,,,
ENGL 306A,001,Monday,"December 21, 2015",12:30 PM,3:00 PM,MC 1056,,,,,,,,
ENGL 309A,001,Tuesday,"December 22, 2015",4:00 PM,6:30 PM,MC 4042,,,,,,,,
ENGL 309C,081 Online,See https://uwaterloo.ca/quest/help/students/how-do-i/online-exam-schedule,,,,,,,,,,,,
ENGL 310A,001,Friday,"December 11, 2015",9:00 AM,11:30 AM,MC 4042,,,,,,,,
ENGL 325,001,Tuesday,"December 8, 2015",9:00 AM,11:30 AM,STJ 3016,,,,,,,,
ENGL 343,001,Friday,"December 18, 2015",4:00 PM,6:30 PM,MC 2038,,,,,,,,
ENGL 350B,081 Online,See https://uwaterloo.ca/quest/help/students/how-do-i/online-exam-schedule,,,,,,,,,,,,
ENGL 362,081 Online,See https://uwaterloo.ca/quest/help/students/how-do-i/online-exam-schedule,,,,,,,,,,,,
ENGL 371,001,Thursday,"December 10, 2015",9:00 AM,11:30 AM,STJ 2011,,,,,,,,
ENGL 376R,001,Thursday,"December 10, 2015",7:30 PM,10:00 PM,REN 2104,,,,,,,,
ENVE 214,001,Tuesday,"December 8, 2015",9:00 AM,11:30 AM,"DWE 1501,1502",,,,,,,,
ENVE 223,001,Monday,"December 21, 2015",9:00 AM,11:30 AM,"CPH 3604,3607",,,,,,,,
ENVE 276,001,Monday,"December 14, 2015",9:00 AM,11:30 AM,DWE 1501,,,,,,,,
ENVE 292,001,Friday,"December 11, 2015",9:00 AM,11:30 AM,DWE 1501,,,,,,,,
ENVE 472,001,Saturday,"December 12, 2015",4:00 PM,6:30 PM,CPH 3607,,,,,,,,
ENVS 105,001,Thursday,"December 10, 2015",12:30 PM,3:00 PM,"RCH 103,105",,,,,,,,
ENVS 200,001,Monday,"December 14, 2015",9:00 AM,11:30 AM,"MC 4020,4021,4059,4061",,,,,,,,
ENVS 201,001,Wednesday,"December 9, 2015",12:30 PM,3:00 PM,"PAC 6,7,8",,,,,,,,
ENVS 278,"001,002",Friday,"December 11, 2015",9:00 AM,11:30 AM,"PAC 4,5,6,7",,,,,,,,
ERS 110,001,Friday,"December 11, 2015",7:30 PM,10:00 PM,HH 1101,,,,,,,,
ERS 211,001,Thursday,"December 10, 2015",9:00 AM,11:30 AM,HH 1101,,,,,,,,
ERS 370,001,Tuesday,"December 8, 2015",12:30 PM,2:30 PM,EV3 3412,,,,,,,,
FINE 102,001,Thursday,"December 10, 2015",4:00 PM,6:30 PM,"RCH 301,302",,,,,,,,
FR 101,081 Online,See https://uwaterloo.ca/quest/help/students/how-do-i/online-exam-schedule,,,,,,,,,,,,
FR 151,001 to 003,Tuesday,"December 22, 2015",12:30 PM,2:30 PM,"DC 1350,1351",,,,,,,,
FR 151,081 Online,See https://uwaterloo.ca/quest/help/students/how-do-i/online-exam-schedule,,,,,,,,,,,,
FR 152,001 to 003,Tuesday,"December 22, 2015",4:00 PM,6:00 PM,RCH 301,,,,,,,,
FR 152,081 Online,See https://uwaterloo.ca/quest/help/students/how-do-i/online-exam-schedule,,,,,,,,,,,,
FR 192A,"001,002,004 to 006",Wednesday,"December 16, 2015",7:30 PM,9:30 PM,DC 1350,,,,,,,,
FR 192A,003,Wednesday,"December 16, 2015",7:30 PM,9:30 PM,STJ 3014,,,,,,,,
FR 192A,081 Online,See https://uwaterloo.ca/quest/help/students/how-do-i/online-exam-schedule,,,,,,,,,,,,
FR 192B,001 to 003,Saturday,"December 12, 2015",9:00 AM,11:00 AM,"RCH 306,307",,,,,,,,
FR 192B,081 Online,See https://uwaterloo.ca/quest/help/students/how-do-i/online-exam-schedule,,,,,,,,,,,,
FR 197,001,Tuesday,"December 22, 2015",4:00 PM,6:30 PM,AL 105,,,,,,,,
FR 251,"001,002",Wednesday,"December 9, 2015",9:00 AM,11:00 AM,AL 208,,,,,,,,
FR 251,081 Online,See https://uwaterloo.ca/quest/help/students/how-do-i/online-exam-schedule,,,,,,,,,,,,
FR 252,001,Saturday,"December 12, 2015",7:30 PM,10:00 PM,RCH 205,,,,,,,,
FR 252,081 Online,See https://uwaterloo.ca/quest/help/students/how-do-i/online-exam-schedule,,,,,,,,,,,,
FR 291,081 Online,See https://uwaterloo.ca/quest/help/students/how-do-i/online-exam-schedule,,,,,,,,,,,,
FR 297,001,Friday,"December 18, 2015",9:00 AM,11:00 AM,ML 349,,,,,,,,
FR 297,081 Online,See https://uwaterloo.ca/quest/help/students/how-do-i/online-exam-schedule,,,,,,,,,,,,
FR 343,001,Tuesday,"December 8, 2015",7:30 PM,10:00 PM,ML 354,,,,,,,,
FR 351,081 Online,See https://uwaterloo.ca/quest/help/students/how-do-i/online-exam-schedule,,,,,,,,,,,,
FR 353,001,Monday,"December 14, 2015",9:00 AM,11:30 AM,AL 105,,,,,,,,
FR 424,001,Monday,"December 21, 2015",9:00 AM,11:30 AM,ML 354,,,,,,,,
FR 485,001,Tuesday,"December 8, 2015",9:00 AM,11:30 AM,ML 216,,,,,,,,
GBDA 203,"001,002",Friday,"December 18, 2015",4:00 PM,6:00 PM,"MC 2017,2054",,,,,,,,
GENE 121,"001,002",Thursday,"December 10, 2015",4:00 PM,6:30 PM,"RCH 103,105,110,112",,,,,,,,
GEOG 102,001,Wednesday,"December 16, 2015",12:30 PM,3:00 PM,"RCH 301,302",,,,,,,,
GEOG 201,001,Saturday,"December 19, 2015",9:00 AM,11:30 AM,"MC 2017,2054",,,,,,,,
GEOG 202,001,Tuesday,"December 15, 2015",12:30 PM,3:00 PM,"MC 2017,2054",,,,,,,,
GEOG 215,001,Tuesday,"December 15, 2015",7:30 PM,10:00 PM,PAC 11,,,,,,,,
GEOG 222,001,Friday,"December 18, 2015",12:30 PM,3:00 PM,"RCH 103,105",,,,,,,,
GEOG 281,001,Monday,"December 21, 2015",9:00 AM,11:30 AM,RCH 301,,,,,,,,
GEOG 293,001,Wednesday,"December 9, 2015",9:00 AM,11:30 AM,RCH 207,,,,,,,,
GEOG 310,001,Wednesday,"December 16, 2015",9:00 AM,11:30 AM,RCH 103,,,,,,,,
GEOG 311,001,Wednesday,"December 16, 2015",12:30 PM,3:00 PM,RCH 204,,,,,,,,
GEOG 316,001,Tuesday,"December 8, 2015",12:30 PM,3:00 PM,RCH 305,,,,,,,,
GEOG 453,001,Thursday,"December 17, 2015",4:00 PM,6:30 PM,M3 1006,,,,,,,,
GER 100,001,Monday,"December 21, 2015",9:00 AM,11:30 AM,EV3 1408,,,,,,,,
GER 101,001 to 005,Friday,"December 11, 2015",9:00 AM,11:30 AM,"RCH 301,302",,,,,,,,
GER 101,081 Online,See https://uwaterloo.ca/quest/help/students/how-do-i/online-exam-schedule,,,,,,,,,,,,
GER 102,001,Tuesday,"December 8, 2015",12:30 PM,3:00 PM,ML 354,,,,,,,,
GER 102,081 Online,See https://uwaterloo.ca/quest/help/students/how-do-i/online-exam-schedule,,,,,,,,,,,,
GER 201,001,Saturday,"December 12, 2015",9:00 AM,11:30 AM,RCH 206,,,,,,,,
GER 201,081 Online,See https://uwaterloo.ca/quest/help/students/how-do-i/online-exam-schedule,,,,,,,,,,,,
GER 202,081 Online,See https://uwaterloo.ca/quest/help/students/how-do-i/online-exam-schedule,,,,,,,,,,,,
GER 298,001,Wednesday,"December 9, 2015",7:30 PM,10:00 PM,ML 245,,,,,,,,
GER 301,001,Wednesday,"December 9, 2015",9:00 AM,11:30 AM,AL 105,,,,,,,,
GER 308,001,Tuesday,"December 8, 2015",12:30 PM,3:00 PM,ML 212,,,,,,,,
GERON 201,001,Tuesday,"December 22, 2015",12:30 PM,2:30 PM,CIF1 A-R,,,,,,,,
GERON 220,001,Friday,"December 11, 2015",12:30 PM,3:00 PM,"PAC 5,6",,,,,,,,
GERON 245,001,Wednesday,"December 16, 2015",9:00 AM,11:00 AM,"MC 4020,4021,4045,4059,4061",,,,,,,,
GERON 355,001,Thursday,"December 10, 2015",12:30 PM,3:00 PM,"RCH 301,302,305,306,307",,,,,,,,
GRK 101,001,Saturday,"December 12, 2015",7:30 PM,9:30 PM,MC 4040,,,,,,,,
HIST 103,001,Friday,"December 11, 2015",4:00 PM,6:30 PM,STJ 2009,,,,,,,,
HIST 106,001,Exam removed from the schedule. Contact instructor for further information.,,,,,,,,,,,,
HIST 113,001,Monday,"December 21, 2015",9:00 AM,11:30 AM,RCH 309,,,,,,,,
HIST 221,001,Monday,"December 14, 2015",9:00 AM,11:30 AM,AL 124,,,,,,,,
HIST 223,001,Thursday,"December 10, 2015",7:30 PM,10:00 PM,PAS 2083,,,,,,,,
HIST 227,001,Monday,"December 21, 2015",7:30 PM,10:00 PM,RCH 211,,,,,,,,
HIST 235,001,Tuesday,"December 8, 2015",4:00 PM,6:00 PM,CGC 1302,,,,,,,,
HIST 265,001,Wednesday,"December 16, 2015",4:00 PM,6:30 PM,PAC 10,,,,,,,,
HIST 271,001,Exam removed from the schedule. Contact instructor for further information.,,,,,,,,,,,,
HIST 316,001,Saturday,"December 12, 2015",7:30 PM,10:00 PM,RCH 306,,,,,,,,
HIST 389,001,Wednesday,"December 9, 2015",7:30 PM,10:00 PM,STJ 3027,,,,,,,,
HLTH 101,"001,002",Friday,"December 18, 2015",7:30 PM,9:30 PM,CIF1 A-W,,,,,,,,
HLTH 103,001,Saturday,"December 19, 2015",7:30 PM,9:30 PM,MC 4021,,,,,,,,
HLTH 201,001,Tuesday,"December 22, 2015",12:30 PM,2:30 PM,CIF1 A-R,,,,,,,,
HLTH 202,001,Tuesday,"December 8, 2015",4:00 PM,5:30 PM,RCH 105,,,,,,,,
HLTH 220,001,Friday,"December 11, 2015",12:30 PM,3:00 PM,"PAC 5,6",,,,,,,,
HLTH 245,001,Wednesday,"December 16, 2015",9:00 AM,11:00 AM,"MC 4020,4021,4045,4059,4061",,,,,,,,
HLTH 301,001,Wednesday,"December 9, 2015",12:30 PM,2:00 PM,MC 4040,,,,,,,,
HLTH 333,001,Wednesday,"December 9, 2015",7:30 PM,10:00 PM,M3 1006,,,,,,,,
HLTH 341,001,Friday,"December 18, 2015",9:00 AM,11:00 AM,"MC 2034,2035,2038",,,,,,,,
HLTH 346,001,Tuesday,"December 15, 2015",4:00 PM,6:00 PM,"M3 1006, MC 4020,4021,4045",,,,,,,,
HLTH 407,001,Friday,"December 11, 2015",9:00 AM,11:30 AM,M3 1006,,,,,,,,
HLTH 442,001,Tuesday,"December 15, 2015",12:30 PM,3:00 PM,MC 4045,,,,,,,,
HRM 200,081 Online,See https://uwaterloo.ca/quest/help/students/how-do-i/online-exam-schedule,,,,,,,,,,,,
HRM 301,001,Saturday,"December 12, 2015",9:00 AM,11:00 AM,RCH 301,,,,,,,,
HRM 303,001,Tuesday,"December 8, 2015",12:30 PM,2:30 PM,RCH 307,,,,,,,,
HRM 307,001,Tuesday,"December 15, 2015",12:30 PM,2:30 PM,MC 2034,,,,,,,,
HUMSC 101,"001,002",Wednesday,"December 16, 2015",12:30 PM,3:00 PM,STJ 2009,,,,,,,,
INDEV 100,001,Wednesday,"December 16, 2015",4:00 PM,6:30 PM,M3 1006,,,,,,,,
INDEV 300,001,Wednesday,"December 9, 2015",4:00 PM,6:30 PM,PAC 5,,,,,,,,
INTST 101,"001,002,004",Monday,"December 14, 2015",12:30 PM,3:00 PM,CIF1 A-U,,,,,,,,
JAPAN 101R,"001,002",Tuesday,"December 22, 2015",7:30 PM,9:30 PM,M3 1006,,,,,,,,
JAPAN 101R,"003,004",Tuesday,"December 22, 2015",7:30 PM,9:30 PM,REN 2106,,,,,,,,
JAPAN 102R,001,Monday,"December 14, 2015",7:30 PM,9:30 PM,"REN 2106,2107",,,,,,,,
JAPAN 201R,001,Saturday,"December 12, 2015",12:30 PM,3:00 PM,REN 2107,,,,,,,,
JAPAN 201R,002,Saturday,"December 12, 2015",12:30 PM,3:00 PM,REN 2102,,,,,,,,
JAPAN 202R,"001,002",Saturday,"December 19, 2015",9:00 AM,11:30 AM,REN 2106,,,,,,,,
JAPAN 301R,001,Friday,"December 11, 2015",9:00 AM,11:30 AM,REN 2107,,,,,,,,
JS 131,001,Thursday,"December 10, 2015",12:30 PM,3:00 PM,CGC 1208,,,,,,,,
KIN 104,001,Monday,"December 21, 2015",4:00 PM,6:00 PM,"DC 1350,1351",,,,,,,,
KIN 105,001,Wednesday,"December 16, 2015",9:00 AM,11:30 AM,"DC 1350,1351",,,,,,,,
KIN 121,001,Saturday,"December 19, 2015",4:00 PM,6:30 PM,CIF2 A-M,,,,,,,,
KIN 155,001,Friday,"December 18, 2015",9:00 AM,11:30 AM,"DC 1350,1351",,,,,,,,
KIN 217,001,Thursday,"December 10, 2015",4:00 PM,6:30 PM,"PAC 6,7,8,11",,,,,,,,
KIN 301,001,Monday,"December 14, 2015",9:00 AM,11:30 AM,"MC 2017,2054",,,,,,,,
KIN 343,001,Wednesday,"December 9, 2015",9:00 AM,11:30 AM,RCH 306,,,,,,,,
KIN 346,001,Tuesday,"December 15, 2015",4:00 PM,6:00 PM,"M3 1006, MC 4020,4021,4045",,,,,,,,
KIN 357,001,Monday,"December 21, 2015",7:30 PM,9:30 PM,MC 4021,,,,,,,,
KIN 405,001,Monday,"December 21, 2015",9:00 AM,11:30 AM,"RCH 103,105",,,,,,,,
KIN 407,001,Friday,"December 11, 2015",9:00 AM,11:30 AM,M3 1006,,,,,,,,
KIN 416,001,Wednesday,"December 16, 2015",12:30 PM,2:30 PM,RCH 207,,,,,,,,
KIN 422,001,Thursday,"December 17, 2015",4:00 PM,6:30 PM,"CIF1 Y,Z",,,,,,,,
KIN 428,001,Friday,"December 18, 2015",12:30 PM,3:00 PM,M3 1006,,,,,,,,
KIN 456,001,Tuesday,"December 8, 2015",12:30 PM,3:00 PM,PAC 11,,,,,,,,
KIN 656,001,Tuesday,"December 8, 2015",12:30 PM,3:00 PM,PAC 11,,,,,,,,
KOREA 101R,"001,002",Tuesday,"December 22, 2015",12:30 PM,3:00 PM,"MC 4020,4021,4040",,,,,,,,
LAT 101,"001,002",Friday,"December 18, 2015",7:30 PM,9:30 PM,MC 1085,,,,,,,,
LAT 201,001,Friday,"December 11, 2015",7:30 PM,9:30 PM,RCH 205,,,,,,,,
LS 101,002,Monday,"December 14, 2015",4:00 PM,6:00 PM,STJ 1036,,,,,,,,
LS 101,081 Online,See https://uwaterloo.ca/quest/help/students/how-do-i/online-exam-schedule,,,,,,,,,,,,
LS 206,001,Tuesday,"December 15, 2015",12:30 PM,2:30 PM,MC 4020,,,,,,,,
LS 221,001,Wednesday,"December 16, 2015",9:00 AM,11:00 AM,"HH 1101,1102",,,,,,,,
LS 227,001,Friday,"December 18, 2015",9:00 AM,11:00 AM,"MC 2017,2054",,,,,,,,
LS 228,001,Tuesday,"December 8, 2015",9:00 AM,11:30 AM,RCH 302,,,,,,,,
LS 271,001,Thursday,"December 17, 2015",12:30 PM,3:00 PM,AL 116,,,,,,,,
LS 271,081 Online,See https://uwaterloo.ca/quest/help/students/how-do-i/online-exam-schedule,,,,,,,,,,,,
LS 280,001,Wednesday,"December 16, 2015",7:30 PM,10:00 PM,RCH 302,,,,,,,,
LS 291,001,Monday,"December 14, 2015",7:30 PM,10:00 PM,STJ 2011,,,,,,,,
LS 300,001,Tuesday,"December 8, 2015",12:30 PM,3:00 PM,EV3 1408,,,,,,,,
LS 306,001,Wednesday,"December 9, 2015",12:30 PM,2:30 PM,PAS 1241,,,,,,,,
LS 403,"001,002",Tuesday,"December 8, 2015",4:00 PM,6:30 PM,AL 208,,,,,,,,
MATBUS 470,001,Thursday,"December 10, 2015",12:30 PM,3:00 PM,PAC 11,,,,,,,,
MATBUS 471,001,Tuesday,"December 15, 2015",7:30 PM,10:00 PM,PAC 6,,,,,,,,
MATH 103,081 Online,See https://uwaterloo.ca/quest/help/students/how-do-i/online-exam-schedule,,,,,,,,,,,,
MATH 104,001,Friday,"December 18, 2015",7:30 PM,10:00 PM,DC 1351,,,,,,,,
MATH 106,001,Saturday,"December 19, 2015",12:30 PM,3:00 PM,"MC 4045,4058",,,,,,,,
MATH 109,001 to 003,Wednesday,"December 9, 2015",12:30 PM,3:00 PM,"PAC 1,2,3,4",,,,,,,,
MATH 114,"001,002",Friday,"December 18, 2015",9:00 AM,11:30 AM,"RCH 301,302,305,306",,,,,,,,
MATH 115,001 to 007,Monday,"December 14, 2015",12:30 PM,3:00 PM,"PAC 1,2,3,4,5,6,9,11",,,,,,,,
MATH 116,001 to 008,Tuesday,"December 8, 2015",12:30 PM,3:00 PM,"PAC 1,2,3,4,5,6,7,8",,,,,,,,
MATH 117,001 to 005,Tuesday,"December 8, 2015",4:00 PM,6:30 PM,"PAC 1,2,3,4,5,6,9",,,,,,,,
MATH 124,001,Monday,"December 14, 2015",4:00 PM,6:30 PM,"DC 1350,1351",,,,,,,,
MATH 127,"001 to 003,005,006,008",Monday,"December 21, 2015",12:30 PM,3:00 PM,"CIF1 A-Z, CIF2 A-M",,,,,,,,
MATH 127,004,Monday,"December 21, 2015",12:30 PM,3:00 PM,DC 1351,,,,,,,,
MATH 127,007,Monday,"December 21, 2015",12:30 PM,3:00 PM,MC 4021,,,,,,,,
MATH 127,009,Monday,"December 21, 2015",12:30 PM,3:00 PM,MC 4045,,,,,,,,
MATH 127,081 Online,See https://uwaterloo.ca/quest/help/students/how-do-i/online-exam-schedule,,,,,,,,,,,,
MATH 128,001,Monday,"December 21, 2015",12:30 PM,3:00 PM,M3 1006,,,,,,,,
MATH 128,081 Online,See https://uwaterloo.ca/quest/help/students/how-do-i/online-exam-schedule,,,,,,,,,,,,
MATH 135,001 to 018,Monday,"December 14, 2015",9:00 AM,11:30 AM,"PAC 1,2,3,4,5,6,7,8,9,10,11",,,,,,,,
MATH 135,"019 to 022,024,025,026",Monday,"December 14, 2015",9:00 AM,11:30 AM,CIF1 A-X,,,,,,,,
MATH 135,023,Monday,"December 14, 2015",9:00 AM,11:30 AM,MC 1085,,,,,,,,
MATH 136,001 to 003,Wednesday,"December 16, 2015",9:00 AM,11:30 AM,CIF1 A-Q,,,,,,,,
MATH 136,081 Online,See https://uwaterloo.ca/quest/help/students/how-do-i/online-exam-schedule,,,,,,,,,,,,
MATH 137,"001 to 004,006,007,009",Thursday,"December 10, 2015",9:00 AM,11:30 AM,"PAC 1,2,3,4,5,6,7,8,9,10,11",,,,,,,,
MATH 137,"005,008",Thursday,"December 10, 2015",9:00 AM,11:30 AM,"MC 1085,4020,4021,4045,4059,4061",,,,,,,,
MATH 137,010,Thursday,"December 10, 2015",9:00 AM,11:30 AM,DC 1350,,,,,,,,
MATH 138,001 to 003,Thursday,"December 10, 2015",12:30 PM,3:00 PM,"PAC 6,7,8,9",,,,,,,,
MATH 145,001,Monday,"December 14, 2015",4:00 PM,6:30 PM,"MC 2017,2054",,,,,,,,
MATH 147,001,Thursday,"December 10, 2015",9:00 AM,11:30 AM,"MC 2017,2054",,,,,,,,
MATH 207,001,Monday,"December 14, 2015",4:00 PM,6:30 PM,RCH 204,,,,,,,,
MATH 215,001,Monday,"December 21, 2015",9:00 AM,11:30 AM,"MC 4059,4061",,,,,,,,
MATH 217,001,Thursday,"December 17, 2015",4:00 PM,6:30 PM,MC 1085,,,,,,,,
MATH 218,001,Tuesday,"December 15, 2015",12:30 PM,3:00 PM,MC 1085,,,,,,,,
MATH 225,001,Friday,"December 18, 2015",7:30 PM,10:00 PM,MC 4061,,,,,,,,
MATH 227,001,Saturday,"December 12, 2015",12:30 PM,3:00 PM,"MC 4020,4021",,,,,,,,
MATH 228,001,Tuesday,"December 22, 2015",12:30 PM,3:00 PM,M3 1006,,,,,,,,
MATH 229,001,Tuesday,"December 15, 2015",7:30 PM,10:00 PM,PAC 5,,,,,,,,
MATH 235,001 to 005,Wednesday,"December 16, 2015",12:30 PM,3:00 PM,"PAC 4,5,6,7,11",,,,,,,,
MATH 237,001 to 005,Thursday,"December 10, 2015",4:00 PM,6:30 PM,"PAC 1,2,3,4,5",,,,,,,,
MATH 239,001 to 004,Saturday,"December 19, 2015",4:00 PM,6:30 PM,CIF1 A-X,,,,,,,,
MATH 245,001,Wednesday,"December 9, 2015",4:00 PM,6:30 PM,PAC 3,,,,,,,,
MATH 247,001,Wednesday,"December 16, 2015",7:30 PM,10:00 PM,MC 4045,,,,,,,,
MATH 249,001,Monday,"December 21, 2015",9:00 AM,11:30 AM,MC 2054,,,,,,,,
ME 201,001,Friday,"December 11, 2015",9:00 AM,11:30 AM,"E5 3101,3102",,,,,,,,
ME 202,001,Monday,"December 14, 2015",9:00 AM,11:30 AM,"E5 3101,3102",,,,,,,,
ME 203,001,Saturday,"December 12, 2015",4:00 PM,6:30 PM,"E5 3101,3102",,,,,,,,
ME 212,001,Wednesday,"December 16, 2015",9:00 AM,11:30 AM,"E5 3101,3102",,,,,,,,
ME 219,001,Tuesday,"December 8, 2015",9:00 AM,11:30 AM,"E5 3101,3102",,,,,,,,
ME 220,001,Friday,"December 18, 2015",12:30 PM,3:00 PM,"E5 3101,3102",,,,,,,,
ME 230,001,Wednesday,"December 9, 2015",9:00 AM,11:30 AM,"E5 3101,3102",,,,,,,,
ME 235,001,Tuesday,"December 15, 2015",9:00 AM,11:30 AM,RCH 301,,,,,,,,
ME 250,001,Thursday,"December 10, 2015",12:30 PM,3:00 PM,"E5 3101,3102",,,,,,,,
ME 250,002,Thursday,"December 10, 2015",12:30 PM,3:00 PM,"CPH 3602,3604",,,,,,,,
ME 262,001,Monday,"December 14, 2015",12:30 PM,3:00 PM,"E5 3101,3102",,,,,,,,
ME 269,001,Thursday,"December 17, 2015",9:00 AM,11:30 AM,"E5 3101,3102",,,,,,,,
ME 322,001,Monday,"December 14, 2015",4:00 PM,6:30 PM,"DWE 1501,2402",,,,,,,,
ME 353,001,Friday,"December 18, 2015",9:00 AM,11:30 AM,"E5 3101,3102",,,,,,,,
ME 360,001,Wednesday,"December 9, 2015",4:00 PM,6:30 PM,"DWE 1501,2402",,,,,,,,
ME 362,001,Wednesday,"December 16, 2015",4:00 PM,6:30 PM,"DWE 1501,2402",,,,,,,,
ME 423,001,Thursday,"December 10, 2015",12:30 PM,3:00 PM,DWE 2402,,,,,,,,
ME 436,001,Monday,"December 14, 2015",9:00 AM,11:30 AM,CPH 3679,,,,,,,,
ME 456,001,Monday,"December 14, 2015",7:30 PM,10:00 PM,CPH 3679,,,,,,,,
ME 459,001,Tuesday,"December 8, 2015",12:30 PM,3:00 PM,DWE 2402,,,,,,,,
ME 548,001,Friday,"December 11, 2015",9:00 AM,11:30 AM,DWE 2402,,,,,,,,
ME 559,001,Thursday,"December 17, 2015",4:00 PM,6:30 PM,DWE 2402,,,,,,,,
ME 561,001,Wednesday,"December 16, 2015",12:30 PM,3:00 PM,DWE 2402,,,,,,,,
ME 597,001,Tuesday,"December 8, 2015",9:00 AM,11:30 AM,"DWE 2402,2527",,,,,,,,
ME 599,001,Wednesday,"December 9, 2015",12:30 PM,3:00 PM,DWE 2402,,,,,,,,
ME 760,003,Wednesday,"December 9, 2015",12:30 PM,3:00 PM,DWE 2402,,,,,,,,
MEDVL 105,001,Friday,"December 18, 2015",12:30 PM,2:30 PM,"MC 2017,2054",,,,,,,,
MNS 101,001,Tuesday,"December 22, 2015",9:00 AM,11:30 AM,RCH 307,,,,,,,,
MNS 211,001,Monday,"December 21, 2015",9:00 AM,11:30 AM,MC 1085,,,,,,,,
MNS 331,001,Monday,"December 14, 2015",12:30 PM,3:00 PM,MC 4045,,,,,,,,
MSCI 211,001,Friday,"December 11, 2015",12:30 PM,3:00 PM,"PAC 7,8",,,,,,,,
MSCI 211,081 Online,See https://uwaterloo.ca/quest/help/students/how-do-i/online-exam-schedule,,,,,,,,,,,,
MSCI 240,001,Thursday,"December 17, 2015",4:00 PM,6:30 PM,MC 4020,,,,,,,,
MSCI 261,001,Wednesday,"December 9, 2015",9:00 AM,11:30 AM,RCH 302,,,,,,,,
MSCI 262,"001,002",Saturday,"December 12, 2015",9:00 AM,11:30 AM,RCH 302,,,,,,,,
MSCI 271,001,Saturday,"December 19, 2015",12:30 PM,3:00 PM,MC 4061,,,,,,,,
MSCI 311,001,Friday,"December 11, 2015",12:30 PM,3:00 PM,DC 1351,,,,,,,,
MSCI 331,001,Monday,"December 21, 2015",7:30 PM,10:00 PM,MC 4045,,,,,,,,
MSCI 332,"001,002",Wednesday,"December 16, 2015",12:30 PM,3:00 PM,E2 1303A,,,,,,,,
MSCI 333,001,Monday,"December 14, 2015",12:30 PM,3:00 PM,RCH 307,,,,,,,,
MSCI 342,001,Thursday,"December 10, 2015",7:30 PM,10:00 PM,E2 1303A,,,,,,,,
MSCI 343,001,Exam removed from the schedule. Contact instructor for further information.,,,,,,,,,,,,
MSCI 422,001,Monday,"December 21, 2015",9:00 AM,11:30 AM,"RCH 110,112",,,,,,,,
MSCI 432,001,Thursday,"December 10, 2015",7:30 PM,10:00 PM,CPH 4333,,,,,,,,
MSCI 446,001,Tuesday,"December 8, 2015",7:30 PM,10:00 PM,E2 1303A,,,,,,,,
MTE 201,001,Tuesday,"December 8, 2015",7:30 PM,10:00 PM,"E5 3101,3102",,,,,,,,
MTE 202,001,Thursday,"December 10, 2015",9:00 AM,11:30 AM,"E5 3101,3102",,,,,,,,
MTE 203,001,Tuesday,"December 8, 2015",4:00 PM,6:30 PM,"PAC 7,8",,,,,,,,
MTE 204,001,Friday,"December 18, 2015",12:30 PM,3:00 PM,"MC 2034,2035,2038",,,,,,,,
MTE 219,001,Monday,"December 14, 2015",4:00 PM,6:30 PM,"E5 3101,3102",,,,,,,,
MTE 220,001,Wednesday,"December 16, 2015",12:30 PM,3:00 PM,M3 1006,,,,,,,,
MTE 241,001,Monday,"December 14, 2015",4:00 PM,6:30 PM,CIF1 Q-X,,,,,,,,
MTE 262,001,Friday,"December 18, 2015",7:30 PM,10:00 PM,"E5 3101,3102",,,,,,,,
MTE 420,001,Tuesday,"December 8, 2015",7:30 PM,10:00 PM,DWE 2402,,,,,,,,
MTE 545,001,Exam removed from the schedule. Contact instructor for further information.,,,,,,,,,,,,
MTHEL 131,001,Friday,"December 11, 2015",12:30 PM,2:30 PM,"MC 4020,4021,4059,4061",,,,,,,,
MUSIC 100,001,Monday,"December 21, 2015",4:00 PM,6:30 PM,"CGC 1111,1208,1302",,,,,,,,
MUSIC 100,002,Monday,"December 21, 2015",4:00 PM,5:30 PM,RCH 301,,,,,,,,
MUSIC 140,001,Friday,"December 18, 2015",4:00 PM,6:30 PM,"AL 113,116",,,,,,,,
MUSIC 254,001,Monday,"December 14, 2015",9:00 AM,11:00 AM,CGC 1208,,,,,,,,
MUSIC 256,001,Friday,"December 18, 2015",9:00 AM,11:00 AM,CGC 1208,,,,,,,,
MUSIC 275,001,Wednesday,"December 16, 2015",7:30 PM,10:00 PM,CGC 1208,,,,,,,,
MUSIC 363,001,Monday,"December 14, 2015",7:30 PM,10:00 PM,CGC 1208,,,,,,,,
MUSIC 370,001,Tuesday,"December 8, 2015",9:00 AM,11:30 AM,CGC 1208,,,,,,,,
MUSIC 376,001,Saturday,"December 12, 2015",7:30 PM,9:30 PM,CGC Chapel,,,,,,,,
NE 100,001,Thursday,"December 10, 2015",4:00 PM,6:30 PM,"MC 4020,4021",,,,,,,,
NE 109,001,Saturday,"December 12, 2015",12:30 PM,1:30 PM,DC 1351,,,,,,,,
NE 111,001,Friday,"December 18, 2015",9:00 AM,11:30 AM,"B1 370, C2 160",,,,,,,,
NE 112,001,Monday,"December 14, 2015",7:30 PM,10:00 PM,"PAC 1,2",,,,,,,,
NE 121,001,Thursday,"December 17, 2015",12:30 PM,3:00 PM,"RCH 103,105",,,,,,,,
NE 201,001,Wednesday,"December 9, 2015",12:30 PM,3:00 PM,PAC 5,,,,,,,,
NE 216,001,Friday,"December 11, 2015",4:00 PM,6:30 PM,"MC 2017,2054",,,,,,,,
NE 224,001,Tuesday,"December 15, 2015",4:00 PM,6:30 PM,"RCH 110,112",,,,,,,,
NE 232,001,Thursday,"December 17, 2015",9:00 AM,11:30 AM,"RCH 302,305",,,,,,,,
NE 241,001,Monday,"December 14, 2015",4:00 PM,6:30 PM,"RCH 103,105",,,,,,,,
NE 335,001,Tuesday,"December 8, 2015",9:00 AM,11:30 AM,RCH 301,,,,,,,,
NE 336,001,Thursday,"December 10, 2015",12:30 PM,3:00 PM,"MC 2034,2035",,,,,,,,
NE 352,001,Monday,"December 14, 2015",4:00 PM,6:30 PM,"RCH 110,112",,,,,,,,
NE 353,001,Wednesday,"December 16, 2015",12:30 PM,3:00 PM,"RCH 110,112",,,,,,,,
NE 445,001,Friday,"December 18, 2015",9:00 AM,11:30 AM,"RCH 110,112",,,,,,,,
NE 451,001,Thursday,"December 10, 2015",9:00 AM,11:30 AM,RCH 204,,,,,,,,
NE 461,001,Tuesday,"December 8, 2015",4:00 PM,6:30 PM,PAC 11,,,,,,,,
NE 471,001,Friday,"December 11, 2015",12:30 PM,3:00 PM,PAC 10,,,,,,,,
NE 481,001,Wednesday,"December 9, 2015",12:30 PM,3:00 PM,PAC 11,,,,,,,,
NE 491,001,Wednesday,"December 16, 2015",4:00 PM,6:30 PM,PAC 11,,,,,,,,
OPTOM 104,001,Thursday,"December 10, 2015",9:00 AM,11:30 AM,REV 200,,,,,,,,
OPTOM 105,001,Saturday,"December 12, 2015",9:00 AM,10:30 AM,REV 200,,,,,,,,
OPTOM 106,001,Tuesday,"December 8, 2015",9:00 AM,11:30 AM,REV 200,,,,,,,,
OPTOM 108,001,Thursday,"December 17, 2015",9:00 AM,10:30 AM,REV 200,,,,,,,,
OPTOM 124,001,Tuesday,"December 15, 2015",9:00 AM,11:00 AM,REV 200,,,,,,,,
OPTOM 215,001,Tuesday,"December 15, 2015",12:30 PM,2:30 PM,REV 200,,,,,,,,
OPTOM 216,001,Saturday,"December 12, 2015",12:30 PM,2:30 PM,REV 200,,,,,,,,
OPTOM 231,001,Thursday,"December 10, 2015",12:30 PM,2:30 PM,REV 200,,,,,,,,
OPTOM 245,001,Tuesday,"December 8, 2015",12:30 PM,2:30 PM,REV 200,,,,,,,,
OPTOM 252,001,Thursday,"December 17, 2015",12:30 PM,2:30 PM,REV 200,,,,,,,,
OPTOM 342A,001,Thursday,"December 10, 2015",4:00 PM,6:30 PM,REV 200,,,,,,,,
OPTOM 347,001,Saturday,"December 12, 2015",4:00 PM,6:30 PM,REV 200,,,,,,,,
OPTOM 375,001,Tuesday,"December 8, 2015",4:00 PM,6:30 PM,REV 200,,,,,,,,
OPTOM 387,001,Tuesday,"December 15, 2015",4:00 PM,6:30 PM,REV 200,,,,,,,,
PACS 101,001,Thursday,"December 17, 2015",12:30 PM,3:00 PM,CGC 1111,,,,,,,,
PACS 201,001,Saturday,"December 12, 2015",9:00 AM,11:30 AM,CGC 1111,,,,,,,,
PACS 202,001,Thursday,"December 17, 2015",12:30 PM,3:00 PM,AL 116,,,,,,,,
PACS 202,081 Online,See https://uwaterloo.ca/quest/help/students/how-do-i/online-exam-schedule,,,,,,,,,,,,
PHIL 100J,001,Friday,"December 18, 2015",4:00 PM,6:30 PM,STJ 3016,,,,,,,,
PHIL 110A,002,Saturday,"December 19, 2015",12:30 PM,3:00 PM,RCH 211,,,,,,,,
PHIL 110A,081 Online,See https://uwaterloo.ca/quest/help/students/how-do-i/online-exam-schedule,,,,,,,,,,,,
PHIL 145,001,Monday,"December 21, 2015",4:00 PM,6:30 PM,HH 1102,,,,,,,,
PHIL 145,081 Online,See https://uwaterloo.ca/quest/help/students/how-do-i/online-exam-schedule,,,,,,,,,,,,
PHIL 201,081 Online,See https://uwaterloo.ca/quest/help/students/how-do-i/online-exam-schedule,,,,,,,,,,,,
PHIL 209,001,Friday,"December 18, 2015",9:00 AM,11:30 AM,STJ 3016,,,,,,,,
PHIL 210J,001,Friday,"December 18, 2015",7:30 PM,10:00 PM,STJ 2011,,,,,,,,
PHIL 215,001,Friday,"December 18, 2015",4:00 PM,6:30 PM,EV3 1408,,,,,,,,
PHIL 215,081 Online,See https://uwaterloo.ca/quest/help/students/how-do-i/online-exam-schedule,,,,,,,,,,,,
PHIL 216,001,Exam removed from the schedule. Contact instructor for further information.,,,,,,,,,,,,
PHIL 219J,001,Monday,"December 14, 2015",9:00 AM,11:30 AM,STJ 3015,,,,,,,,
PHIL 250A,001,Tuesday,"December 8, 2015",9:00 AM,11:30 AM,STJ 2011,,,,,,,,
PHIL 250A,081 Online,See https://uwaterloo.ca/quest/help/students/how-do-i/online-exam-schedule,,,,,,,,,,,,
PHIL 265,081 Online,See https://uwaterloo.ca/quest/help/students/how-do-i/online-exam-schedule,,,,,,,,,,,,
PHIL 350,001,Tuesday,"December 15, 2015",9:00 AM,11:30 AM,HH 2107,,,,,,,,
PHYS 111,001 to 005,Wednesday,"December 16, 2015",4:00 PM,6:30 PM,"PAC 1,2,3,4,5,6,7,8",,,,,,,,
PHYS 111L,001 to 030,Monday,"December 14, 2015",4:00 PM,5:00 PM,"PAC 1,2,3,4,5,6",,,,,,,,
PHYS 115,001 to 004,Wednesday,"December 16, 2015",12:30 PM,3:00 PM,"PAC 1,2,3,8,9,10",,,,,,,,
PHYS 121,001 to 003,Wednesday,"December 16, 2015",4:00 PM,6:30 PM,"DC 1350,1351, MC 4020,4059,4061",,,,,,,,
PHYS 121L,"002,003,005,007",Monday,"December 14, 2015",4:00 PM,5:00 PM,"PAC 9,10",,,,,,,,
PHYS 131L,001 to 010,Monday,"December 14, 2015",4:00 PM,5:00 PM,"PAC 7,8",,,,,,,,
PHYS 224,001,Wednesday,"December 16, 2015",7:30 PM,10:00 PM,MC 4020,,,,,,,,
PHYS 225,001,Thursday,"December 10, 2015",9:00 AM,11:30 AM,PHY 313,,,,,,,,
PHYS 236,001,Exam removed from the schedule. Contact instructor for further information.,,,,,,,,,,,,
PHYS 256,001,Wednesday,"December 9, 2015",4:00 PM,6:30 PM,PAC 8,,,,,,,,
PHYS 275,001,Tuesday,"December 15, 2015",12:30 PM,3:00 PM,MC 4021,,,,,,,,
PHYS 342,001,Wednesday,"December 16, 2015",7:30 PM,10:00 PM,DC 1351,,,,,,,,
PHYS 358,001,Tuesday,"December 22, 2015",12:30 PM,3:00 PM,MC 4061,,,,,,,,
PHYS 363,001,Saturday,"December 12, 2015",7:30 PM,10:00 PM,MC 4045,,,,,,,,
PHYS 364,001,Thursday,"December 10, 2015",12:30 PM,3:00 PM,PHY 313,,,,,,,,
PHYS 380,001,Friday,"December 18, 2015",9:00 AM,11:30 AM,PHY 308,,,,,,,,
PHYS 434,001,Monday,"December 14, 2015",7:30 PM,10:00 PM,PAC 6,,,,,,,,
PHYS 442,001,Friday,"December 11, 2015",7:30 PM,10:00 PM,PAC 7,,,,,,,,
PHYS 454,001,Wednesday,"December 16, 2015",9:00 AM,11:30 AM,RCH 105,,,,,,,,
PHYS 461,001,Monday,"December 21, 2015",9:00 AM,11:30 AM,PHY 308,,,,,,,,
PHYS 474,001,Tuesday,"December 8, 2015",4:00 PM,6:30 PM,RCH 212,,,,,,,,
PHYS 475,001,Friday,"December 18, 2015",4:00 PM,6:30 PM,MC 4042,,,,,,,,
PHYS 491,001,Exam removed from the schedule. Contact instructor for further information.,,,,,,,,,,,,
PLAN 100,001,Saturday,"December 19, 2015",4:00 PM,6:30 PM,"DC 1350,1351",,,,,,,,
PLAN 104,001,Monday,"December 21, 2015",9:00 AM,11:30 AM,"RCH 302,307",,,,,,,,
PLAN 105,001,Wednesday,"December 9, 2015",9:00 AM,11:30 AM,M3 1006,,,,,,,,
PLAN 281,001,Monday,"December 21, 2015",9:00 AM,11:30 AM,RCH 301,,,,,,,,
PLAN 351,001,Tuesday,"December 8, 2015",12:30 PM,3:00 PM,RCH 305,,,,,,,,
PLAN 362,001,Thursday,"December 10, 2015",9:00 AM,11:30 AM,EV3 1408,,,,,,,,
PLAN 453,001,Thursday,"December 17, 2015",4:00 PM,6:30 PM,M3 1006,,,,,,,,
PLAN 674,001,Thursday,"December 10, 2015",9:00 AM,11:30 AM,EV3 1408,,,,,,,,
PMATH 330,001,Thursday,"December 17, 2015",7:30 PM,10:00 PM,MC 2034,,,,,,,,
PMATH 331,001,Thursday,"December 10, 2015",7:30 PM,10:00 PM,"MC 2017,2054",,,,,,,,
PMATH 336,001,Saturday,"December 12, 2015",7:30 PM,10:00 PM,MC 4042,,,,,,,,
PMATH 340,001,Saturday,"December 19, 2015",12:30 PM,3:00 PM,CIF2 J-M,,,,,,,,
PMATH 347,001,Thursday,"December 17, 2015",7:30 PM,10:00 PM,MC 2035,,,,,,,,
PMATH 351,001,Monday,"December 21, 2015",4:00 PM,6:30 PM,MC 4021,,,,,,,,
PMATH 451,001,Thursday,"December 17, 2015",9:00 AM,11:30 AM,MC 4042,,,,,,,,
PMATH 465,001,Saturday,"December 12, 2015",12:30 PM,3:00 PM,MC 4042,,,,,,,,
PMATH 651,001,Thursday,"December 17, 2015",9:00 AM,11:30 AM,MC 4042,,,,,,,,
PMATH 665,001,Saturday,"December 12, 2015",12:30 PM,3:00 PM,MC 4042,,,,,,,,
PORT 101,001,Friday,"December 11, 2015",7:30 PM,9:30 PM,RCH 207,,,,,,,,
PSCI 255,001,Wednesday,"December 9, 2015",9:00 AM,11:00 AM,"RCH 110,112",,,,,,,,
PSCI 260,001,Tuesday,"December 15, 2015",12:30 PM,2:30 PM,MC 4020,,,,,,,,
PSCI 281,001,Saturday,"December 12, 2015",7:30 PM,10:00 PM,MC 4020,,,,,,,,
PSCI 331,001,Tuesday,"December 22, 2015",12:30 PM,3:00 PM,MC 4042,,,,,,,,
PSYCH 101,001,Wednesday,"December 9, 2015",7:30 PM,9:30 PM,"PAC 1,2,3,4,5",,,,,,,,
PSYCH 101,002,Wednesday,"December 9, 2015",7:30 PM,9:30 PM,"PAC 6,7,8,9,10,11",,,,,,,,
PSYCH 101,005,Wednesday,"December 9, 2015",7:30 PM,9:30 PM,MC 1085,,,,,,,,
PSYCH 101,081 Online,See https://uwaterloo.ca/quest/help/students/how-do-i/online-exam-schedule,,,,,,,,,,,,
PSYCH 101R,001 to 003,Wednesday,"December 9, 2015",7:30 PM,10:00 PM,"REN 2106,2107",,,,,,,,
PSYCH 207,081 Online,See https://uwaterloo.ca/quest/help/students/how-do-i/online-exam-schedule,,,,,,,,,,,,
PSYCH 212R,001,Wednesday,"December 16, 2015",7:30 PM,9:30 PM,"REN 0402,0403",,,,,,,,
PSYCH 253,001,Saturday,"December 19, 2015",4:00 PM,6:30 PM,"MC 4020,4021,4059,4060,4061",,,,,,,,
PSYCH 253,081 Online,See https://uwaterloo.ca/quest/help/students/how-do-i/online-exam-schedule,,,,,,,,,,,,
PSYCH 257,001,Wednesday,"December 9, 2015",4:00 PM,5:30 PM,"DC 1350,1351,MC 1085",,,,,,,,
PSYCH 261,001,Thursday,"December 17, 2015",4:00 PM,5:30 PM,CIF2 A-M,,,,,,,,
PSYCH 291,001,Tuesday,"December 15, 2015",9:00 AM,11:00 AM,"DC 1350,1351",,,,,,,,
PSYCH 306,001,Saturday,"December 19, 2015",12:30 PM,2:30 PM,"MC 2017,2054",,,,,,,,
PSYCH 312R,001,Saturday,"December 12, 2015",7:30 PM,10:00 PM,REN 2106,,,,,,,,
PSYCH 318,001,Tuesday,"December 8, 2015",7:30 PM,10:00 PM,STJ 2009,,,,,,,,
PSYCH 320,001,Monday,"December 14, 2015",7:30 PM,9:30 PM,"MC 2034,2035",,,,,,,,
PSYCH 336,001,Wednesday,"December 16, 2015",12:30 PM,3:00 PM,DC 1351,,,,,,,,
PSYCH 340,001,Monday,"December 14, 2015",12:30 PM,2:00 PM,MC 1085,,,,,,,,
PSYCH 380,001,Saturday,"December 19, 2015",7:30 PM,10:00 PM,MC 4042,,,,,,,,
PSYCH 391,001,Thursday,"December 10, 2015",4:00 PM,6:30 PM,M3 1006,,,,,,,,
PSYCH 457,001,Friday,"December 11, 2015",12:30 PM,2:30 PM,MC 4042,,,,,,,,
REC 101,001,Saturday,"December 19, 2015",7:30 PM,9:30 PM,M3 1006,,,,,,,,
REC 371,001,Thursday,"December 10, 2015",9:00 AM,11:30 AM,DC 1351,,,,,,,,
RS 130,001,Thursday,"December 10, 2015",12:30 PM,3:00 PM,CGC 1208,,,,,,,,
RS 170,081 Online,See https://uwaterloo.ca/quest/help/students/how-do-i/online-exam-schedule,,,,,,,,,,,,
RS 216,001,Tuesday,"December 22, 2015",9:00 AM,11:30 AM,STJ 2011,,,,,,,,
RS 240,001,Tuesday,"December 8, 2015",4:00 PM,6:00 PM,CGC 1302,,,,,,,,
RS 262,001,Saturday,"December 12, 2015",4:00 PM,6:00 PM,RCH 204,,,,,,,,
RS 357,001,Monday,"December 14, 2015",7:30 PM,10:00 PM,CGC 1208,,,,,,,,
RS 361,001,Tuesday,"December 8, 2015",12:30 PM,3:00 PM,PAS 1229,,,,,,,,
RUSS 101,001,Saturday,"December 12, 2015",7:30 PM,10:00 PM,RCH 209,,,,,,,,
RUSS 201,001,Friday,"December 18, 2015",12:30 PM,3:00 PM,ML 354,,,,,,,,
SCI 200,001,Wednesday,"December 9, 2015",4:00 PM,6:30 PM,PAC 4,,,,,,,,
SCI 206,001,Tuesday,"December 22, 2015",9:00 AM,11:00 AM,"DC 1350,1351",,,,,,,,
SCI 237,001,Monday,"December 14, 2015",7:30 PM,10:00 PM,PAC 3,,,,,,,,
SCI 238,081 Online,See https://uwaterloo.ca/quest/help/students/how-do-i/online-exam-schedule,,,,,,,,,,,,
SDS 131R,001,Saturday,"December 19, 2015",7:30 PM,10:00 PM,REN 2106,,,,,,,,
SDS 150R,001,Friday,"December 18, 2015",4:00 PM,6:30 PM,REN 2106,,,,,,,,
SDS 150R,081 Online,See https://uwaterloo.ca/quest/help/students/how-do-i/online-exam-schedule,,,,,,,,,,,,
SDS 231R,001,Tuesday,"December 15, 2015",12:30 PM,3:00 PM,REN 2107,,,,,,,,
SDS 250R,001,Thursday,"December 10, 2015",12:30 PM,3:00 PM,REN 2106,,,,,,,,
SDS 250R,002,Thursday,"December 10, 2015",12:30 PM,3:00 PM,"REN 2106,2107",,,,,,,,
SDS 250R,003,Thursday,"December 10, 2015",12:30 PM,3:00 PM,"REN 2102,2104",,,,,,,,
SDS 251R,081 Online,See https://uwaterloo.ca/quest/help/students/how-do-i/online-exam-schedule,,,,,,,,,,,,
SDS 355R,001,Friday,"December 11, 2015",9:00 AM,11:30 AM,REN 2106,,,,,,,,
SE 212,"001,002",Wednesday,"December 9, 2015",12:30 PM,3:00 PM,M3 1006,,,,,,,,
SE 380,001,Wednesday,"December 16, 2015",12:30 PM,3:00 PM,"RCH 103,105",,,,,,,,
SE 464,001,Tuesday,"December 8, 2015",4:00 PM,6:30 PM,DC 1351,,,,,,,,
SI 221R,001,Monday,"December 14, 2015",9:00 AM,11:00 AM,REN 2104,,,,,,,,
SMF 204,001,Wednesday,"December 9, 2015",7:30 PM,10:00 PM,STJ 1036,,,,,,,,
SMF 206,001,Monday,"December 21, 2015",9:00 AM,11:30 AM,STJ 1036,,,,,,,,
SMF 305,001,Saturday,"December 12, 2015",4:00 PM,6:30 PM,STJ 2009,,,,,,,,
SOC 101,001,Friday,"December 11, 2015",12:30 PM,3:00 PM,"PAC 1,2,3,4",,,,,,,,
SOC 101,002,Wednesday,"December 9, 2015",9:00 AM,11:30 AM,STJ 2017,,,,,,,,
SOC 101,003,Thursday,"December 17, 2015",7:30 PM,10:00 PM,"DC 1350,1351, M3 1006",,,,,,,,
SOC 101,004,Friday,"December 11, 2015",12:30 PM,3:00 PM,RCH 301,,,,,,,,
SOC 101R,001 to 003,Thursday,"December 17, 2015",7:30 PM,10:00 PM,"STJ 1036,2017",,,,,,,,
SOC 202,001,Tuesday,"December 22, 2015",4:00 PM,6:30 PM,RCH 103,,,,,,,,
SOC 221,001,Wednesday,"December 16, 2015",9:00 AM,11:00 AM,"HH 1101,1102",,,,,,,,
SOC 227,001,Friday,"December 18, 2015",9:00 AM,11:00 AM,"MC 2017,2054",,,,,,,,
SOC 228,001,Tuesday,"December 8, 2015",9:00 AM,11:30 AM,RCH 302,,,,,,,,
SOC 256,001,Monday,"December 21, 2015",9:00 AM,11:00 AM,PAS 1229,,,,,,,,
SOC 260,001,Saturday,"December 12, 2015",4:00 PM,6:00 PM,RCH 204,,,,,,,,
SOC 280,001,Wednesday,"December 16, 2015",7:30 PM,10:00 PM,RCH 302,,,,,,,,
SOC 302,001,Thursday,"December 10, 2015",9:00 AM,11:30 AM,STJ 3027,,,,,,,,
SOC 306,001,Wednesday,"December 9, 2015",12:30 PM,2:30 PM,PAS 1241,,,,,,,,
SOC 370,001,Tuesday,"December 8, 2015",12:30 PM,3:00 PM,EV3 1408,,,,,,,,
SOCWK 120R,"001,002",Monday,"December 14, 2015",9:00 AM,11:30 AM,STJ 1036,,,,,,,,
SOCWK 120R,003,Monday,"December 14, 2015",9:00 AM,11:30 AM,STJ 2017,,,,,,,,
SOCWK 120R,081 Online,See https://uwaterloo.ca/quest/help/students/how-do-i/online-exam-schedule,,,,,,,,,,,,
SOCWK 220R,001,Wednesday,"December 9, 2015",9:00 AM,11:30 AM,REN 2106,,,,,,,,
SOCWK 221R,"001,002",Monday,"December 14, 2015",12:30 PM,3:00 PM,"REN 2106,2107",,,,,,,,
SOCWK 222R,001,Tuesday,"December 8, 2015",12:30 PM,3:00 PM,REN 2106,,,,,,,,
SOCWK 300R,001,Saturday,"December 12, 2015",12:30 PM,3:00 PM,REN 2106,,,,,,,,
SOCWK 355R,081 Online,See https://uwaterloo.ca/quest/help/students/how-do-i/online-exam-schedule,,,,,,,,,,,,
SPAN 101,001 to 007,Monday,"December 14, 2015",7:30 PM,9:30 PM,"DC 1350,1351",,,,,,,,
SPAN 101,081 Online,See https://uwaterloo.ca/quest/help/students/how-do-i/online-exam-schedule,,,,,,,,,,,,
SPAN 102,001,Wednesday,"December 9, 2015",7:30 PM,9:30 PM,MC 4042,,,,,,,,
SPAN 201A,"001,002",Wednesday,"December 9, 2015",4:00 PM,6:00 PM,MC 4042,,,,,,,,
SPCOM 228,001,Wednesday,"December 16, 2015",12:30 PM,3:00 PM,AL 105,,,,,,,,
SPCOM 401,001,Tuesday,"December 15, 2015",12:30 PM,3:00 PM,AL 105,,,,,,,,
SPCOM 490,001,Tuesday,"December 8, 2015",12:30 PM,3:00 PM,ML 349,,,,,,,,
STAT 202,"001,002",Tuesday,"December 15, 2015",7:30 PM,10:00 PM,"PAC 1,2,3,4",,,,,,,,
STAT 206,001,Tuesday,"December 15, 2015",4:00 PM,6:30 PM,"RCH 103,105",,,,,,,,
STAT 220,001,Tuesday,"December 15, 2015",9:00 AM,11:30 AM,PAC 10,,,,,,,,
STAT 221,001,Friday,"December 18, 2015",9:00 AM,11:30 AM,"CIF1 A-Z, CIF2 A-C",,,,,,,,
STAT 230,"001,004,005",Monday,"December 21, 2015",9:00 AM,11:30 AM,"CIF1 A-Z, CIF2 A-J",,,,,,,,
STAT 230,002,Monday,"December 21, 2015",9:00 AM,11:30 AM,"MC 2034,2035,2038",,,,,,,,
STAT 230,003,Monday,"December 21, 2015",9:00 AM,11:30 AM,M3 1006,,,,,,,,
STAT 230,081 Online,See https://uwaterloo.ca/quest/help/students/how-do-i/online-exam-schedule,,,,,,,,,,,,
STAT 231,"001,002",Friday,"December 18, 2015",9:00 AM,11:30 AM,"CIF1 A-Z, CIF2 A-C",,,,,,,,
STAT 240,001,Tuesday,"December 15, 2015",7:30 PM,10:00 PM,"PAC 9,10",,,,,,,,
STAT 322,001,Thursday,"December 10, 2015",7:30 PM,10:00 PM,PAC 11,,,,,,,,
STAT 330,"001,002",Monday,"December 21, 2015",9:00 AM,11:30 AM,"DC 1350,1351",,,,,,,,
STAT 331,"001,002",Wednesday,"December 16, 2015",9:00 AM,11:30 AM,M3 1006,,,,,,,,
STAT 332,001,Friday,"December 18, 2015",4:00 PM,6:30 PM,M3 1006,,,,,,,,
STAT 333,"001,002",Monday,"December 14, 2015",12:30 PM,3:00 PM,"PAC 7,8,10",,,,,,,,
STAT 334,001,Monday,"December 14, 2015",12:30 PM,3:00 PM,RCH 211,,,,,,,,
STAT 337,001,Friday,"December 11, 2015",12:30 PM,3:00 PM,"MC 2017,2054",,,,,,,,
STAT 341,001,Friday,"December 18, 2015",9:00 AM,11:30 AM,RCH 211,,,,,,,,
STAT 371,001,Friday,"December 11, 2015",9:00 AM,11:30 AM,DC 1350,,,,,,,,
STAT 372,001,Tuesday,"December 15, 2015",9:00 AM,11:30 AM,"MC 2034,2035",,,,,,,,
STAT 373,001,Saturday,"December 12, 2015",12:30 PM,3:00 PM,"PAC 9,10",,,,,,,,
STAT 430,001,Thursday,"December 10, 2015",12:30 PM,3:00 PM,MC 1085,,,,,,,,
STAT 431,001,Monday,"December 21, 2015",9:00 AM,11:30 AM,MC 4021,,,,,,,,
STAT 433,001,Monday,"December 14, 2015",7:30 PM,10:00 PM,"PAC 4,5",,,,,,,,
STAT 442,001,Wednesday,"December 16, 2015",7:30 PM,10:00 PM,MC 4021,,,,,,,,
STAT 443,001,Tuesday,"December 15, 2015",12:30 PM,3:00 PM,"MC 4059,4061",,,,,,,,
STAT 830,001,Thursday,"December 10, 2015",12:30 PM,3:00 PM,MC 1085,,,,,,,,
STAT 831,001,Monday,"December 21, 2015",9:00 AM,11:30 AM,MC 4021,,,,,,,,
STAT 833,001,Monday,"December 14, 2015",7:30 PM,10:00 PM,"PAC 4,5",,,,,,,,
STAT 842,001,Wednesday,"December 16, 2015",7:30 PM,10:00 PM,MC 4021,,,,,,,,
SWREN 120R,001,Monday,"December 14, 2015",9:00 AM,11:30 AM,STJ 1036,,,,,,,,
SWREN 120R,003,Monday,"December 14, 2015",9:00 AM,11:30 AM,STJ 2017,,,,,,,,
SWREN 120R,081 Online,See https://uwaterloo.ca/quest/help/students/how-do-i/online-exam-schedule,,,,,,,,,,,,
SWREN 220R,001,Wednesday,"December 9, 2015",9:00 AM,11:30 AM,REN 2106,,,,,,,,
SWREN 221R,"001,002",Monday,"December 14, 2015",12:30 PM,3:00 PM,"REN 2106,2107",,,,,,,,
SWREN 222R,001,Tuesday,"December 8, 2015",12:30 PM,3:00 PM,REN 2106,,,,,,,,
SWREN 250R,003,Thursday,"December 10, 2015",12:30 PM,3:00 PM,"REN 2102,2104",,,,,,,,
SYDE 101L,001,Tuesday,"December 8, 2015",9:00 AM,11:30 AM,E2 1310,,,,,,,,
SYDE 111,"001,002",Thursday,"December 17, 2015",9:00 AM,11:30 AM,"RCH 211,306,307",,,,,,,,
SYDE 113,"001,002",Tuesday,"December 15, 2015",9:00 AM,11:30 AM,"RCH 302,305,306",,,,,,,,
SYDE 121,001,Monday,"December 21, 2015",9:00 AM,11:30 AM,HH 1101,,,,,,,,
SYDE 161,001,Tuesday,"December 22, 2015",12:30 PM,3:00 PM,"RCH 301,302",,,,,,,,
SYDE 181,001,Wednesday,"December 9, 2015",9:00 AM,11:30 AM,"RCH 307,308",,,,,,,,
SYDE 182,001,Friday,"December 11, 2015",4:00 PM,6:30 PM,"E5 3101,3102",,,,,,,,
SYDE 212,001,Tuesday,"December 15, 2015",4:00 PM,6:30 PM,"MC 2017,2054",,,,,,,,
SYDE 252,001,Monday,"December 14, 2015",12:30 PM,3:00 PM,"RCH 110,112",,,,,,,,
SYDE 252,002,Thursday,"December 10, 2015",4:00 PM,6:30 PM,"MC 4059,4060,4061",,,,,,,,
SYDE 262,001,Tuesday,"December 8, 2015",4:00 PM,6:30 PM,"RCH 110,112",,,,,,,,
SYDE 286,001,Thursday,"December 10, 2015",12:30 PM,3:00 PM,"RCH 110,112",,,,,,,,
SYDE 292,001,Thursday,"December 17, 2015",4:00 PM,6:30 PM,"RCH 110,112",,,,,,,,
SYDE 411,001,Thursday,"December 10, 2015",9:00 AM,11:30 AM,RCH 301,,,,,,,,
SYDE 553,001,Tuesday,"December 8, 2015",9:00 AM,11:30 AM,RCH 209,,,,,,,,
SYDE 575,001,Monday,"December 14, 2015",9:00 AM,11:30 AM,RCH 211,,,,,,,,
TS 652,001,Monday,"December 14, 2015",7:30 PM,10:00 PM,CGC 1208,,,,,,,,
VCULT 100,001,Thursday,"December 10, 2015",4:00 PM,6:30 PM,"RCH 301,302",,,,,,,,
WS 325,001,Tuesday,"December 8, 2015",9:00 AM,11:30 AM,STJ 3016,,,,,,,,
