Exam,Section,Day,Date,"Start
Time","End
Time",Location,,,,,,,,,,,,,,,,,,,,,,,,,,,,,
ACTSC 221,081 Online,See https://uwaterloo.ca/quest/help/students/how-do-i/online-exam-schedule,,,,,,,,,,,,,,,,,,,,,,,,,,,,,,,,,
ACTSC 231,"001,002",Tuesday,"April 12, 2016",12:30 PM,3:00 PM,"PAC 1,2",,,,,,,,,,,,,,,,,,,,,,,,,,,,,
ACTSC 232,001,Tuesday,"April 12, 2016",4:00 PM,6:30 PM,"PAC 11,12",,,,,,,,,,,,,,,,,,,,,,,,,,,,,
ACTSC 331,001,Tuesday,"April 19, 2016",12:30 PM,3:00 PM,"PAC 9,10",,,,,,,,,,,,,,,,,,,,,,,,,,,,,
ACTSC 371,001,Wednesday,"April 13, 2016",4:00 PM,6:30 PM,"PAC 7,8",,,,,,,,,,,,,,,,,,,,,,,,,,,,,
ACTSC 372,001,Monday,"April 11, 2016",7:30 PM,10:00 PM,M3 1006,,,,,,,,,,,,,,,,,,,,,,,,,,,,,
ACTSC 433,001,Monday,"April 18, 2016",7:30 PM,10:00 PM,PAC 5,,,,,,,,,,,,,,,,,,,,,,,,,,,,,
ACTSC 446,"001,002",Wednesday,"April 13, 2016",4:00 PM,6:30 PM,M3 1006,,,,,,,,,,,,,,,,,,,,,,,,,,,,,
ACTSC 455,001,Monday,"April 11, 2016",12:30 PM,3:00 PM,MC 2038,,,,,,,,,,,,,,,,,,,,,,,,,,,,,
ACTSC 462,001,Thursday,"April 14, 2016",4:00 PM,6:30 PM,MC 1085,,,,,,,,,,,,,,,,,,,,,,,,,,,,,
ACTSC 833,001,Monday,"April 18, 2016",7:30 PM,10:00 PM,PAC 5,,,,,,,,,,,,,,,,,,,,,,,,,,,,,
ACTSC 846,001,Wednesday,"April 13, 2016",4:00 PM,6:30 PM,M3 1006,,,,,,,,,,,,,,,,,,,,,,,,,,,,,
ACTSC 855,001,Monday,"April 11, 2016",12:30 PM,3:00 PM,MC 2038,,,,,,,,,,,,,,,,,,,,,,,,,,,,,
AFM 101,"001,002",Wednesday,"April 20, 2016",7:30 PM,10:00 PM,"PAC 4,5,6,7",,,,,,,,,,,,,,,,,,,,,,,,,,,,,
AFM 102,001 to 004,Monday,"April 11, 2016",4:00 PM,6:30 PM,"PAC 1,2,3,4,5,6,9",,,,,,,,,,,,,,,,,,,,,,,,,,,,,
AFM 121,001 to 007,Monday,"April 18, 2016",12:30 PM,2:00 PM,"CPH 1346, E2 1310",,,,,,,,,,,,,,,,,,,,,,,,,,,,,
AFM 123,003,Tuesday,"April 19, 2016",12:30 PM,3:00 PM,"PAC 4,5,6,7,8",,,,,,,,,,,,,,,,,,,,,,,,,,,,,
AFM 131,001,Thursday,"April 21, 2016",9:00 AM,11:30 AM,MC 1085,,,,,,,,,,,,,,,,,,,,,,,,,,,,,
AFM 131,081 Online,See https://uwaterloo.ca/quest/help/students/how-do-i/online-exam-schedule,,,,,,,,,,,,,,,,,,,,,,,,,,,,,,,,,
AFM 231,001,Saturday,"April 9, 2016",12:30 PM,2:30 PM,M3 1006,,,,,,,,,,,,,,,,,,,,,,,,,,,,,
AFM 323,001,Monday,"April 18, 2016",7:30 PM,10:00 PM,PAC 12,,,,,,,,,,,,,,,,,,,,,,,,,,,,,
AFM 333,"001,002",Thursday,"April 14, 2016",9:00 AM,11:30 AM,DC 1350,,,,,,,,,,,,,,,,,,,,,,,,,,,,,
AFM 341,"001,002",Exam removed from the schedule. Contact instructor for further information.,,,,,,,,,,,,,,,,,,,,,,,,,,,,,,,,,
AFM 362,"001,002",Wednesday,"April 20, 2016",9:00 AM,11:30 AM,RCH 301,,,,,,,,,,,,,,,,,,,,,,,,,,,,,
AFM 372,001,Friday,"April 22, 2016",9:00 AM,11:30 AM,MC 4040,,,,,,,,,,,,,,,,,,,,,,,,,,,,,
AFM 373,"001,002",Tuesday,"April 12, 2016",12:30 PM,3:00 PM,CPH 1346,,,,,,,,,,,,,,,,,,,,,,,,,,,,,
AFM 391,"001,002",Friday,"April 15, 2016",7:30 PM,10:00 PM,PAC 4,,,,,,,,,,,,,,,,,,,,,,,,,,,,,
AFM 423,001,Saturday,"April 16, 2016",7:30 PM,10:00 PM,MC 4041,,,,,,,,,,,,,,,,,,,,,,,,,,,,,
AFM 424,"001,002",Wednesday,"April 20, 2016",9:00 AM,11:30 AM,RCH 302,,,,,,,,,,,,,,,,,,,,,,,,,,,,,
AFM 433,"001,002",Monday,"April 11, 2016",12:30 PM,3:00 PM,CPH 1346,,,,,,,,,,,,,,,,,,,,,,,,,,,,,
AFM 475,001,Wednesday,"April 13, 2016",9:00 AM,11:30 AM,MC 4064,,,,,,,,,,,,,,,,,,,,,,,,,,,,,
AFM 476,001,Tuesday,"April 12, 2016",12:30 PM,3:00 PM,CPH 1346,,,,,,,,,,,,,,,,,,,,,,,,,,,,,
AFM 491,"001,002",Monday,"April 18, 2016",9:00 AM,11:30 AM,PAC 12,,,,,,,,,,,,,,,,,,,,,,,,,,,,,
AHS 150,081 Online,See https://uwaterloo.ca/quest/help/students/how-do-i/online-exam-schedule,,,,,,,,,,,,,,,,,,,,,,,,,,,,,,,,,
AMATH 231,001,Monday,"April 11, 2016",9:00 AM,11:30 AM,MC 4045,,,,,,,,,,,,,,,,,,,,,,,,,,,,,
AMATH 242,001,Friday,"April 22, 2016",9:00 AM,11:30 AM,"PAC 11,12",,,,,,,,,,,,,,,,,,,,,,,,,,,,,
AMATH 250,"001,002",Thursday,"April 21, 2016",7:30 PM,10:00 PM,"PAC 1,2",,,,,,,,,,,,,,,,,,,,,,,,,,,,,
AMATH 331,001,Wednesday,"April 20, 2016",4:00 PM,6:30 PM,MC 4059,,,,,,,,,,,,,,,,,,,,,,,,,,,,,
AMATH 332,001,Friday,"April 8, 2016",12:30 PM,3:00 PM,"PAC 9,10",,,,,,,,,,,,,,,,,,,,,,,,,,,,,
AMATH 342,001,Friday,"April 15, 2016",9:00 AM,11:30 AM,MC 4042,,,,,,,,,,,,,,,,,,,,,,,,,,,,,
AMATH 350,001,Tuesday,"April 12, 2016",7:30 PM,10:00 PM,"MC 4059,4061",,,,,,,,,,,,,,,,,,,,,,,,,,,,,
AMATH 353,001,Saturday,"April 16, 2016",9:00 AM,11:30 AM,PAC 6,,,,,,,,,,,,,,,,,,,,,,,,,,,,,
AMATH 361,001,Tuesday,"April 12, 2016",9:00 AM,11:30 AM,MC 4058,,,,,,,,,,,,,,,,,,,,,,,,,,,,,
AMATH 373,001,Wednesday,"April 13, 2016",9:00 AM,11:30 AM,MC 4040,,,,,,,,,,,,,,,,,,,,,,,,,,,,,
AMATH 451,001,Wednesday,"April 20, 2016",9:00 AM,11:30 AM,RCH 207,,,,,,,,,,,,,,,,,,,,,,,,,,,,,
AMATH 455,001,Wednesday,"April 13, 2016",4:00 PM,6:30 PM,MC 4040,,,,,,,,,,,,,,,,,,,,,,,,,,,,,
AMATH 475,001,Wednesday,"April 20, 2016",4:00 PM,6:30 PM,MC 4061,,,,,,,,,,,,,,,,,,,,,,,,,,,,,
AMATH 655,001,Wednesday,"April 13, 2016",4:00 PM,6:30 PM,MC 4040,,,,,,,,,,,,,,,,,,,,,,,,,,,,,
AMATH 675,001,Wednesday,"April 20, 2016",4:00 PM,6:30 PM,MC 4061,,,,,,,,,,,,,,,,,,,,,,,,,,,,,
ANTH 100,001,Thursday,"April 21, 2016",4:00 PM,6:30 PM,DC 1350,,,,,,,,,,,,,,,,,,,,,,,,,,,,,
ANTH 201,001,Tuesday,"April 12, 2016",9:00 AM,11:30 AM,PAS 2083,,,,,,,,,,,,,,,,,,,,,,,,,,,,,
ANTH 202,001,Friday,"April 22, 2016",7:30 PM,10:00 PM,AL 105,,,,,,,,,,,,,,,,,,,,,,,,,,,,,
ANTH 321,001,Tuesday,"April 12, 2016",9:00 AM,11:30 AM,EV3 4412,,,,,,,,,,,,,,,,,,,,,,,,,,,,,
ANTH 348,001,Tuesday,"April 19, 2016",9:00 AM,11:30 AM,AL 105,,,,,,,,,,,,,,,,,,,,,,,,,,,,,
ARBUS 102,"001,002",Tuesday,"April 19, 2016",12:30 PM,3:00 PM,"PAC 4,5,6,7,8",,,,,,,,,,,,,,,,,,,,,,,,,,,,,
ARBUS 202,001,Thursday,"April 14, 2016",4:00 PM,6:30 PM,"PAC 4,5",,,,,,,,,,,,,,,,,,,,,,,,,,,,,
ARBUS 202,002,Thursday,"April 14, 2016",4:00 PM,6:30 PM,"PAC 11,12",,,,,,,,,,,,,,,,,,,,,,,,,,,,,
ARBUS 202,003,Thursday,"April 14, 2016",4:00 PM,6:30 PM,PAC 7,,,,,,,,,,,,,,,,,,,,,,,,,,,,,
ARBUS 300,"001,002",Wednesday,"April 20, 2016",9:00 AM,11:30 AM,DC 1350,,,,,,,,,,,,,,,,,,,,,,,,,,,,,
ARBUS 301,"001,002",Thursday,"April 14, 2016",9:00 AM,11:30 AM,DC 1350,,,,,,,,,,,,,,,,,,,,,,,,,,,,,
ARTS 280,001,Friday,"April 22, 2016",9:00 AM,10:30 AM,RCH 301,,,,,,,,,,,,,,,,,,,,,,,,,,,,,
BIOL 101,001,Saturday,"April 9, 2016",12:30 PM,3:00 PM,MC 4042,,,,,,,,,,,,,,,,,,,,,,,,,,,,,
BIOL 120,001,Tuesday,"April 19, 2016",12:30 PM,3:00 PM,"PAC 1,2,3",,,,,,,,,,,,,,,,,,,,,,,,,,,,,
BIOL 130,001,Monday,"April 18, 2016",12:30 PM,3:00 PM,"PAC 9,10,11,12",,,,,,,,,,,,,,,,,,,,,,,,,,,,,
BIOL 165,001,Wednesday,"April 20, 2016",4:00 PM,6:30 PM,"PAC 4,5,6",,,,,,,,,,,,,,,,,,,,,,,,,,,,,
BIOL 211,001,Monday,"April 11, 2016",9:00 AM,11:30 AM,"MC 4059,4060,4061",,,,,,,,,,,,,,,,,,,,,,,,,,,,,
BIOL 239,"001,002",Thursday,"April 14, 2016",12:30 PM,3:00 PM,"PAC 1,2,3,4,5,6,7,8,9",,,,,,,,,,,,,,,,,,,,,,,,,,,,,
BIOL 241,001,Saturday,"April 16, 2016",9:00 AM,11:30 AM,"PAC 1,2,3",,,,,,,,,,,,,,,,,,,,,,,,,,,,,
BIOL 273,"001,002",Monday,"April 18, 2016",12:30 PM,3:00 PM,"PAC 1,2,3,4,5,6,7,8",,,,,,,,,,,,,,,,,,,,,,,,,,,,,
BIOL 273L,001 to 009,Tuesday,"April 19, 2016",4:00 PM,5:00 PM,"DC 1350,1351",,,,,,,,,,,,,,,,,,,,,,,,,,,,,
BIOL 280,001,Monday,"April 11, 2016",7:30 PM,10:00 PM,MC 4045,,,,,,,,,,,,,,,,,,,,,,,,,,,,,
BIOL 302,001,Thursday,"April 21, 2016",12:30 PM,3:00 PM,"DC 1350,1351, MC 1085",,,,,,,,,,,,,,,,,,,,,,,,,,,,,
BIOL 331,001,Wednesday,"April 20, 2016",7:30 PM,10:00 PM,"PAC 1,2,3",,,,,,,,,,,,,,,,,,,,,,,,,,,,,
BIOL 335L,"001,002",Friday,"April 22, 2016",12:30 PM,3:00 PM,MC 4059,,,,,,,,,,,,,,,,,,,,,,,,,,,,,
BIOL 341,001,Friday,"April 22, 2016",9:00 AM,11:30 AM,"PAC 1,2,3",,,,,,,,,,,,,,,,,,,,,,,,,,,,,
BIOL 346,001,Monday,"April 18, 2016",12:30 PM,3:00 PM,MC 4020,,,,,,,,,,,,,,,,,,,,,,,,,,,,,
BIOL 351,001,Wednesday,"April 13, 2016",9:00 AM,11:30 AM,"MC 4020,4021",,,,,,,,,,,,,,,,,,,,,,,,,,,,,
BIOL 359,001,Friday,"April 8, 2016",7:30 PM,10:00 PM,"PAC 4,5,6,7",,,,,,,,,,,,,,,,,,,,,,,,,,,,,
BIOL 360,001,Thursday,"April 14, 2016",7:30 PM,10:00 PM,"PAC 6,7,8",,,,,,,,,,,,,,,,,,,,,,,,,,,,,
BIOL 361,001,Tuesday,"April 19, 2016",7:30 PM,10:00 PM,"PAC 7,8",,,,,,,,,,,,,,,,,,,,,,,,,,,,,
BIOL 365,001,Tuesday,"April 12, 2016",9:00 AM,11:30 AM,"MC 2017,2054",,,,,,,,,,,,,,,,,,,,,,,,,,,,,
BIOL 371,001,Friday,"April 15, 2016",4:00 PM,6:30 PM,MC 2038,,,,,,,,,,,,,,,,,,,,,,,,,,,,,
BIOL 373,001,Monday,"April 18, 2016",9:00 AM,11:30 AM,"PAC 1,2,3,4,5,6",,,,,,,,,,,,,,,,,,,,,,,,,,,,,
BIOL 373L,001 to 007,Friday,"April 22, 2016",4:00 PM,5:00 PM,"DC 1350,1351",,,,,,,,,,,,,,,,,,,,,,,,,,,,,
BIOL 383,001,Monday,"April 11, 2016",12:30 PM,3:00 PM,RCH 301,,,,,,,,,,,,,,,,,,,,,,,,,,,,,
BIOL 428,001,Friday,"April 8, 2016",12:30 PM,3:00 PM,B2 350,,,,,,,,,,,,,,,,,,,,,,,,,,,,,
BIOL 431,001,Monday,"April 11, 2016",12:30 PM,3:00 PM,"PAC 11,12",,,,,,,,,,,,,,,,,,,,,,,,,,,,,
BIOL 432,001,Friday,"April 15, 2016",4:00 PM,6:30 PM,"MC 2034,2035",,,,,,,,,,,,,,,,,,,,,,,,,,,,,
BIOL 442,001,Tuesday,"April 12, 2016",7:30 PM,10:00 PM,MC 4045,,,,,,,,,,,,,,,,,,,,,,,,,,,,,
BIOL 449,001,Saturday,"April 16, 2016",7:30 PM,10:00 PM,DC 1350,,,,,,,,,,,,,,,,,,,,,,,,,,,,,
BIOL 450,001,Friday,"April 8, 2016",7:30 PM,10:00 PM,"PAC 11,12",,,,,,,,,,,,,,,,,,,,,,,,,,,,,
BIOL 457,001,Thursday,"April 14, 2016",12:30 PM,3:00 PM,PAC 10,,,,,,,,,,,,,,,,,,,,,,,,,,,,,
BIOL 467,001,Friday,"April 22, 2016",9:00 AM,11:30 AM,MC 4041,,,,,,,,,,,,,,,,,,,,,,,,,,,,,
BIOL 477L,001,Exam removed from the schedule. Contact instructor for further information.,,,,,,,,,,,,,,,,,,,,,,,,,,,,,,,,,
BIOL 484,001,Wednesday,"April 13, 2016",7:30 PM,10:00 PM,MC 4059,,,,,,,,,,,,,,,,,,,,,,,,,,,,,
BME 122,001,Friday,"April 15, 2016",4:00 PM,6:30 PM,M3 1006,,,,,,,,,,,,,,,,,,,,,,,,,,,,,
BME 182,001,Tuesday,"April 12, 2016",9:00 AM,11:30 AM,DWE 1501,,,,,,,,,,,,,,,,,,,,,,,,,,,,,
BME 184,001,Monday,"April 11, 2016",12:30 PM,3:00 PM,DWE 1501,,,,,,,,,,,,,,,,,,,,,,,,,,,,,
BUS 111W,,See http://legacy.wlu.ca/page.php?grp_id=1366&p=14566,,,,WLU,,,,,,,,,,,,,,,,,,,,,,,,,,,,,
BUS 121W,,Saturday,"April 9, 2016",12:30 PM,3:00 PM,"PAC 4,5,6,7",,,,,,,,,,,,,,,,,,,,,,,,,,,,,
BUS 127W,,See http://legacy.wlu.ca/page.php?grp_id=1366&p=14566,,,,WLU,,,,,,,,,,,,,,,,,,,,,,,,,,,,,
BUS 231W,,See http://legacy.wlu.ca/page.php?grp_id=1366&p=14566,,,,WLU,,,,,,,,,,,,,,,,,,,,,,,,,,,,,
BUS 247W,,See http://legacy.wlu.ca/page.php?grp_id=1366&p=14566,,,,WLU,,,,,,,,,,,,,,,,,,,,,,,,,,,,,
BUS 283W,,See http://legacy.wlu.ca/page.php?grp_id=1366&p=14566,,,,WLU,,,,,,,,,,,,,,,,,,,,,,,,,,,,,
BUS 352W,,See http://legacy.wlu.ca/page.php?grp_id=1366&p=14566,,,,WLU,,,,,,,,,,,,,,,,,,,,,,,,,,,,,
BUS 353W,,See http://legacy.wlu.ca/page.php?grp_id=1366&p=14566,,,,WLU,,,,,,,,,,,,,,,,,,,,,,,,,,,,,
BUS 354W,,See http://legacy.wlu.ca/page.php?grp_id=1366&p=14566,,,,WLU,,,,,,,,,,,,,,,,,,,,,,,,,,,,,
BUS 357W,,See http://legacy.wlu.ca/page.php?grp_id=1366&p=14566,,,,WLU,,,,,,,,,,,,,,,,,,,,,,,,,,,,,
BUS 362W,,See http://legacy.wlu.ca/page.php?grp_id=1366&p=14566,,,,WLU,,,,,,,,,,,,,,,,,,,,,,,,,,,,,
BUS 385W,,See http://legacy.wlu.ca/page.php?grp_id=1366&p=14566,,,,WLU,,,,,,,,,,,,,,,,,,,,,,,,,,,,,
BUS 387W,,See http://legacy.wlu.ca/page.php?grp_id=1366&p=14566,,,,WLU,,,,,,,,,,,,,,,,,,,,,,,,,,,,,
BUS 393W,,See http://legacy.wlu.ca/page.php?grp_id=1366&p=14566,,,,WLU,,,,,,,,,,,,,,,,,,,,,,,,,,,,,
BUS 395W,,See http://legacy.wlu.ca/page.php?grp_id=1366&p=14566,,,,WLU,,,,,,,,,,,,,,,,,,,,,,,,,,,,,
BUS 397W,,See http://legacy.wlu.ca/page.php?grp_id=1366&p=14566,,,,WLU,,,,,,,,,,,,,,,,,,,,,,,,,,,,,
BUS 398W,,See http://legacy.wlu.ca/page.php?grp_id=1366&p=14566,,,,WLU,,,,,,,,,,,,,,,,,,,,,,,,,,,,,
BUS 403W,,See http://legacy.wlu.ca/page.php?grp_id=1366&p=14566,,,,WLU,,,,,,,,,,,,,,,,,,,,,,,,,,,,,
BUS 405W,,See http://legacy.wlu.ca/page.php?grp_id=1366&p=14566,,,,WLU,,,,,,,,,,,,,,,,,,,,,,,,,,,,,
BUS 411W,,See http://legacy.wlu.ca/page.php?grp_id=1366&p=14566,,,,WLU,,,,,,,,,,,,,,,,,,,,,,,,,,,,,
BUS 413W,,See http://legacy.wlu.ca/page.php?grp_id=1366&p=14566,,,,WLU,,,,,,,,,,,,,,,,,,,,,,,,,,,,,
BUS 418W,,See http://legacy.wlu.ca/page.php?grp_id=1366&p=14566,,,,WLU,,,,,,,,,,,,,,,,,,,,,,,,,,,,,
BUS 423W,,See http://legacy.wlu.ca/page.php?grp_id=1366&p=14566,,,,WLU,,,,,,,,,,,,,,,,,,,,,,,,,,,,,
BUS 429W,,See http://legacy.wlu.ca/page.php?grp_id=1366&p=14566,,,,WLU,,,,,,,,,,,,,,,,,,,,,,,,,,,,,
BUS 433W,,See http://legacy.wlu.ca/page.php?grp_id=1366&p=14566,,,,WLU,,,,,,,,,,,,,,,,,,,,,,,,,,,,,
BUS 435W,,See http://legacy.wlu.ca/page.php?grp_id=1366&p=14566,,,,WLU,,,,,,,,,,,,,,,,,,,,,,,,,,,,,
BUS 443W,,See http://legacy.wlu.ca/page.php?grp_id=1366&p=14566,,,,WLU,,,,,,,,,,,,,,,,,,,,,,,,,,,,,
BUS 449W,,See http://legacy.wlu.ca/page.php?grp_id=1366&p=14566,,,,WLU,,,,,,,,,,,,,,,,,,,,,,,,,,,,,
BUS 451W,,See http://legacy.wlu.ca/page.php?grp_id=1366&p=14566,,,,WLU,,,,,,,,,,,,,,,,,,,,,,,,,,,,,
BUS 453W,,See http://legacy.wlu.ca/page.php?grp_id=1366&p=14566,,,,WLU,,,,,,,,,,,,,,,,,,,,,,,,,,,,,
BUS 455W,,See http://legacy.wlu.ca/page.php?grp_id=1366&p=14566,,,,WLU,,,,,,,,,,,,,,,,,,,,,,,,,,,,,
BUS 460W,,See http://legacy.wlu.ca/page.php?grp_id=1366&p=14566,,,,WLU,,,,,,,,,,,,,,,,,,,,,,,,,,,,,
BUS 461UW,,See http://legacy.wlu.ca/page.php?grp_id=1366&p=14566,,,,WLU,,,,,,,,,,,,,,,,,,,,,,,,,,,,,
BUS 462W,,See http://legacy.wlu.ca/page.php?grp_id=1366&p=14566,,,,WLU,,,,,,,,,,,,,,,,,,,,,,,,,,,,,
BUS 466W,,See http://legacy.wlu.ca/page.php?grp_id=1366&p=14566,,,,WLU,,,,,,,,,,,,,,,,,,,,,,,,,,,,,
BUS 467W,,See http://legacy.wlu.ca/page.php?grp_id=1366&p=14566,,,,WLU,,,,,,,,,,,,,,,,,,,,,,,,,,,,,
BUS 473W,,See http://legacy.wlu.ca/page.php?grp_id=1366&p=14566,,,,WLU,,,,,,,,,,,,,,,,,,,,,,,,,,,,,
BUS 477W,,See http://legacy.wlu.ca/page.php?grp_id=1366&p=14566,,,,WLU,,,,,,,,,,,,,,,,,,,,,,,,,,,,,
BUS 481W,,See http://legacy.wlu.ca/page.php?grp_id=1366&p=14566,,,,WLU,,,,,,,,,,,,,,,,,,,,,,,,,,,,,
BUS 483W,,See http://legacy.wlu.ca/page.php?grp_id=1366&p=14566,,,,WLU,,,,,,,,,,,,,,,,,,,,,,,,,,,,,
BUS 486W,,See http://legacy.wlu.ca/page.php?grp_id=1366&p=14566,,,,WLU,,,,,,,,,,,,,,,,,,,,,,,,,,,,,
BUS 487W,,See http://legacy.wlu.ca/page.php?grp_id=1366&p=14566,,,,WLU,,,,,,,,,,,,,,,,,,,,,,,,,,,,,
BUS 495QW,,See http://legacy.wlu.ca/page.php?grp_id=1366&p=14566,,,,WLU,,,,,,,,,,,,,,,,,,,,,,,,,,,,,
BUS 498SW,,See http://legacy.wlu.ca/page.php?grp_id=1366&p=14566,,,,WLU,,,,,,,,,,,,,,,,,,,,,,,,,,,,,
CHE 101,001,Wednesday,"April 20, 2016",4:00 PM,6:30 PM,DC 1350,,,,,,,,,,,,,,,,,,,,,,,,,,,,,
CHE 121,001,Wednesday,"April 13, 2016",12:30 PM,3:00 PM,"PAC 9,10",,,,,,,,,,,,,,,,,,,,,,,,,,,,,
CHE 161,001,Monday,"April 18, 2016",9:00 AM,11:30 AM,MC 1085,,,,,,,,,,,,,,,,,,,,,,,,,,,,,
CHE 200,001,Saturday,"April 16, 2016",12:30 PM,3:00 PM,"PAC 9,10",,,,,,,,,,,,,,,,,,,,,,,,,,,,,
CHE 220,001,Thursday,"April 14, 2016",12:30 PM,3:00 PM,PAC 11,,,,,,,,,,,,,,,,,,,,,,,,,,,,,
CHE 230,001,Tuesday,"April 12, 2016",4:00 PM,6:30 PM,PAC 5,,,,,,,,,,,,,,,,,,,,,,,,,,,,,
CHE 312,001,Friday,"April 22, 2016",12:30 PM,3:00 PM,MC 1085,,,,,,,,,,,,,,,,,,,,,,,,,,,,,
CHE 313,001,Monday,"April 18, 2016",9:00 AM,11:30 AM,"E6 2024,4022",,,,,,,,,,,,,,,,,,,,,,,,,,,,,
CHE 314,001,Wednesday,"April 13, 2016",12:30 PM,3:00 PM,"MC 4059,4061",,,,,,,,,,,,,,,,,,,,,,,,,,,,,
CHE 322,001,Tuesday,"April 19, 2016",9:00 AM,11:30 AM,DC 1350,,,,,,,,,,,,,,,,,,,,,,,,,,,,,
CHE 330,001,Monday,"April 18, 2016",9:00 AM,11:30 AM,RCH 301,,,,,,,,,,,,,,,,,,,,,,,,,,,,,
CHE 331,001,Wednesday,"April 20, 2016",12:30 PM,3:00 PM,"E6 2024,4022",,,,,,,,,,,,,,,,,,,,,,,,,,,,,
CHE 425,001,Exam removed from the schedule. Contact instructor for further information.,,,,,,,,,,,,,,,,,,,,,,,,,,,,,,,,,
CHE 514,001,Monday,"April 11, 2016",7:30 PM,10:00 PM,"PAC 9,10",,,,,,,,,,,,,,,,,,,,,,,,,,,,,
CHE 522,001,Thursday,"April 21, 2016",9:00 AM,11:30 AM,E6 2024,,,,,,,,,,,,,,,,,,,,,,,,,,,,,
CHE 543,001,Tuesday,"April 12, 2016",4:00 PM,6:30 PM,E6 4022,,,,,,,,,,,,,,,,,,,,,,,,,,,,,
CHE 562,001,Wednesday,"April 13, 2016",12:30 PM,3:00 PM,E6 4022,,,,,,,,,,,,,,,,,,,,,,,,,,,,,
CHE 564,001,Monday,"April 18, 2016",7:30 PM,10:00 PM,E6 2024,,,,,,,,,,,,,,,,,,,,,,,,,,,,,
CHE 571,001,Thursday,"April 21, 2016",4:00 PM,6:30 PM,E6 4022,,,,,,,,,,,,,,,,,,,,,,,,,,,,,
CHE 572,001,Thursday,"April 21, 2016",7:30 PM,10:00 PM,PAC 3,,,,,,,,,,,,,,,,,,,,,,,,,,,,,
CHE 574,001,Monday,"April 11, 2016",9:00 AM,11:30 AM,"MC 2017,2054",,,,,,,,,,,,,,,,,,,,,,,,,,,,,
CHE 614,001,Monday,"April 11, 2016",7:30 PM,10:00 PM,"PAC 9,10",,,,,,,,,,,,,,,,,,,,,,,,,,,,,
CHE 622,001,Exam removed from the schedule. Contact instructor for further information.,,,,,,,,,,,,,,,,,,,,,,,,,,,,,,,,,
CHE 624,001,Thursday,"April 21, 2016",9:00 AM,11:30 AM,E6 2024,,,,,,,,,,,,,,,,,,,,,,,,,,,,,
CHE 672,001,Thursday,"April 21, 2016",7:30 PM,10:00 PM,PAC 3,,,,,,,,,,,,,,,,,,,,,,,,,,,,,
CHE 674,001,Monday,"April 11, 2016",9:00 AM,11:30 AM,"MC 2017,2054",,,,,,,,,,,,,,,,,,,,,,,,,,,,,
CHEM 120,001,Saturday,"April 23, 2016",9:00 AM,11:30 AM,"PAC 1,2",,,,,,,,,,,,,,,,,,,,,,,,,,,,,
CHEM 123,001 to 004,Tuesday,"April 12, 2016",9:00 AM,11:30 AM,"PAC 1,2,3,4,5,6,7,8,9,10,11,12
MC 4059,4060,4061",,,,,,,,,,,,,,,,,,,,,,,,,,,,,
CHEM 123L,001 to 014,Tuesday,"April 12, 2016",7:30 PM,9:30 PM,"PAC 1,2,3,4,5,6,7,8,9,10,11,12
DC 1350",,,,,,,,,,,,,,,,,,,,,,,,,,,,,
CHEM 212,001,Monday,"April 11, 2016",7:30 PM,10:00 PM,"MC 2017,2054",,,,,,,,,,,,,,,,,,,,,,,,,,,,,
CHEM 221,001,Exam removed from the schedule. Contact instructor for further information.,,,,,,,,,,,,,,,,,,,,,,,,,,,,,,,,,
CHEM 233,001,Saturday,"April 9, 2016",12:30 PM,3:00 PM,PAC 11,,,,,,,,,,,,,,,,,,,,,,,,,,,,,
CHEM 237,001,Saturday,"April 23, 2016",9:00 AM,11:30 AM,"PAC 4,5,6",,,,,,,,,,,,,,,,,,,,,,,,,,,,,
CHEM 237L,001 to 003,Saturday,"April 23, 2016",4:00 PM,6:00 PM,"PAC 11,12",,,,,,,,,,,,,,,,,,,,,,,,,,,,,
CHEM 254,001,Thursday,"April 14, 2016",4:00 PM,6:30 PM,PAC 6,,,,,,,,,,,,,,,,,,,,,,,,,,,,,
CHEM 262,001,Friday,"April 8, 2016",9:00 AM,11:30 AM,"DWE 2527,2529",,,,,,,,,,,,,,,,,,,,,,,,,,,,,
CHEM 265,001,Thursday,"April 21, 2016",4:00 PM,6:30 PM,MC 4061,,,,,,,,,,,,,,,,,,,,,,,,,,,,,
CHEM 267,"001,002",Tuesday,"April 12, 2016",4:00 PM,6:30 PM,"PAC 1,2,3",,,,,,,,,,,,,,,,,,,,,,,,,,,,,
CHEM 313,001,Tuesday,"April 19, 2016",4:00 PM,6:30 PM,PAC 2,,,,,,,,,,,,,,,,,,,,,,,,,,,,,
CHEM 350,001,Saturday,"April 16, 2016",4:00 PM,6:30 PM,"RCH 103,105",,,,,,,,,,,,,,,,,,,,,,,,,,,,,
CHEM 357,001,Thursday,"April 14, 2016",9:00 AM,11:30 AM,"PAC 11,12",,,,,,,,,,,,,,,,,,,,,,,,,,,,,
CHEM 360,001,Tuesday,"April 12, 2016",7:30 PM,10:00 PM,DC 1351,,,,,,,,,,,,,,,,,,,,,,,,,,,,,
CHEM 360L,001 to 003,Tuesday,"April 12, 2016",9:00 AM,11:00 AM,DC 1350,,,,,,,,,,,,,,,,,,,,,,,,,,,,,
CHEM 381,001,Saturday,"April 9, 2016",7:30 PM,10:00 PM,MC 4040,,,,,,,,,,,,,,,,,,,,,,,,,,,,,
CHEM 410,001,Thursday,"April 21, 2016",9:00 AM,11:30 AM,MC 4020,,,,,,,,,,,,,,,,,,,,,,,,,,,,,
CHEM 420,001,Wednesday,"April 13, 2016",12:30 PM,3:00 PM,RCH 204,,,,,,,,,,,,,,,,,,,,,,,,,,,,,
CHEM 433,001,Saturday,"April 16, 2016",12:30 PM,3:00 PM,PAC 11,,,,,,,,,,,,,,,,,,,,,,,,,,,,,
CHEM 450,001,Monday,"April 18, 2016",12:30 PM,2:30 PM,RCH 204,,,,,,,,,,,,,,,,,,,,,,,,,,,,,
CHEM 460,001,Exam removed from the schedule. Contact instructor for further information.,,,,,,,,,,,,,,,,,,,,,,,,,,,,,,,,,
CHEM 470,001,Wednesday,"April 13, 2016",4:00 PM,6:30 PM,RCH 204,,,,,,,,,,,,,,,,,,,,,,,,,,,,,
CHEM 713,001,Thursday,"April 21, 2016",9:00 AM,11:30 AM,MC 4020,,,,,,,,,,,,,,,,,,,,,,,,,,,,,
CHEM 740,001,Monday,"April 18, 2016",9:00 AM,11:30 AM,RCH 205,,,,,,,,,,,,,,,,,,,,,,,,,,,,,
CHEM 750,001,Monday,"April 18, 2016",12:30 PM,2:30 PM,RCH 204,,,,,,,,,,,,,,,,,,,,,,,,,,,,,
CHEM 773,002,Wednesday,"April 13, 2016",4:00 PM,6:30 PM,RCH 204,,,,,,,,,,,,,,,,,,,,,,,,,,,,,
CHINA 101R,"001,002",Friday,"April 22, 2016",7:30 PM,10:00 PM,REN 2106,,,,,,,,,,,,,,,,,,,,,,,,,,,,,
CHINA 102R,001,Monday,"April 11, 2016",12:30 PM,3:00 PM,REN 2107,,,,,,,,,,,,,,,,,,,,,,,,,,,,,
CHINA 120R,001,Saturday,"April 9, 2016",7:30 PM,10:00 PM,REN 2102,,,,,,,,,,,,,,,,,,,,,,,,,,,,,
CHINA 201R,001,Thursday,"April 21, 2016",7:30 PM,10:00 PM,REN 2107,,,,,,,,,,,,,,,,,,,,,,,,,,,,,
CHINA 202R,001,Tuesday,"April 19, 2016",7:30 PM,10:00 PM,REN 2102,,,,,,,,,,,,,,,,,,,,,,,,,,,,,
CHINA 272R,001,Friday,"April 22, 2016",9:00 AM,11:30 AM,REN 2106,,,,,,,,,,,,,,,,,,,,,,,,,,,,,
CHINA 310R,001,Friday,"April 8, 2016",9:00 AM,11:30 AM,REN 1922,,,,,,,,,,,,,,,,,,,,,,,,,,,,,
CIVE 105,001,Wednesday,"April 13, 2016",12:30 PM,3:00 PM,"PAC 11,12",,,,,,,,,,,,,,,,,,,,,,,,,,,,,
CIVE 121,001,Tuesday,"April 19, 2016",12:30 PM,3:00 PM,M3 1006,,,,,,,,,,,,,,,,,,,,,,,,,,,,,
CIVE 303,001,Monday,"April 11, 2016",9:00 AM,11:30 AM,"CPH 3602,3604,3607",,,,,,,,,,,,,,,,,,,,,,,,,,,,,
CIVE 331,001,Friday,"April 8, 2016",9:00 AM,11:30 AM,"CPH 3602,3604,3607",,,,,,,,,,,,,,,,,,,,,,,,,,,,,
CIVE 342,001,Tuesday,"April 19, 2016",9:00 AM,11:30 AM,"RCH 301,302",,,,,,,,,,,,,,,,,,,,,,,,,,,,,
CIVE 353,001,Friday,"April 15, 2016",4:00 PM,6:30 PM,"RCH 301,302",,,,,,,,,,,,,,,,,,,,,,,,,,,,,
CIVE 375,001,Wednesday,"April 13, 2016",9:00 AM,11:30 AM,"CPH 3602,3604,3607",,,,,,,,,,,,,,,,,,,,,,,,,,,,,
CIVE 381,001,Saturday,"April 16, 2016",7:30 PM,10:00 PM,CPH 3607,,,,,,,,,,,,,,,,,,,,,,,,,,,,,
CIVE 415,001,Monday,"April 11, 2016",9:00 AM,11:30 AM,RCH 302,,,,,,,,,,,,,,,,,,,,,,,,,,,,,
CIVE 422,001,Friday,"April 15, 2016",7:30 PM,10:00 PM,CPH 3607,,,,,,,,,,,,,,,,,,,,,,,,,,,,,
CIVE 440,001,Saturday,"April 9, 2016",12:30 PM,3:00 PM,CPH 3607,,,,,,,,,,,,,,,,,,,,,,,,,,,,,
CIVE 460,001,Friday,"April 15, 2016",9:00 AM,11:30 AM,"CPH 3602,3679",,,,,,,,,,,,,,,,,,,,,,,,,,,,,
CIVE 497,001,Thursday,"April 14, 2016",9:00 AM,11:30 AM,"E5 3101,3102",,,,,,,,,,,,,,,,,,,,,,,,,,,,,
CIVE 505,001,Saturday,"April 9, 2016",4:00 PM,6:30 PM,DWE 2527,,,,,,,,,,,,,,,,,,,,,,,,,,,,,
CIVE 507,001,Friday,"April 8, 2016",9:00 AM,11:30 AM,"MC 4020,4021",,,,,,,,,,,,,,,,,,,,,,,,,,,,,
CIVE 542,001,Tuesday,"April 12, 2016",7:30 PM,10:00 PM,CPH 3607,,,,,,,,,,,,,,,,,,,,,,,,,,,,,
CIVE 554,001,Friday,"April 8, 2016",7:30 PM,10:00 PM,CPH 3604,,,,,,,,,,,,,,,,,,,,,,,,,,,,,
CIVE 583,001,Monday,"April 18, 2016",12:30 PM,3:00 PM,CPH 3604,,,,,,,,,,,,,,,,,,,,,,,,,,,,,
CIVE 596,001,Tuesday,"April 12, 2016",9:00 AM,11:30 AM,"RCH 103,105",,,,,,,,,,,,,,,,,,,,,,,,,,,,,
CLAS 104,001,Friday,"April 22, 2016",12:30 PM,2:30 PM,"PAC 1,2,3,4,5,6,7",,,,,,,,,,,,,,,,,,,,,,,,,,,,,
CLAS 201,001,Wednesday,"April 20, 2016",12:30 PM,2:30 PM,"DC 1350,1351",,,,,,,,,,,,,,,,,,,,,,,,,,,,,
CLAS 221,001,Tuesday,"April 12, 2016",9:00 AM,11:30 AM,PAS 2083,,,,,,,,,,,,,,,,,,,,,,,,,,,,,
CLAS 241,001,Monday,"April 11, 2016",12:30 PM,2:30 PM,MC 4040,,,,,,,,,,,,,,,,,,,,,,,,,,,,,
CLAS 321,001,Tuesday,"April 12, 2016",9:00 AM,11:30 AM,EV3 4412,,,,,,,,,,,,,,,,,,,,,,,,,,,,,
CLAS 361,081 Online,See https://uwaterloo.ca/quest/help/students/how-do-i/online-exam-schedule,,,,,,,,,,,,,,,,,,,,,,,,,,,,,,,,,
CM 730,001,Tuesday,"April 12, 2016",4:00 PM,6:30 PM,MC 4040,,,,,,,,,,,,,,,,,,,,,,,,,,,,,
CM 761,001,Saturday,"April 9, 2016",12:30 PM,3:00 PM,PAC 3,,,,,,,,,,,,,,,,,,,,,,,,,,,,,
CM 764,001,Friday,"April 8, 2016",9:00 AM,11:30 AM,RCH 103,,,,,,,,,,,,,,,,,,,,,,,,,,,,,
CO 227,001,Wednesday,"April 20, 2016",9:00 AM,11:30 AM,RCH 211,,,,,,,,,,,,,,,,,,,,,,,,,,,,,
CO 250,"001,002",Tuesday,"April 19, 2016",4:00 PM,6:30 PM,"PAC 4,5",,,,,,,,,,,,,,,,,,,,,,,,,,,,,
CO 250,081 Online,See https://uwaterloo.ca/quest/help/students/how-do-i/online-exam-schedule,,,,,,,,,,,,,,,,,,,,,,,,,,,,,,,,,
CO 255,001,Friday,"April 8, 2016",12:30 PM,3:00 PM,RCH 207,,,,,,,,,,,,,,,,,,,,,,,,,,,,,
CO 327,001,Monday,"April 18, 2016",9:00 AM,11:30 AM,MC 4064,,,,,,,,,,,,,,,,,,,,,,,,,,,,,
CO 331,001,Saturday,"April 23, 2016",4:00 PM,6:30 PM,PAC 2,,,,,,,,,,,,,,,,,,,,,,,,,,,,,
CO 353,001,Tuesday,"April 12, 2016",9:00 AM,11:30 AM,MC 4020,,,,,,,,,,,,,,,,,,,,,,,,,,,,,
CO 367,001,Monday,"April 18, 2016",9:00 AM,11:30 AM,MC 4063,,,,,,,,,,,,,,,,,,,,,,,,,,,,,
CO 370,001,Wednesday,"April 20, 2016",12:30 PM,3:00 PM,"PAC 11,12",,,,,,,,,,,,,,,,,,,,,,,,,,,,,
CO 372,001,Friday,"April 15, 2016",7:30 PM,10:00 PM,PAC 1,,,,,,,,,,,,,,,,,,,,,,,,,,,,,
CO 481,001,Friday,"April 15, 2016",9:00 AM,11:30 AM,MC 4020,,,,,,,,,,,,,,,,,,,,,,,,,,,,,
CO 487,001,Thursday,"April 21, 2016",9:00 AM,11:30 AM,M3 1006,,,,,,,,,,,,,,,,,,,,,,,,,,,,,
CO 687,001,Thursday,"April 21, 2016",9:00 AM,11:30 AM,M3 1006,,,,,,,,,,,,,,,,,,,,,,,,,,,,,
COMM 231,001,Saturday,"April 23, 2016",12:30 PM,3:00 PM,PAC 4,,,,,,,,,,,,,,,,,,,,,,,,,,,,,
COMM 321,001,Friday,"April 15, 2016",9:00 AM,11:30 AM,MC 4040,,,,,,,,,,,,,,,,,,,,,,,,,,,,,
COMM 421,001,Thursday,"April 14, 2016",12:30 PM,3:00 PM,PAC 12,,,,,,,,,,,,,,,,,,,,,,,,,,,,,
COMM 432,001,Saturday,"April 9, 2016",7:30 PM,10:00 PM,MC 4042,,,,,,,,,,,,,,,,,,,,,,,,,,,,,
CROAT 102,081 Online,See https://uwaterloo.ca/quest/help/students/how-do-i/online-exam-schedule,,,,,,,,,,,,,,,,,,,,,,,,,,,,,,,,,
CS 100,081 Online,See https://uwaterloo.ca/quest/help/students/how-do-i/online-exam-schedule,,,,,,,,,,,,,,,,,,,,,,,,,,,,,,,,,
CS 115,001 to 004,Monday,"April 18, 2016",7:30 PM,10:00 PM,"PAC 1,2,3,8",,,,,,,,,,,,,,,,,,,,,,,,,,,,,
CS 116,001 to 010,Wednesday,"April 13, 2016",9:00 AM,11:30 AM,"PAC 1,2,3,4,5,6,7",,,,,,,,,,,,,,,,,,,,,,,,,,,,,
CS 116,011,Wednesday,"April 13, 2016",9:00 AM,11:30 AM,"PAC 11,12",,,,,,,,,,,,,,,,,,,,,,,,,,,,,
CS 135,001 to 003,Saturday,"April 16, 2016",4:00 PM,6:30 PM,"PAC 1,2,3",,,,,,,,,,,,,,,,,,,,,,,,,,,,,
CS 136,001 to 011,Wednesday,"April 13, 2016",12:30 PM,3:00 PM,"PAC 1,2,3,4,5,6,7,8",,,,,,,,,,,,,,,,,,,,,,,,,,,,,
CS 138,001,Wednesday,"April 20, 2016",4:00 PM,6:30 PM,"PAC 11,12",,,,,,,,,,,,,,,,,,,,,,,,,,,,,
CS 146,001,Wednesday,"April 20, 2016",4:00 PM,6:30 PM,PAC 7,,,,,,,,,,,,,,,,,,,,,,,,,,,,,
CS 230,001,Wednesday,"April 13, 2016",9:00 AM,11:30 AM,M3 1006,,,,,,,,,,,,,,,,,,,,,,,,,,,,,
CS 240,001 to 003,Wednesday,"April 13, 2016",9:00 AM,11:30 AM,"DC 1350,1351",,,,,,,,,,,,,,,,,,,,,,,,,,,,,
CS 240,004,Wednesday,"April 13, 2016",9:00 AM,11:30 AM,MC 2017,,,,,,,,,,,,,,,,,,,,,,,,,,,,,
CS 241,001 to 003,Monday,"April 18, 2016",9:00 AM,11:30 AM,"PAC 7,8,9,10",,,,,,,,,,,,,,,,,,,,,,,,,,,,,
CS 245,"001,002",Tuesday,"April 12, 2016",7:30 PM,10:00 PM,M3 1006,,,,,,,,,,,,,,,,,,,,,,,,,,,,,
CS 246,"001,002",Tuesday,"April 19, 2016",12:30 PM,3:00 PM,"DC 1350,1351",,,,,,,,,,,,,,,,,,,,,,,,,,,,,
CS 251,001 to 003,Monday,"April 11, 2016",12:30 PM,3:00 PM,"DC 1350,1351",,,,,,,,,,,,,,,,,,,,,,,,,,,,,
CS 330,"001,002",Monday,"April 18, 2016",9:00 AM,11:30 AM,M3 1006,,,,,,,,,,,,,,,,,,,,,,,,,,,,,
CS 338,001,Friday,"April 22, 2016",7:30 PM,10:00 PM,"PAC 4,5",,,,,,,,,,,,,,,,,,,,,,,,,,,,,
CS 341,001 to 004,Friday,"April 15, 2016",4:00 PM,6:30 PM,"PAC 4,5,6",,,,,,,,,,,,,,,,,,,,,,,,,,,,,
CS 343,001,Monday,"April 18, 2016",9:00 AM,11:30 AM,PAC 11,,,,,,,,,,,,,,,,,,,,,,,,,,,,,
CS 348,001,Tuesday,"April 12, 2016",4:00 PM,6:30 PM,PAC 4,,,,,,,,,,,,,,,,,,,,,,,,,,,,,
CS 349,001 to 004,Wednesday,"April 13, 2016",12:30 PM,3:00 PM,"DC 1350,1351",,,,,,,,,,,,,,,,,,,,,,,,,,,,,
CS 350,"001,002",Wednesday,"April 20, 2016",4:00 PM,6:30 PM,"PAC 1,2",,,,,,,,,,,,,,,,,,,,,,,,,,,,,
CS 360,001,Friday,"April 8, 2016",7:30 PM,10:00 PM,RCH 307,,,,,,,,,,,,,,,,,,,,,,,,,,,,,
CS 365,001,Friday,"April 15, 2016",9:00 AM,11:30 AM,MC 4041,,,,,,,,,,,,,,,,,,,,,,,,,,,,,
CS 370,"001,002",Friday,"April 8, 2016",12:30 PM,3:00 PM,"RCH 301,302",,,,,,,,,,,,,,,,,,,,,,,,,,,,,
CS 371,001,Friday,"April 22, 2016",9:00 AM,11:30 AM,"PAC 11,12",,,,,,,,,,,,,,,,,,,,,,,,,,,,,
CS 430,001,Friday,"April 15, 2016",7:30 PM,10:00 PM,PAC 2,,,,,,,,,,,,,,,,,,,,,,,,,,,,,
CS 436,001,Tuesday,"April 19, 2016",9:00 AM,11:30 AM,MC 1085,,,,,,,,,,,,,,,,,,,,,,,,,,,,,
CS 442,001,Saturday,"April 16, 2016",9:00 AM,11:30 AM,"PAC 9,10",,,,,,,,,,,,,,,,,,,,,,,,,,,,,
CS 444,001,Monday,"April 11, 2016",7:30 PM,10:00 PM,PAC 12,,,,,,,,,,,,,,,,,,,,,,,,,,,,,
CS 445,001,Saturday,"April 23, 2016",4:00 PM,6:30 PM,"PAC 9,10",,,,,,,,,,,,,,,,,,,,,,,,,,,,,
CS 446,001,Wednesday,"April 20, 2016",7:30 PM,10:00 PM,PAC 8,,,,,,,,,,,,,,,,,,,,,,,,,,,,,
CS 447,001,Monday,"April 11, 2016",12:30 PM,3:00 PM,"PAC 1,2,3,9,10",,,,,,,,,,,,,,,,,,,,,,,,,,,,,
CS 448,001,Friday,"April 15, 2016",9:00 AM,11:30 AM,MC 4021,,,,,,,,,,,,,,,,,,,,,,,,,,,,,
CS 450,001,Wednesday,"April 20, 2016",12:30 PM,3:00 PM,PAC 4,,,,,,,,,,,,,,,,,,,,,,,,,,,,,
CS 452,001,Tuesday,"April 19, 2016",12:30 PM,3:00 PM,MC 4040,,,,,,,,,,,,,,,,,,,,,,,,,,,,,
CS 454,"001,002",Tuesday,"April 19, 2016",9:00 AM,11:30 AM,"PAC 11,12",,,,,,,,,,,,,,,,,,,,,,,,,,,,,
CS 456,"001,002",Monday,"April 18, 2016",4:00 PM,6:30 PM,PAC 7,,,,,,,,,,,,,,,,,,,,,,,,,,,,,
CS 458,"001,002",Tuesday,"April 12, 2016",7:30 PM,10:00 PM,"MC 2017,2054",,,,,,,,,,,,,,,,,,,,,,,,,,,,,
CS 462,001,Tuesday,"April 19, 2016",12:30 PM,3:00 PM,MC 4064,,,,,,,,,,,,,,,,,,,,,,,,,,,,,
CS 467,001,Friday,"April 15, 2016",9:00 AM,11:30 AM,MC 4020,,,,,,,,,,,,,,,,,,,,,,,,,,,,,
CS 473,001,Monday,"April 11, 2016",7:30 PM,10:00 PM,MC 2034,,,,,,,,,,,,,,,,,,,,,,,,,,,,,
CS 476,001,Saturday,"April 9, 2016",7:30 PM,10:00 PM,MC 4059,,,,,,,,,,,,,,,,,,,,,,,,,,,,,
CS 485,001,Saturday,"April 23, 2016",12:30 PM,3:00 PM,PAC 5,,,,,,,,,,,,,,,,,,,,,,,,,,,,,
CS 486,"001,002",Thursday,"April 14, 2016",12:30 PM,3:00 PM,"MC 4059,4060,4061",,,,,,,,,,,,,,,,,,,,,,,,,,,,,
CS 487,001,Tuesday,"April 12, 2016",4:00 PM,6:30 PM,MC 4040,,,,,,,,,,,,,,,,,,,,,,,,,,,,,
CS 488,001,Thursday,"April 21, 2016",7:30 PM,10:00 PM,PAC 6,,,,,,,,,,,,,,,,,,,,,,,,,,,,,
CS 489,002,Saturday,"April 16, 2016",7:30 PM,10:00 PM,MC 4058,,,,,,,,,,,,,,,,,,,,,,,,,,,,,
CS 489,003,Wednesday,"April 13, 2016",9:00 AM,11:30 AM,MC 1085,,,,,,,,,,,,,,,,,,,,,,,,,,,,,
CS 490,001,Saturday,"April 16, 2016",7:30 PM,10:00 PM,MC 4020,,,,,,,,,,,,,,,,,,,,,,,,,,,,,
CS 642,001,Saturday,"April 16, 2016",9:00 AM,11:30 AM,"PAC 9,10",,,,,,,,,,,,,,,,,,,,,,,,,,,,,
CS 644,001,Monday,"April 11, 2016",7:30 PM,10:00 PM,PAC 12,,,,,,,,,,,,,,,,,,,,,,,,,,,,,
CS 645,001,Saturday,"April 23, 2016",4:00 PM,6:30 PM,"PAC 9,10",,,,,,,,,,,,,,,,,,,,,,,,,,,,,
CS 646,001,Wednesday,"April 20, 2016",7:30 PM,10:00 PM,PAC 8,,,,,,,,,,,,,,,,,,,,,,,,,,,,,
CS 647,001,Monday,"April 11, 2016",12:30 PM,3:00 PM,"PAC 1,2,3,9,10",,,,,,,,,,,,,,,,,,,,,,,,,,,,,
CS 648,001,Friday,"April 15, 2016",9:00 AM,11:30 AM,MC 4021,,,,,,,,,,,,,,,,,,,,,,,,,,,,,
CS 650,001,Wednesday,"April 20, 2016",12:30 PM,3:00 PM,PAC 4,,,,,,,,,,,,,,,,,,,,,,,,,,,,,
CS 652,001,Tuesday,"April 19, 2016",12:30 PM,3:00 PM,MC 4040,,,,,,,,,,,,,,,,,,,,,,,,,,,,,
CS 654,"001,002",Tuesday,"April 19, 2016",9:00 AM,11:30 AM,"PAC 11,12",,,,,,,,,,,,,,,,,,,,,,,,,,,,,
CS 658,"001,002",Tuesday,"April 12, 2016",7:30 PM,10:00 PM,"MC 2017,2054",,,,,,,,,,,,,,,,,,,,,,,,,,,,,
CS 662,001,Tuesday,"April 19, 2016",12:30 PM,3:00 PM,MC 4064,,,,,,,,,,,,,,,,,,,,,,,,,,,,,
CS 673,001,Monday,"April 11, 2016",7:30 PM,10:00 PM,MC 2034,,,,,,,,,,,,,,,,,,,,,,,,,,,,,
CS 676,001,Saturday,"April 9, 2016",7:30 PM,10:00 PM,MC 4059,,,,,,,,,,,,,,,,,,,,,,,,,,,,,
CS 685,001,Saturday,"April 23, 2016",12:30 PM,3:00 PM,PAC 5,,,,,,,,,,,,,,,,,,,,,,,,,,,,,
CS 686,"001,002",Thursday,"April 14, 2016",12:30 PM,3:00 PM,"MC 4059,4060,4061",,,,,,,,,,,,,,,,,,,,,,,,,,,,,
CS 687,001,Tuesday,"April 12, 2016",4:00 PM,6:30 PM,MC 4040,,,,,,,,,,,,,,,,,,,,,,,,,,,,,
CS 688,001,Thursday,"April 21, 2016",7:30 PM,10:00 PM,PAC 6,,,,,,,,,,,,,,,,,,,,,,,,,,,,,
CS 698,002,Saturday,"April 16, 2016",7:30 PM,10:00 PM,MC 4058,,,,,,,,,,,,,,,,,,,,,,,,,,,,,
CS 698,003,Wednesday,"April 13, 2016",9:00 AM,11:30 AM,MC 1085,,,,,,,,,,,,,,,,,,,,,,,,,,,,,
DRAMA 387,081 Online,See https://uwaterloo.ca/quest/help/students/how-do-i/online-exam-schedule,,,,,,,,,,,,,,,,,,,,,,,,,,,,,,,,,
DUTCH 101,081 Online,See https://uwaterloo.ca/quest/help/students/how-do-i/online-exam-schedule,,,,,,,,,,,,,,,,,,,,,,,,,,,,,,,,,
DUTCH 102,001,Thursday,"April 14, 2016",12:30 PM,3:00 PM,ML 354,,,,,,,,,,,,,,,,,,,,,,,,,,,,,
DUTCH 202,001,Friday,"April 8, 2016",12:30 PM,3:00 PM,ML 354,,,,,,,,,,,,,,,,,,,,,,,,,,,,,
EARTH 122,001,Thursday,"April 21, 2016",9:00 AM,11:00 AM,"PAC 4,5,6",,,,,,,,,,,,,,,,,,,,,,,,,,,,,
EARTH 122L,001 to 004,Thursday,"April 21, 2016",7:30 PM,10:00 PM,"PAC 4,5",,,,,,,,,,,,,,,,,,,,,,,,,,,,,
EARTH 221,001,Saturday,"April 16, 2016",4:00 PM,6:30 PM,PAC 6,,,,,,,,,,,,,,,,,,,,,,,,,,,,,
EARTH 232,001,Wednesday,"April 20, 2016",9:00 AM,11:30 AM,RCH 103,,,,,,,,,,,,,,,,,,,,,,,,,,,,,
EARTH 238,001,Monday,"April 11, 2016",4:00 PM,6:30 PM,"PAC 11,12",,,,,,,,,,,,,,,,,,,,,,,,,,,,,
EARTH 281,001,Friday,"April 8, 2016",9:00 AM,11:30 AM,"RCH 305,306",,,,,,,,,,,,,,,,,,,,,,,,,,,,,
EARTH 321,001,Wednesday,"April 20, 2016",12:30 PM,3:00 PM,PAC 6,,,,,,,,,,,,,,,,,,,,,,,,,,,,,
EARTH 332,001,Monday,"April 18, 2016",9:00 AM,11:30 AM,MC 4041,,,,,,,,,,,,,,,,,,,,,,,,,,,,,
EARTH 333,001,Tuesday,"April 19, 2016",7:30 PM,10:00 PM,PAC 2,,,,,,,,,,,,,,,,,,,,,,,,,,,,,
EARTH 336,001,Thursday,"April 14, 2016",7:30 PM,10:00 PM,"PAC 6,7,8",,,,,,,,,,,,,,,,,,,,,,,,,,,,,
EARTH 358,001,Monday,"April 18, 2016",7:30 PM,10:00 PM,PAC 6,,,,,,,,,,,,,,,,,,,,,,,,,,,,,
EARTH 437,001,Tuesday,"April 12, 2016",4:00 PM,6:30 PM,PAC 8,,,,,,,,,,,,,,,,,,,,,,,,,,,,,
EARTH 438,001,Monday,"April 18, 2016",9:00 AM,11:30 AM,MC 4040,,,,,,,,,,,,,,,,,,,,,,,,,,,,,
EARTH 459,001,Thursday,"April 14, 2016",9:00 AM,11:30 AM,PAC 10,,,,,,,,,,,,,,,,,,,,,,,,,,,,,
EARTH 460,001,Exam removed from the schedule. Contact instructor for further information.,,,,,,,,,,,,,,,,,,,,,,,,,,,,,,,,,
EARTH 471,001,Friday,"April 15, 2016",7:30 PM,10:00 PM,PAC 5,,,,,,,,,,,,,,,,,,,,,,,,,,,,,
EARTH 659,001,Thursday,"April 14, 2016",9:00 AM,11:30 AM,PAC 10,,,,,,,,,,,,,,,,,,,,,,,,,,,,,
EASIA 275R,001,Tuesday,"April 12, 2016",9:00 AM,11:30 AM,REN 2106,,,,,,,,,,,,,,,,,,,,,,,,,,,,,
ECE 103,001,Thursday,"April 21, 2016",12:30 PM,3:00 PM,"PAC 1,2",,,,,,,,,,,,,,,,,,,,,,,,,,,,,
ECE 106,"001,002",Thursday,"April 14, 2016",4:00 PM,6:30 PM,"DC 1350,1351",,,,,,,,,,,,,,,,,,,,,,,,,,,,,
ECE 124,"001,002",Monday,"April 18, 2016",4:00 PM,6:30 PM,"PAC 4,5,6",,,,,,,,,,,,,,,,,,,,,,,,,,,,,
ECE 155,001,Friday,"April 8, 2016",12:30 PM,3:00 PM,M3 1006,,,,,,,,,,,,,,,,,,,,,,,,,,,,,
ECE 205,"001,002",Monday,"April 18, 2016",12:30 PM,3:00 PM,"DC 1350,1351",,,,,,,,,,,,,,,,,,,,,,,,,,,,,
ECE 222,"001,002",Wednesday,"April 13, 2016",12:30 PM,3:00 PM,"RCH 103,105,110,112",,,,,,,,,,,,,,,,,,,,,,,,,,,,,
ECE 224,001,Monday,"April 11, 2016",12:30 PM,3:00 PM,MC 1085,,,,,,,,,,,,,,,,,,,,,,,,,,,,,
ECE 240,"001,002",Friday,"April 15, 2016",9:00 AM,11:30 AM,"DC 1350,1351",,,,,,,,,,,,,,,,,,,,,,,,,,,,,
ECE 250,"001,002",Monday,"April 11, 2016",9:00 AM,11:30 AM,"DC 1350,1351",,,,,,,,,,,,,,,,,,,,,,,,,,,,,
ECE 290,"001,002",Friday,"April 8, 2016",12:30 PM,3:00 PM,"DC 1350,1351",,,,,,,,,,,,,,,,,,,,,,,,,,,,,
ECE 316,001,Monday,"April 11, 2016",4:00 PM,6:30 PM,"PAC 7,8",,,,,,,,,,,,,,,,,,,,,,,,,,,,,
ECE 318,"001,002",Friday,"April 8, 2016",12:30 PM,3:00 PM,"MC 4059,4060,4061",,,,,,,,,,,,,,,,,,,,,,,,,,,,,
ECE 327,001,Monday,"April 18, 2016",9:00 AM,11:30 AM,DC 1350,,,,,,,,,,,,,,,,,,,,,,,,,,,,,
ECE 331,001,Tuesday,"April 19, 2016",7:30 PM,10:00 PM,PAC 4,,,,,,,,,,,,,,,,,,,,,,,,,,,,,
ECE 351,001,Tuesday,"April 19, 2016",9:00 AM,11:30 AM,DC 1351,,,,,,,,,,,,,,,,,,,,,,,,,,,,,
ECE 356,001,Friday,"April 22, 2016",9:00 AM,11:30 AM,DC 1350,,,,,,,,,,,,,,,,,,,,,,,,,,,,,
ECE 358,001,Tuesday,"April 19, 2016",4:00 PM,6:30 PM,PAC 6,,,,,,,,,,,,,,,,,,,,,,,,,,,,,
ECE 361,001,Thursday,"April 21, 2016",12:30 PM,3:00 PM,PAC 7,,,,,,,,,,,,,,,,,,,,,,,,,,,,,
ECE 375,001,Wednesday,"April 20, 2016",4:00 PM,6:30 PM,MC 1085,,,,,,,,,,,,,,,,,,,,,,,,,,,,,
ECE 380,001,Wednesday,"April 13, 2016",9:00 AM,11:30 AM,"MC 2034,2035,2038",,,,,,,,,,,,,,,,,,,,,,,,,,,,,
ECE 390,"001,002",Wednesday,"April 13, 2016",12:30 PM,3:00 PM,"RCH 301,302",,,,,,,,,,,,,,,,,,,,,,,,,,,,,
ECE 404,001,Saturday,"April 9, 2016",7:30 PM,10:00 PM,MC 4058,,,,,,,,,,,,,,,,,,,,,,,,,,,,,
ECE 405,001,Saturday,"April 16, 2016",9:00 AM,11:30 AM,MC 4041,,,,,,,,,,,,,,,,,,,,,,,,,,,,,
ECE 406,001,Friday,"April 8, 2016",9:00 AM,11:30 AM,"RCH 110,112",,,,,,,,,,,,,,,,,,,,,,,,,,,,,
ECE 409,001,Saturday,"April 9, 2016",12:30 PM,3:00 PM,PAC 9,,,,,,,,,,,,,,,,,,,,,,,,,,,,,
ECE 415,001,Saturday,"April 23, 2016",4:00 PM,6:30 PM,PAC 3,,,,,,,,,,,,,,,,,,,,,,,,,,,,,
ECE 416,001,Wednesday,"April 20, 2016",7:30 PM,10:00 PM,PAC 9,,,,,,,,,,,,,,,,,,,,,,,,,,,,,
ECE 423,001,Tuesday,"April 12, 2016",9:00 AM,11:30 AM,MC 4045,,,,,,,,,,,,,,,,,,,,,,,,,,,,,
ECE 433,001,Saturday,"April 16, 2016",12:30 PM,3:00 PM,PAC 12,,,,,,,,,,,,,,,,,,,,,,,,,,,,,
ECE 444,001,Friday,"April 8, 2016",7:30 PM,10:00 PM,RCH 301,,,,,,,,,,,,,,,,,,,,,,,,,,,,,
ECE 451,001,Saturday,"April 23, 2016",4:00 PM,6:30 PM,"PAC 9,10",,,,,,,,,,,,,,,,,,,,,,,,,,,,,
ECE 452,001,Wednesday,"April 20, 2016",7:30 PM,10:00 PM,PAC 8,,,,,,,,,,,,,,,,,,,,,,,,,,,,,
ECE 453,001,Monday,"April 11, 2016",12:30 PM,3:00 PM,"PAC 1,2,3,9,10",,,,,,,,,,,,,,,,,,,,,,,,,,,,,
ECE 457B,001,Friday,"April 22, 2016",7:30 PM,10:00 PM,PAC 3,,,,,,,,,,,,,,,,,,,,,,,,,,,,,
ECE 459,001,Friday,"April 15, 2016",12:30 PM,3:00 PM,PAC 8,,,,,,,,,,,,,,,,,,,,,,,,,,,,,
ECE 464,001,Thursday,"April 14, 2016",9:00 AM,11:30 AM,MC 4045,,,,,,,,,,,,,,,,,,,,,,,,,,,,,
ECE 467,001,Friday,"April 22, 2016",12:30 PM,3:00 PM,MC 4061,,,,,,,,,,,,,,,,,,,,,,,,,,,,,
ECE 474,001,Monday,"April 18, 2016",7:30 PM,10:00 PM,PAC 11,,,,,,,,,,,,,,,,,,,,,,,,,,,,,
ECE 477,001,Thursday,"April 14, 2016",7:30 PM,10:00 PM,PAC 11,,,,,,,,,,,,,,,,,,,,,,,,,,,,,
ECE 488,001,Wednesday,"April 13, 2016",9:00 AM,11:30 AM,"PAC 9,10",,,,,,,,,,,,,,,,,,,,,,,,,,,,,
ECE 653,001,Monday,"April 11, 2016",12:30 PM,3:00 PM,"PAC 1,2,3,9,10",,,,,,,,,,,,,,,,,,,,,,,,,,,,,
ECE 730,001,Saturday,"April 16, 2016",12:30 PM,3:00 PM,PAC 12,,,,,,,,,,,,,,,,,,,,,,,,,,,,,
ECE 770,001,Thursday,"April 14, 2016",7:30 PM,10:00 PM,PAC 11,,,,,,,,,,,,,,,,,,,,,,,,,,,,,
ECON 100,001,Thursday,"April 14, 2016",7:30 PM,10:00 PM,PAC 12,,,,,,,,,,,,,,,,,,,,,,,,,,,,,
ECON 101,"001,004",Wednesday,"April 13, 2016",7:30 PM,10:00 PM,"PAC 4,5,6,7,8",,,,,,,,,,,,,,,,,,,,,,,,,,,,,
ECON 101,"002,003",Wednesday,"April 13, 2016",7:30 PM,10:00 PM,"PAC 1,2,3,9",,,,,,,,,,,,,,,,,,,,,,,,,,,,,
ECON 101,005,Wednesday,"April 13, 2016",7:30 PM,10:00 PM,"PAC 11,12",,,,,,,,,,,,,,,,,,,,,,,,,,,,,
ECON 101,"006,007",Wednesday,"April 13, 2016",7:30 PM,10:00 PM,DC 1350,,,,,,,,,,,,,,,,,,,,,,,,,,,,,
ECON 102,"001,002",Friday,"April 15, 2016",9:00 AM,11:30 AM,"PAC 4,5,6,7,11,12",,,,,,,,,,,,,,,,,,,,,,,,,,,,,
ECON 102,"003,005",Friday,"April 15, 2016",9:00 AM,11:30 AM,"PAC 1,2,3,8,9",,,,,,,,,,,,,,,,,,,,,,,,,,,,,
ECON 102,004,Friday,"April 15, 2016",9:00 AM,11:30 AM,"MC 2017,2054",,,,,,,,,,,,,,,,,,,,,,,,,,,,,
ECON 102,081 Online,See https://uwaterloo.ca/quest/help/students/how-do-i/online-exam-schedule,,,,,,,,,,,,,,,,,,,,,,,,,,,,,,,,,
ECON 140W,,See http://legacy.wlu.ca/page.php?grp_id=1366&p=14566,,,,WLU,,,,,,,,,,,,,,,,,,,,,,,,,,,,,
ECON 201,001,Friday,"April 15, 2016",12:30 PM,3:00 PM,PAC 1,,,,,,,,,,,,,,,,,,,,,,,,,,,,,
ECON 201,002,Friday,"April 15, 2016",12:30 PM,3:00 PM,PAC 2,,,,,,,,,,,,,,,,,,,,,,,,,,,,,
ECON 201,003,Friday,"April 15, 2016",12:30 PM,3:00 PM,PAC 3,,,,,,,,,,,,,,,,,,,,,,,,,,,,,
ECON 202,"001,003",Thursday,"April 21, 2016",12:30 PM,3:00 PM,"PAC 4,5",,,,,,,,,,,,,,,,,,,,,,,,,,,,,
ECON 202,002,Thursday,"April 21, 2016",12:30 PM,3:00 PM,PAC 6,,,,,,,,,,,,,,,,,,,,,,,,,,,,,
ECON 202,004,Thursday,"April 21, 2016",12:30 PM,3:00 PM,PAC 3,,,,,,,,,,,,,,,,,,,,,,,,,,,,,
ECON 211,001,Tuesday,"April 12, 2016",4:00 PM,6:00 PM,RCH 211,,,,,,,,,,,,,,,,,,,,,,,,,,,,,
ECON 211,002,Tuesday,"April 12, 2016",4:00 PM,6:30 PM,PAC 6,,,,,,,,,,,,,,,,,,,,,,,,,,,,,
ECON 221,001,Wednesday,"April 13, 2016",4:00 PM,6:30 PM,"PAC 9,10",,,,,,,,,,,,,,,,,,,,,,,,,,,,,
ECON 231,001,Tuesday,"April 19, 2016",12:30 PM,3:00 PM,MC 1085,,,,,,,,,,,,,,,,,,,,,,,,,,,,,
ECON 301,"001,002",Friday,"April 15, 2016",12:30 PM,3:00 PM,DC 1350,,,,,,,,,,,,,,,,,,,,,,,,,,,,,
ECON 302,"001,002",Thursday,"April 14, 2016",7:30 PM,10:00 PM,"PAC 1,2",,,,,,,,,,,,,,,,,,,,,,,,,,,,,
ECON 304,001,Friday,"April 22, 2016",9:00 AM,11:30 AM,"PAC 9,10",,,,,,,,,,,,,,,,,,,,,,,,,,,,,
ECON 321,002,Wednesday,"April 20, 2016",9:00 AM,11:30 AM,RCH 308,,,,,,,,,,,,,,,,,,,,,,,,,,,,,
ECON 332,"001,002",Monday,"April 18, 2016",12:30 PM,2:30 PM,M3 1006,,,,,,,,,,,,,,,,,,,,,,,,,,,,,
ECON 351,001,Saturday,"April 16, 2016",9:00 AM,11:00 AM,MC 4045,,,,,,,,,,,,,,,,,,,,,,,,,,,,,
ECON 361,081 Online,See https://uwaterloo.ca/quest/help/students/how-do-i/online-exam-schedule,,,,,,,,,,,,,,,,,,,,,,,,,,,,,,,,,
ECON 371,001,Saturday,"April 16, 2016",7:30 PM,9:30 PM,"PAC 11,12",,,,,,,,,,,,,,,,,,,,,,,,,,,,,
ECON 372,001,Saturday,"April 23, 2016",9:00 AM,11:30 AM,PAC 3,,,,,,,,,,,,,,,,,,,,,,,,,,,,,
ECON 401,001,Friday,"April 15, 2016",9:00 AM,11:30 AM,PAC 10,,,,,,,,,,,,,,,,,,,,,,,,,,,,,
ECON 402,001,Tuesday,"April 12, 2016",12:30 PM,2:00 PM,RCH 305,,,,,,,,,,,,,,,,,,,,,,,,,,,,,
ECON 412,001,Friday,"April 15, 2016",7:30 PM,10:00 PM,PAC 3,,,,,,,,,,,,,,,,,,,,,,,,,,,,,
ECON 421,001,Thursday,"April 21, 2016",12:30 PM,3:00 PM,PAC 8,,,,,,,,,,,,,,,,,,,,,,,,,,,,,
ECON 452,001,Tuesday,"April 12, 2016",4:00 PM,6:00 PM,RCH 205,,,,,,,,,,,,,,,,,,,,,,,,,,,,,
ECON 483,001,Saturday,"April 9, 2016",7:30 PM,10:00 PM,MC 4060,,,,,,,,,,,,,,,,,,,,,,,,,,,,,
EMLS 129R,081 Online,See https://uwaterloo.ca/quest/help/students/how-do-i/online-exam-schedule,,,,,,,,,,,,,,,,,,,,,,,,,,,,,,,,,
ENGL 100A,001,Friday,"April 8, 2016",7:30 PM,10:00 PM,RCH 306,,,,,,,,,,,,,,,,,,,,,,,,,,,,,
ENGL 101B,001,Saturday,"April 9, 2016",12:30 PM,3:00 PM,PAC 10,,,,,,,,,,,,,,,,,,,,,,,,,,,,,
ENGL 101B,081 Online,See https://uwaterloo.ca/quest/help/students/how-do-i/online-exam-schedule,,,,,,,,,,,,,,,,,,,,,,,,,,,,,,,,,
ENGL 108A,002,Friday,"April 8, 2016",9:00 AM,11:30 AM,STJ 3027,,,,,,,,,,,,,,,,,,,,,,,,,,,,,
ENGL 108D,001,Tuesday,"April 12, 2016",12:30 PM,3:00 PM,PAC 6,,,,,,,,,,,,,,,,,,,,,,,,,,,,,
ENGL 108F,001,Friday,"April 8, 2016",9:00 AM,10:30 AM,STJ 2011,,,,,,,,,,,,,,,,,,,,,,,,,,,,,
ENGL 108M,001,Saturday,"April 9, 2016",7:30 PM,10:00 PM,MC 4063,,,,,,,,,,,,,,,,,,,,,,,,,,,,,
ENGL 109,014,Monday,"April 18, 2016",12:30 PM,3:00 PM,RCH 207,,,,,,,,,,,,,,,,,,,,,,,,,,,,,
ENGL 109,081 Online,See https://uwaterloo.ca/quest/help/students/how-do-i/online-exam-schedule,,,,,,,,,,,,,,,,,,,,,,,,,,,,,,,,,
ENGL 109,082 Online,See https://uwaterloo.ca/quest/help/students/how-do-i/online-exam-schedule,,,,,,,,,,,,,,,,,,,,,,,,,,,,,,,,,
ENGL 190,081 Online,See https://uwaterloo.ca/quest/help/students/how-do-i/online-exam-schedule,,,,,,,,,,,,,,,,,,,,,,,,,,,,,,,,,
ENGL 200A,081 Online,See https://uwaterloo.ca/quest/help/students/how-do-i/online-exam-schedule,,,,,,,,,,,,,,,,,,,,,,,,,,,,,,,,,
ENGL 200B,002,Friday,"April 8, 2016",7:30 PM,10:00 PM,STJ 3016,,,,,,,,,,,,,,,,,,,,,,,,,,,,,
ENGL 200B,081 Online,See https://uwaterloo.ca/quest/help/students/how-do-i/online-exam-schedule,,,,,,,,,,,,,,,,,,,,,,,,,,,,,,,,,
ENGL 202A,081 Online,See https://uwaterloo.ca/quest/help/students/how-do-i/online-exam-schedule,,,,,,,,,,,,,,,,,,,,,,,,,,,,,,,,,
ENGL 208B,001,Tuesday,"April 19, 2016",7:30 PM,9:00 PM,STJ 2011,,,,,,,,,,,,,,,,,,,,,,,,,,,,,
ENGL 208C,081 Online,See https://uwaterloo.ca/quest/help/students/how-do-i/online-exam-schedule,,,,,,,,,,,,,,,,,,,,,,,,,,,,,,,,,
ENGL 208C,082 Online,See https://uwaterloo.ca/quest/help/students/how-do-i/online-exam-schedule,,,,,,,,,,,,,,,,,,,,,,,,,,,,,,,,,
ENGL 210F,081 Online,See https://uwaterloo.ca/quest/help/students/how-do-i/online-exam-schedule,,,,,,,,,,,,,,,,,,,,,,,,,,,,,,,,,
ENGL 213,001,Monday,"April 18, 2016",9:00 AM,11:30 AM,STJ 2009,,,,,,,,,,,,,,,,,,,,,,,,,,,,,
ENGL 251A,081 Online,See https://uwaterloo.ca/quest/help/students/how-do-i/online-exam-schedule,,,,,,,,,,,,,,,,,,,,,,,,,,,,,,,,,
ENGL 251B,001,Friday,"April 8, 2016",9:00 AM,11:30 AM,STJ 3016,,,,,,,,,,,,,,,,,,,,,,,,,,,,,
ENGL 251B,002,Thursday,"April 14, 2016",12:30 PM,3:00 PM,STJ 2011,,,,,,,,,,,,,,,,,,,,,,,,,,,,,
ENGL 251B,003,Wednesday,"April 13, 2016",9:00 AM,11:30 AM,RCH 204,,,,,,,,,,,,,,,,,,,,,,,,,,,,,
ENGL 251B,081 Online,See https://uwaterloo.ca/quest/help/students/how-do-i/online-exam-schedule,,,,,,,,,,,,,,,,,,,,,,,,,,,,,,,,,
ENGL 306A,001,Thursday,"April 21, 2016",12:30 PM,3:00 PM,STJ 2009,,,,,,,,,,,,,,,,,,,,,,,,,,,,,
ENGL 306A,002,Friday,"April 15, 2016",4:00 PM,6:30 PM,MC 4045,,,,,,,,,,,,,,,,,,,,,,,,,,,,,
ENGL 310B,001,Monday,"April 11, 2016",9:00 AM,11:30 AM,STJ 3016,,,,,,,,,,,,,,,,,,,,,,,,,,,,,
ENGL 313,001,Tuesday,"April 12, 2016",4:00 PM,6:30 PM,PAC 7,,,,,,,,,,,,,,,,,,,,,,,,,,,,,
ENGL 315,081 Online,See https://uwaterloo.ca/quest/help/students/how-do-i/online-exam-schedule,,,,,,,,,,,,,,,,,,,,,,,,,,,,,,,,,
ENGL 345,081 Online,See https://uwaterloo.ca/quest/help/students/how-do-i/online-exam-schedule,,,,,,,,,,,,,,,,,,,,,,,,,,,,,,,,,
ENGL 363,081 Online,See https://uwaterloo.ca/quest/help/students/how-do-i/online-exam-schedule,,,,,,,,,,,,,,,,,,,,,,,,,,,,,,,,,
ENGL 430B,001,Tuesday,"April 12, 2016",9:00 AM,11:30 AM,STJ 3016,,,,,,,,,,,,,,,,,,,,,,,,,,,,,
ENVE 221,001,Thursday,"April 21, 2016",9:00 AM,11:30 AM,RCH 301,,,,,,,,,,,,,,,,,,,,,,,,,,,,,
ENVE 224,001,Tuesday,"April 19, 2016",12:30 PM,3:00 PM,RCH 301,,,,,,,,,,,,,,,,,,,,,,,,,,,,,
ENVE 275,001,Monday,"April 11, 2016",4:00 PM,6:30 PM,DWE 2527,,,,,,,,,,,,,,,,,,,,,,,,,,,,,
ENVE 375,001,Saturday,"April 9, 2016",9:00 AM,11:30 AM,RCH 207,,,,,,,,,,,,,,,,,,,,,,,,,,,,,
ENVE 391,001,Friday,"April 8, 2016",12:30 PM,3:00 PM,RCH 204,,,,,,,,,,,,,,,,,,,,,,,,,,,,,
ENVE 573,001,Thursday,"April 21, 2016",9:00 AM,11:30 AM,CPH 3602,,,,,,,,,,,,,,,,,,,,,,,,,,,,,
ENVE 577,001,Wednesday,"April 13, 2016",12:30 PM,3:00 PM,CPH 3602,,,,,,,,,,,,,,,,,,,,,,,,,,,,,
ENVS 178,"001,002",Monday,"April 11, 2016",12:30 PM,3:00 PM,"PAC 4,5,6,7,8",,,,,,,,,,,,,,,,,,,,,,,,,,,,,
ENVS 200,001,Monday,"April 18, 2016",9:00 AM,11:30 AM,RCH 302,,,,,,,,,,,,,,,,,,,,,,,,,,,,,
ENVS 220,001,Friday,"April 8, 2016",9:00 AM,11:30 AM,M3 1006,,,,,,,,,,,,,,,,,,,,,,,,,,,,,
ERS 275,001,Tuesday,"April 19, 2016",4:00 PM,6:30 PM,EV3 4408,,,,,,,,,,,,,,,,,,,,,,,,,,,,,
ERS 365,001,Thursday,"April 21, 2016",12:30 PM,3:00 PM,AL 124,,,,,,,,,,,,,,,,,,,,,,,,,,,,,
ERS 383,001,Monday,"April 11, 2016",12:30 PM,3:00 PM,RCH 301,,,,,,,,,,,,,,,,,,,,,,,,,,,,,
ERS 675,004,Friday,"April 8, 2016",7:30 PM,9:30 PM,EV2 2069,,,,,,,,,,,,,,,,,,,,,,,,,,,,,
FINE 241,001,Monday,"April 11, 2016",12:30 PM,2:30 PM,MC 4040,,,,,,,,,,,,,,,,,,,,,,,,,,,,,
FR 151,001 to 003,Friday,"April 15, 2016",7:30 PM,9:30 PM,DC 1350,,,,,,,,,,,,,,,,,,,,,,,,,,,,,
FR 151,081 Online,See https://uwaterloo.ca/quest/help/students/how-do-i/online-exam-schedule,,,,,,,,,,,,,,,,,,,,,,,,,,,,,,,,,
FR 152,001 to 005,Wednesday,"April 20, 2016",7:30 PM,9:30 PM,RCH 301,,,,,,,,,,,,,,,,,,,,,,,,,,,,,
FR 152,081 Online,See https://uwaterloo.ca/quest/help/students/how-do-i/online-exam-schedule,,,,,,,,,,,,,,,,,,,,,,,,,,,,,,,,,
FR 192A,001 to 004,Saturday,"April 23, 2016",4:00 PM,6:00 PM,RCH 301,,,,,,,,,,,,,,,,,,,,,,,,,,,,,
FR 192A,081 Online,See https://uwaterloo.ca/quest/help/students/how-do-i/online-exam-schedule,,,,,,,,,,,,,,,,,,,,,,,,,,,,,,,,,
FR 192B,"001 to 003,005",Thursday,"April 21, 2016",7:30 PM,9:30 PM,RCH 301,,,,,,,,,,,,,,,,,,,,,,,,,,,,,
FR 192B,004,Thursday,"April 21, 2016",7:30 PM,9:30 PM,STJ 3014,,,,,,,,,,,,,,,,,,,,,,,,,,,,,
FR 192B,081 Online,See https://uwaterloo.ca/quest/help/students/how-do-i/online-exam-schedule,,,,,,,,,,,,,,,,,,,,,,,,,,,,,,,,,
FR 197,001,Friday,"April 15, 2016",9:00 AM,11:30 AM,ML 349,,,,,,,,,,,,,,,,,,,,,,,,,,,,,
FR 197,081 Online,See https://uwaterloo.ca/quest/help/students/how-do-i/online-exam-schedule,,,,,,,,,,,,,,,,,,,,,,,,,,,,,,,,,
FR 251,001,Friday,"April 8, 2016",7:30 PM,9:30 PM,ML 349,,,,,,,,,,,,,,,,,,,,,,,,,,,,,
FR 251,081 Online,See https://uwaterloo.ca/quest/help/students/how-do-i/online-exam-schedule,,,,,,,,,,,,,,,,,,,,,,,,,,,,,,,,,
FR 252,"001,002",Monday,"April 11, 2016",7:30 PM,10:00 PM,AL 105,,,,,,,,,,,,,,,,,,,,,,,,,,,,,
FR 292,081 Online,See https://uwaterloo.ca/quest/help/students/how-do-i/online-exam-schedule,,,,,,,,,,,,,,,,,,,,,,,,,,,,,,,,,
FR 297,001,Monday,"April 18, 2016",12:30 PM,2:30 PM,ML 349,,,,,,,,,,,,,,,,,,,,,,,,,,,,,
FR 297,081 Online,See https://uwaterloo.ca/quest/help/students/how-do-i/online-exam-schedule,,,,,,,,,,,,,,,,,,,,,,,,,,,,,,,,,
FR 367,001,Thursday,"April 21, 2016",9:00 AM,11:00 AM,ML 349,,,,,,,,,,,,,,,,,,,,,,,,,,,,,
FR 400,001,Friday,"April 8, 2016",9:00 AM,11:30 AM,STJ 2009,,,,,,,,,,,,,,,,,,,,,,,,,,,,,
FR 452,001,Wednesday,"April 13, 2016",12:30 PM,2:30 PM,ML 349,,,,,,,,,,,,,,,,,,,,,,,,,,,,,
FR 473,001,Tuesday,"April 12, 2016",4:00 PM,6:30 PM,ML 349,,,,,,,,,,,,,,,,,,,,,,,,,,,,,
GBDA 102,"001,002",Thursday,"April 21, 2016",9:00 AM,11:00 AM,"PAC 1,2",,,,,,,,,,,,,,,,,,,,,,,,,,,,,
GBDA 204,"001,002",Friday,"April 15, 2016",12:30 PM,3:00 PM,DC 1351,,,,,,,,,,,,,,,,,,,,,,,,,,,,,
GBDA 205,"001,002",Tuesday,"April 12, 2016",12:30 PM,2:30 PM,"RCH 103,105",,,,,,,,,,,,,,,,,,,,,,,,,,,,,
GENE 123,001 to 004,Friday,"April 15, 2016",4:00 PM,6:30 PM,"PAC 1,2,3,8",,,,,,,,,,,,,,,,,,,,,,,,,,,,,
GENE 411,001,Saturday,"April 9, 2016",7:30 PM,10:00 PM,MC 4064,,,,,,,,,,,,,,,,,,,,,,,,,,,,,
GEOG 102,001,Saturday,"April 16, 2016",12:30 PM,3:00 PM,"PAC 3,8",,,,,,,,,,,,,,,,,,,,,,,,,,,,,
GEOG 203,001,Friday,"April 15, 2016",9:00 AM,11:30 AM,"MC 4059,4061",,,,,,,,,,,,,,,,,,,,,,,,,,,,,
GEOG 209,001,Wednesday,"April 20, 2016",9:00 AM,11:30 AM,RCH 307,,,,,,,,,,,,,,,,,,,,,,,,,,,,,
GEOG 271,001,Saturday,"April 23, 2016",4:00 PM,6:30 PM,PAC 1,,,,,,,,,,,,,,,,,,,,,,,,,,,,,
GEOG 281,001,Thursday,"April 14, 2016",12:30 PM,3:00 PM,"DC 1350,1351",,,,,,,,,,,,,,,,,,,,,,,,,,,,,
GEOG 318,001,Tuesday,"April 12, 2016",9:00 AM,11:30 AM,MC 4021,,,,,,,,,,,,,,,,,,,,,,,,,,,,,
GEOG 323,001,Tuesday,"April 12, 2016",7:30 PM,10:00 PM,MC 1085,,,,,,,,,,,,,,,,,,,,,,,,,,,,,
GEOG 340,001,Tuesday,"April 19, 2016",9:00 AM,11:30 AM,MC 4042,,,,,,,,,,,,,,,,,,,,,,,,,,,,,
GEOG 368,001,Tuesday,"April 12, 2016",9:00 AM,11:30 AM,M3 1006,,,,,,,,,,,,,,,,,,,,,,,,,,,,,
GEOG 407,001,Friday,"April 15, 2016",4:00 PM,6:30 PM,PAC 9,,,,,,,,,,,,,,,,,,,,,,,,,,,,,
GEOG 432,001,Friday,"April 8, 2016",9:00 AM,11:30 AM,"RCH 307,308",,,,,,,,,,,,,,,,,,,,,,,,,,,,,
GEOG 474,001,Friday,"April 15, 2016",4:00 PM,6:30 PM,PAC 10,,,,,,,,,,,,,,,,,,,,,,,,,,,,,
GEOG 675,002,Exam removed from the schedule. Contact instructor for further information.,,,,,,,,,,,,,,,,,,,,,,,,,,,,,,,,,
GEOG 675,003,Friday,"April 8, 2016",7:30 PM,9:30 PM,EV2 2069,,,,,,,,,,,,,,,,,,,,,,,,,,,,,
GER 101,001 to 003,Friday,"April 22, 2016",4:00 PM,6:30 PM,AL 208,,,,,,,,,,,,,,,,,,,,,,,,,,,,,
GER 101,081 Online,See https://uwaterloo.ca/quest/help/students/how-do-i/online-exam-schedule,,,,,,,,,,,,,,,,,,,,,,,,,,,,,,,,,
GER 102,"001,002",Saturday,"April 9, 2016",9:00 AM,11:30 AM,RCH 204,,,,,,,,,,,,,,,,,,,,,,,,,,,,,
GER 102,081 Online,See https://uwaterloo.ca/quest/help/students/how-do-i/online-exam-schedule,,,,,,,,,,,,,,,,,,,,,,,,,,,,,,,,,
GER 201,081 Online,See https://uwaterloo.ca/quest/help/students/how-do-i/online-exam-schedule,,,,,,,,,,,,,,,,,,,,,,,,,,,,,,,,,
GER 202,001,Monday,"April 18, 2016",7:30 PM,10:00 PM,ML 354,,,,,,,,,,,,,,,,,,,,,,,,,,,,,
GER 202,081 Online,See https://uwaterloo.ca/quest/help/students/how-do-i/online-exam-schedule,,,,,,,,,,,,,,,,,,,,,,,,,,,,,,,,,
GER 385,001,Saturday,"April 9, 2016",7:30 PM,10:00 PM,RCH 205,,,,,,,,,,,,,,,,,,,,,,,,,,,,,
GERON 210,001,Wednesday,"April 13, 2016",9:00 AM,11:00 AM,"MC 4059,4061",,,,,,,,,,,,,,,,,,,,,,,,,,,,,
GERON 352,001,Saturday,"April 16, 2016",9:00 AM,11:30 AM,"PAC 4,5",,,,,,,,,,,,,,,,,,,,,,,,,,,,,
GRK 102,001,Tuesday,"April 12, 2016",7:30 PM,9:30 PM,ML 212,,,,,,,,,,,,,,,,,,,,,,,,,,,,,
HIST 105,001,Monday,"April 18, 2016",4:00 PM,6:30 PM,DC 1350,,,,,,,,,,,,,,,,,,,,,,,,,,,,,
HIST 111,001,Friday,"April 8, 2016",9:00 AM,11:30 AM,CGC 1111,,,,,,,,,,,,,,,,,,,,,,,,,,,,,
HIST 113,001,Friday,"April 22, 2016",12:30 PM,3:00 PM,STJ 2017,,,,,,,,,,,,,,,,,,,,,,,,,,,,,
HIST 230,001,Wednesday,"April 20, 2016",12:30 PM,3:00 PM,AL 208,,,,,,,,,,,,,,,,,,,,,,,,,,,,,
HIST 232,001,Wednesday,"April 13, 2016",7:30 PM,10:00 PM,CGC 1111,,,,,,,,,,,,,,,,,,,,,,,,,,,,,
HIST 250,001,Monday,"April 18, 2016",9:00 AM,11:00 AM,AL 124,,,,,,,,,,,,,,,,,,,,,,,,,,,,,
HIST 263,001,Wednesday,"April 13, 2016",12:30 PM,3:00 PM,AL 124,,,,,,,,,,,,,,,,,,,,,,,,,,,,,
HIST 275,001,Thursday,"April 14, 2016",9:00 AM,11:30 AM,AL 124,,,,,,,,,,,,,,,,,,,,,,,,,,,,,
HIST 304,001,Friday,"April 8, 2016",9:00 AM,11:30 AM,STJ 2017,,,,,,,,,,,,,,,,,,,,,,,,,,,,,
HIST 318,001,Wednesday,"April 13, 2016",9:00 AM,11:30 AM,STJ 3027,,,,,,,,,,,,,,,,,,,,,,,,,,,,,
HIST 350,001,Monday,"April 11, 2016",9:00 AM,11:30 AM,STJ 3027,,,,,,,,,,,,,,,,,,,,,,,,,,,,,
HIST 380,001,Saturday,"April 9, 2016",7:30 PM,10:00 PM,STJ 3016,,,,,,,,,,,,,,,,,,,,,,,,,,,,,
HLTH 102,"001,002",Friday,"April 8, 2016",9:00 AM,11:30 AM,"DC 1350,1351",,,,,,,,,,,,,,,,,,,,,,,,,,,,,
HLTH 173,001,Tuesday,"April 19, 2016",9:00 AM,11:30 AM,PAC 10,,,,,,,,,,,,,,,,,,,,,,,,,,,,,
HLTH 210,001,Wednesday,"April 13, 2016",9:00 AM,11:00 AM,"MC 4059,4061",,,,,,,,,,,,,,,,,,,,,,,,,,,,,
HLTH 260,001,Thursday,"April 14, 2016",9:00 AM,10:30 AM,DC 1351,,,,,,,,,,,,,,,,,,,,,,,,,,,,,
HLTH 305,001,Thursday,"April 21, 2016",9:00 AM,10:30 AM,MC 4040,,,,,,,,,,,,,,,,,,,,,,,,,,,,,
HLTH 330,001,Monday,"April 11, 2016",12:30 PM,3:00 PM,M3 1006,,,,,,,,,,,,,,,,,,,,,,,,,,,,,
HLTH 340,001,Tuesday,"April 19, 2016",4:00 PM,6:00 PM,M3 1006,,,,,,,,,,,,,,,,,,,,,,,,,,,,,
HLTH 352,001,Saturday,"April 16, 2016",9:00 AM,11:30 AM,"PAC 4,5",,,,,,,,,,,,,,,,,,,,,,,,,,,,,
HLTH 420,001,Friday,"April 8, 2016",9:00 AM,11:30 AM,"RCH 307,308",,,,,,,,,,,,,,,,,,,,,,,,,,,,,
HRM 200,081 Online,See https://uwaterloo.ca/quest/help/students/how-do-i/online-exam-schedule,,,,,,,,,,,,,,,,,,,,,,,,,,,,,,,,,
HRM 301,001,Monday,"April 11, 2016",7:30 PM,9:30 PM,MC 2035,,,,,,,,,,,,,,,,,,,,,,,,,,,,,
HRM 303,001,Thursday,"April 14, 2016",4:00 PM,6:00 PM,MC 4045,,,,,,,,,,,,,,,,,,,,,,,,,,,,,
HRM 307,001,Thursday,"April 21, 2016",9:00 AM,11:00 AM,PAC 3,,,,,,,,,,,,,,,,,,,,,,,,,,,,,
HUMSC 102,001,Tuesday,"April 19, 2016",12:30 PM,3:00 PM,STJ 3015,,,,,,,,,,,,,,,,,,,,,,,,,,,,,
HUMSC 201,001,Friday,"April 8, 2016",9:00 AM,11:30 AM,STJ 3014,,,,,,,,,,,,,,,,,,,,,,,,,,,,,
HUMSC 401,001,Friday,"April 8, 2016",9:00 AM,11:30 AM,STJ 3020,,,,,,,,,,,,,,,,,,,,,,,,,,,,,
INDEV 101,001,Monday,"April 18, 2016",12:30 PM,3:00 PM,MC 4021,,,,,,,,,,,,,,,,,,,,,,,,,,,,,
INTEG 121,001,Saturday,"April 23, 2016",12:30 PM,2:30 PM,EV2 2069,,,,,,,,,,,,,,,,,,,,,,,,,,,,,
INTEG 452B,001,Monday,"April 11, 2016",9:00 AM,11:30 AM,EV1 221,,,,,,,,,,,,,,,,,,,,,,,,,,,,,
INTEG 475,001,Friday,"April 8, 2016",7:30 PM,9:30 PM,EV2 2069,,,,,,,,,,,,,,,,,,,,,,,,,,,,,
INTST 101,001,Saturday,"April 23, 2016",12:30 PM,3:00 PM,PAC 6,,,,,,,,,,,,,,,,,,,,,,,,,,,,,
JAPAN 101R,"001,002",Saturday,"April 23, 2016",4:00 PM,6:00 PM,DC 1350,,,,,,,,,,,,,,,,,,,,,,,,,,,,,
JAPAN 101R,"003,004",Saturday,"April 23, 2016",4:00 PM,6:00 PM,REN 2106,,,,,,,,,,,,,,,,,,,,,,,,,,,,,
JAPAN 102R,001,Saturday,"April 9, 2016",9:00 AM,11:00 AM,REN 2106,,,,,,,,,,,,,,,,,,,,,,,,,,,,,
JAPAN 201R,001,Friday,"April 8, 2016",9:00 AM,11:00 AM,REN 2102,,,,,,,,,,,,,,,,,,,,,,,,,,,,,
JAPAN 202R,001,Saturday,"April 9, 2016",4:00 PM,6:30 PM,REN 2102,,,,,,,,,,,,,,,,,,,,,,,,,,,,,
JAPAN 301R,001,Monday,"April 18, 2016",9:00 AM,11:30 AM,REN 2102,,,,,,,,,,,,,,,,,,,,,,,,,,,,,
JS 215,081 Online,See https://uwaterloo.ca/quest/help/students/how-do-i/online-exam-schedule,,,,,,,,,,,,,,,,,,,,,,,,,,,,,,,,,
JS 217,001,Monday,"April 11, 2016",9:00 AM,11:30 AM,PAS 2086,,,,,,,,,,,,,,,,,,,,,,,,,,,,,
KIN 100,001,Friday,"April 15, 2016",12:30 PM,3:00 PM,"PAC 4,5,6,7",,,,,,,,,,,,,,,,,,,,,,,,,,,,,
KIN 100L,001 to 010,Friday,"April 15, 2016",7:30 PM,10:00 PM,M3 1006,,,,,,,,,,,,,,,,,,,,,,,,,,,,,
KIN 101,001 to 016,Thursday,"April 14, 2016",9:00 AM,11:30 AM,"PAC 7,8,9",,,,,,,,,,,,,,,,,,,,,,,,,,,,,
KIN 205,001,Monday,"April 11, 2016",9:00 AM,11:30 AM,"MC 2034,2035,2038",,,,,,,,,,,,,,,,,,,,,,,,,,,,,
KIN 210,001,Wednesday,"April 13, 2016",9:00 AM,11:00 AM,"MC 4059,4061",,,,,,,,,,,,,,,,,,,,,,,,,,,,,
KIN 222,001,Saturday,"April 16, 2016",12:30 PM,3:00 PM,"PAC 1,2",,,,,,,,,,,,,,,,,,,,,,,,,,,,,
KIN 242,001,Friday,"April 8, 2016",12:30 PM,3:00 PM,"MC 4020,4021",,,,,,,,,,,,,,,,,,,,,,,,,,,,,
KIN 307,001,Monday,"April 11, 2016",12:30 PM,3:00 PM,MC 4064,,,,,,,,,,,,,,,,,,,,,,,,,,,,,
KIN 342,001,Monday,"April 18, 2016",9:00 AM,11:30 AM,MC 4045,,,,,,,,,,,,,,,,,,,,,,,,,,,,,
KIN 352,001,Saturday,"April 16, 2016",9:00 AM,11:30 AM,"PAC 4,5",,,,,,,,,,,,,,,,,,,,,,,,,,,,,
KIN 356,001,Wednesday,"April 20, 2016",4:00 PM,6:00 PM,DC 1351,,,,,,,,,,,,,,,,,,,,,,,,,,,,,
KIN 408,001,Wednesday,"April 13, 2016",12:30 PM,3:00 PM,M3 1006,,,,,,,,,,,,,,,,,,,,,,,,,,,,,
KIN 415,001,Friday,"April 22, 2016",7:30 PM,10:00 PM,PAC 6,,,,,,,,,,,,,,,,,,,,,,,,,,,,,
KIN 420,001,Tuesday,"April 19, 2016",7:30 PM,10:00 PM,PAC 1,,,,,,,,,,,,,,,,,,,,,,,,,,,,,
KIN 427,001,Friday,"April 15, 2016",12:30 PM,2:30 PM,M3 1006,,,,,,,,,,,,,,,,,,,,,,,,,,,,,
LAT 102,001,Friday,"April 15, 2016",4:00 PM,6:00 PM,MC 4060,,,,,,,,,,,,,,,,,,,,,,,,,,,,,
LAT 202,001,Wednesday,"April 13, 2016",12:30 PM,2:30 PM,RCH 205,,,,,,,,,,,,,,,,,,,,,,,,,,,,,
LAT 381,001,Friday,"April 8, 2016",9:00 AM,11:30 AM,RCH 205,,,,,,,,,,,,,,,,,,,,,,,,,,,,,
LAT 490,001,Friday,"April 8, 2016",9:00 AM,11:30 AM,RCH 205,,,,,,,,,,,,,,,,,,,,,,,,,,,,,
LAT 600,001,Friday,"April 8, 2016",9:00 AM,11:30 AM,RCH 205,,,,,,,,,,,,,,,,,,,,,,,,,,,,,
LS 101,081 Online,See https://uwaterloo.ca/quest/help/students/how-do-i/online-exam-schedule,,,,,,,,,,,,,,,,,,,,,,,,,,,,,,,,,
LS 202,002,Wednesday,"April 13, 2016",9:00 AM,11:30 AM,STJ 1036,,,,,,,,,,,,,,,,,,,,,,,,,,,,,
LS 221,001,Saturday,"April 16, 2016",7:30 PM,9:30 PM,RCH 301,,,,,,,,,,,,,,,,,,,,,,,,,,,,,
LS 222,001,Thursday,"April 21, 2016",4:00 PM,6:00 PM,DC 1351,,,,,,,,,,,,,,,,,,,,,,,,,,,,,
LS 229,001,Wednesday,"April 20, 2016",4:00 PM,6:30 PM,STJ 1036,,,,,,,,,,,,,,,,,,,,,,,,,,,,,
LS 229,081 Online,See https://uwaterloo.ca/quest/help/students/how-do-i/online-exam-schedule,,,,,,,,,,,,,,,,,,,,,,,,,,,,,,,,,
LS 240,001,Monday,"April 18, 2016",12:30 PM,2:30 PM,RCH 301,,,,,,,,,,,,,,,,,,,,,,,,,,,,,
LS 263,001,Monday,"April 11, 2016",12:30 PM,2:00 PM,"MC 4059,4060,4061",,,,,,,,,,,,,,,,,,,,,,,,,,,,,
LS 271,001,Wednesday,"April 20, 2016",9:00 AM,11:30 AM,DC 1350,,,,,,,,,,,,,,,,,,,,,,,,,,,,,
LS 273,001,Monday,"April 11, 2016",9:00 AM,11:30 AM,"REN 2104,2107",,,,,,,,,,,,,,,,,,,,,,,,,,,,,
LS 280,001,Exam removed from the schedule. Contact instructor for further information.,,,,,,,,,,,,,,,,,,,,,,,,,,,,,,,,,
LS 292,001,Monday,"April 18, 2016",9:00 AM,11:30 AM,STJ 2009,,,,,,,,,,,,,,,,,,,,,,,,,,,,,
LS 300,001,Tuesday,"April 19, 2016",9:00 AM,11:30 AM,"AL 208,211",,,,,,,,,,,,,,,,,,,,,,,,,,,,,
LS 325,001,Tuesday,"April 12, 2016",12:30 PM,3:00 PM,DC 1350,,,,,,,,,,,,,,,,,,,,,,,,,,,,,
LS 327,081 Online,See https://uwaterloo.ca/quest/help/students/how-do-i/online-exam-schedule,,,,,,,,,,,,,,,,,,,,,,,,,,,,,,,,,
LS 403,001,Monday,"April 11, 2016",4:00 PM,6:30 PM,PAS 2086,,,,,,,,,,,,,,,,,,,,,,,,,,,,,
LS 403,002,Monday,"April 11, 2016",12:30 PM,3:00 PM,PAS 1229,,,,,,,,,,,,,,,,,,,,,,,,,,,,,
LS 492,001,Friday,"April 15, 2016",9:00 AM,11:30 AM,ML 246,,,,,,,,,,,,,,,,,,,,,,,,,,,,,
MATBUS 470,001,Monday,"April 18, 2016",4:00 PM,6:30 PM,"PAC 9,10",,,,,,,,,,,,,,,,,,,,,,,,,,,,,
MATBUS 471,001,Saturday,"April 16, 2016",7:30 PM,10:00 PM,MC 4021,,,,,,,,,,,,,,,,,,,,,,,,,,,,,
MATBUS 472,001,Monday,"April 11, 2016",4:00 PM,6:30 PM,PAC 10,,,,,,,,,,,,,,,,,,,,,,,,,,,,,
MATH 103,081 Online,See https://uwaterloo.ca/quest/help/students/how-do-i/online-exam-schedule,,,,,,,,,,,,,,,,,,,,,,,,,,,,,,,,,
MATH 104,081 Online,See https://uwaterloo.ca/quest/help/students/how-do-i/online-exam-schedule,,,,,,,,,,,,,,,,,,,,,,,,,,,,,,,,,
MATH 106,001,Wednesday,"April 20, 2016",4:00 PM,6:30 PM,PAC 3,,,,,,,,,,,,,,,,,,,,,,,,,,,,,
MATH 118,001 to 005,Monday,"April 11, 2016",7:30 PM,10:00 PM,"PAC 4,5,6,7,11",,,,,,,,,,,,,,,,,,,,,,,,,,,,,
MATH 119,001 to 003,Monday,"April 11, 2016",7:30 PM,10:00 PM,"PAC 1,2,3,8",,,,,,,,,,,,,,,,,,,,,,,,,,,,,
MATH 127,001 to 003,Wednesday,"April 13, 2016",4:00 PM,6:30 PM,"PAC 1,2,3",,,,,,,,,,,,,,,,,,,,,,,,,,,,,
MATH 127,081 Online,See https://uwaterloo.ca/quest/help/students/how-do-i/online-exam-schedule,,,,,,,,,,,,,,,,,,,,,,,,,,,,,,,,,
MATH 128,001 to 007,Friday,"April 8, 2016",12:30 PM,3:00 PM,"PAC 1,2,3,4,5,6,7",,,,,,,,,,,,,,,,,,,,,,,,,,,,,
MATH 128,081 Online,See https://uwaterloo.ca/quest/help/students/how-do-i/online-exam-schedule,,,,,,,,,,,,,,,,,,,,,,,,,,,,,,,,,
MATH 135,001 to 010,Friday,"April 22, 2016",9:00 AM,11:30 AM,"PAC 4,5,6,7,8",,,,,,,,,,,,,,,,,,,,,,,,,,,,,
MATH 136,"001 to 003,005 to 008",Monday,"April 11, 2016",9:00 AM,11:30 AM,"PAC 1,2,3,4,5,6,7,8,9,10,11,12",,,,,,,,,,,,,,,,,,,,,,,,,,,,,
MATH 136,004,Monday,"April 11, 2016",9:00 AM,11:30 AM,M3 1006,,,,,,,,,,,,,,,,,,,,,,,,,,,,,
MATH 136,081 Online,See https://uwaterloo.ca/quest/help/students/how-do-i/online-exam-schedule,,,,,,,,,,,,,,,,,,,,,,,,,,,,,,,,,
MATH 137,001 to 003,Friday,"April 15, 2016",4:00 PM,6:30 PM,"DC 1350,1351",,,,,,,,,,,,,,,,,,,,,,,,,,,,,
MATH 138,"001 to 004,007 to 009",Friday,"April 8, 2016",9:00 AM,11:30 AM,"PAC 1,2,3,4,5,6,7,8,9,10,11,12",,,,,,,,,,,,,,,,,,,,,,,,,,,,,
MATH 138,005,Friday,"April 8, 2016",9:00 AM,11:30 AM,RCH 105,,,,,,,,,,,,,,,,,,,,,,,,,,,,,
MATH 138,006,Friday,"April 8, 2016",9:00 AM,11:30 AM,"RCH 301,302",,,,,,,,,,,,,,,,,,,,,,,,,,,,,
MATH 146,001,Monday,"April 18, 2016",9:00 AM,11:30 AM,DC 1351,,,,,,,,,,,,,,,,,,,,,,,,,,,,,
MATH 148,001,Thursday,"April 21, 2016",9:00 AM,11:30 AM,"MC 2034,2035",,,,,,,,,,,,,,,,,,,,,,,,,,,,,
MATH 207,001,Wednesday,"April 20, 2016",12:30 PM,3:00 PM,PAC 5,,,,,,,,,,,,,,,,,,,,,,,,,,,,,
MATH 215,"001,002",Wednesday,"April 20, 2016",12:30 PM,3:00 PM,"PAC 7,8",,,,,,,,,,,,,,,,,,,,,,,,,,,,,
MATH 217,001,Saturday,"April 9, 2016",7:30 PM,10:00 PM,MC 1085,,,,,,,,,,,,,,,,,,,,,,,,,,,,,
MATH 225,081 Online,See https://uwaterloo.ca/quest/help/students/how-do-i/online-exam-schedule,,,,,,,,,,,,,,,,,,,,,,,,,,,,,,,,,
MATH 228,001,Friday,"April 8, 2016",7:30 PM,10:00 PM,RCH 309,,,,,,,,,,,,,,,,,,,,,,,,,,,,,
MATH 235,"001,002",Friday,"April 8, 2016",7:30 PM,10:00 PM,"PAC 1,2,3",,,,,,,,,,,,,,,,,,,,,,,,,,,,,
MATH 237,"001,002",Wednesday,"April 20, 2016",12:30 PM,3:00 PM,"PAC 1,2,3",,,,,,,,,,,,,,,,,,,,,,,,,,,,,
MATH 239,001 to 003,Saturday,"April 16, 2016",12:30 PM,3:00 PM,"PAC 4,5,6,7",,,,,,,,,,,,,,,,,,,,,,,,,,,,,
MATH 249,001,Saturday,"April 9, 2016",7:30 PM,10:00 PM,MC 2034,,,,,,,,,,,,,,,,,,,,,,,,,,,,,
ME 101,001,Wednesday,"April 13, 2016",12:30 PM,3:00 PM,"MC 4020,4021",,,,,,,,,,,,,,,,,,,,,,,,,,,,,
ME 115,001,Monday,"April 18, 2016",12:30 PM,3:00 PM,"MC 4059,4061",,,,,,,,,,,,,,,,,,,,,,,,,,,,,
ME 201,001,Monday,"April 11, 2016",9:00 AM,11:30 AM,"E5 3101,3102",,,,,,,,,,,,,,,,,,,,,,,,,,,,,
ME 202,001,Wednesday,"April 13, 2016",9:00 AM,11:30 AM,"E5 3101,3102",,,,,,,,,,,,,,,,,,,,,,,,,,,,,
ME 219,001,Monday,"April 18, 2016",9:00 AM,11:30 AM,"E5 3101,3102",,,,,,,,,,,,,,,,,,,,,,,,,,,,,
ME 230,001,Friday,"April 8, 2016",9:00 AM,11:30 AM,"E5 3101,3102",,,,,,,,,,,,,,,,,,,,,,,,,,,,,
ME 269,001,Friday,"April 15, 2016",4:00 PM,6:30 PM,"E5 3101,3102",,,,,,,,,,,,,,,,,,,,,,,,,,,,,
ME 303,001,Monday,"April 11, 2016",12:30 PM,3:00 PM,"E5 3101,3102",,,,,,,,,,,,,,,,,,,,,,,,,,,,,
ME 321,001,Wednesday,"April 13, 2016",12:30 PM,3:00 PM,"E5 3101,3102",,,,,,,,,,,,,,,,,,,,,,,,,,,,,
ME 322,001,Wednesday,"April 13, 2016",9:00 AM,11:30 AM,"RCH 110,112",,,,,,,,,,,,,,,,,,,,,,,,,,,,,
ME 340,001,Friday,"April 15, 2016",12:30 PM,3:00 PM,"E5 3101,3102",,,,,,,,,,,,,,,,,,,,,,,,,,,,,
ME 351,001,Friday,"April 8, 2016",12:30 PM,3:00 PM,"E5 3101,3102",,,,,,,,,,,,,,,,,,,,,,,,,,,,,
ME 351,002,Friday,"April 8, 2016",9:00 AM,11:30 AM,"MC 2017,2054",,,,,,,,,,,,,,,,,,,,,,,,,,,,,
ME 353,001,Monday,"April 11, 2016",9:00 AM,11:30 AM,"RCH 103,105",,,,,,,,,,,,,,,,,,,,,,,,,,,,,
ME 354,001,Wednesday,"April 20, 2016",9:00 AM,11:30 AM,"E5 3101,3102",,,,,,,,,,,,,,,,,,,,,,,,,,,,,
ME 360,001,Monday,"April 18, 2016",7:30 PM,10:00 PM,"E5 3101,3102",,,,,,,,,,,,,,,,,,,,,,,,,,,,,
ME 362,001,Friday,"April 8, 2016",12:30 PM,3:00 PM,"RCH 103,105",,,,,,,,,,,,,,,,,,,,,,,,,,,,,
ME 452,001,Wednesday,"April 20, 2016",12:30 PM,3:00 PM,"E5 3101,3102",,,,,,,,,,,,,,,,,,,,,,,,,,,,,
ME 524,001,Monday,"April 18, 2016",12:30 PM,3:00 PM,DWE 2402,,,,,,,,,,,,,,,,,,,,,,,,,,,,,
ME 526,001,Saturday,"April 16, 2016",7:30 PM,10:00 PM,"E5 3101,3102",,,,,,,,,,,,,,,,,,,,,,,,,,,,,
ME 535,001,Friday,"April 8, 2016",12:30 PM,3:00 PM,DWE 1502,,,,,,,,,,,,,,,,,,,,,,,,,,,,,
ME 538,001,Tuesday,"April 12, 2016",7:30 PM,10:00 PM,CPH 3679,,,,,,,,,,,,,,,,,,,,,,,,,,,,,
ME 547,001,Tuesday,"April 12, 2016",4:00 PM,6:30 PM,"E5 3101,3102",,,,,,,,,,,,,,,,,,,,,,,,,,,,,
ME 555,001,Monday,"April 11, 2016",12:30 PM,3:00 PM,DWE 3522,,,,,,,,,,,,,,,,,,,,,,,,,,,,,
ME 564,001,Thursday,"April 14, 2016",4:00 PM,6:30 PM,"E5 3101,3102",,,,,,,,,,,,,,,,,,,,,,,,,,,,,
ME 567,001,Saturday,"April 16, 2016",12:30 PM,3:00 PM,CPH 3679,,,,,,,,,,,,,,,,,,,,,,,,,,,,,
ME 595,001,Thursday,"April 21, 2016",9:00 AM,11:30 AM,CPH 3679,,,,,,,,,,,,,,,,,,,,,,,,,,,,,
ME 597,002,Tuesday,"April 19, 2016",9:00 AM,11:30 AM,CPH 3679,,,,,,,,,,,,,,,,,,,,,,,,,,,,,
ME 598,001,Friday,"April 15, 2016",9:00 AM,11:30 AM,"CPH 3602,3679",,,,,,,,,,,,,,,,,,,,,,,,,,,,,
ME 599,001,Thursday,"April 14, 2016",9:00 AM,11:30 AM,"E5 3101,3102",,,,,,,,,,,,,,,,,,,,,,,,,,,,,
ME 760,002,Thursday,"April 14, 2016",9:00 AM,11:30 AM,"E5 3101,3102",,,,,,,,,,,,,,,,,,,,,,,,,,,,,
MEDVL 304,001,Friday,"April 8, 2016",9:00 AM,11:30 AM,STJ 2017,,,,,,,,,,,,,,,,,,,,,,,,,,,,,
MNS 102,001,Thursday,"April 21, 2016",9:00 AM,11:30 AM,RCH 211,,,,,,,,,,,,,,,,,,,,,,,,,,,,,
MNS 221,001,Saturday,"April 9, 2016",7:30 PM,10:00 PM,MC 4061,,,,,,,,,,,,,,,,,,,,,,,,,,,,,
MNS 322,001,Friday,"April 15, 2016",9:00 AM,11:30 AM,RCH 301,,,,,,,,,,,,,,,,,,,,,,,,,,,,,
MSCI 121,001,Friday,"April 8, 2016",7:30 PM,10:00 PM,"PAC 9,10",,,,,,,,,,,,,,,,,,,,,,,,,,,,,
MSCI 131,001,Monday,"April 18, 2016",9:00 AM,11:30 AM,MC 4020,,,,,,,,,,,,,,,,,,,,,,,,,,,,,
MSCI 211,081 Online,See https://uwaterloo.ca/quest/help/students/how-do-i/online-exam-schedule,,,,,,,,,,,,,,,,,,,,,,,,,,,,,,,,,
MSCI 261,001,Wednesday,"April 20, 2016",4:00 PM,6:30 PM,"PAC 9,10",,,,,,,,,,,,,,,,,,,,,,,,,,,,,
MSCI 261,002,Wednesday,"April 20, 2016",4:00 PM,6:30 PM,PAC 8,,,,,,,,,,,,,,,,,,,,,,,,,,,,,
MSCI 311,001,Tuesday,"April 12, 2016",12:30 PM,3:00 PM,"PAC 4,5",,,,,,,,,,,,,,,,,,,,,,,,,,,,,
MSCI 311,002,Friday,"April 8, 2016",12:30 PM,3:00 PM,RCH 307,,,,,,,,,,,,,,,,,,,,,,,,,,,,,
MSCI 331,001,Friday,"April 15, 2016",4:00 PM,6:30 PM,MC 1085,,,,,,,,,,,,,,,,,,,,,,,,,,,,,
MSCI 334,001,Wednesday,"April 13, 2016",4:00 PM,6:30 PM,PAC 12,,,,,,,,,,,,,,,,,,,,,,,,,,,,,
MSCI 431,"001,002",Monday,"April 11, 2016",9:00 AM,11:30 AM,MC 4020,,,,,,,,,,,,,,,,,,,,,,,,,,,,,
MSCI 432,001,Tuesday,"April 19, 2016",4:00 PM,6:30 PM,PAC 1,,,,,,,,,,,,,,,,,,,,,,,,,,,,,
MSCI 435,001,Monday,"April 11, 2016",9:00 AM,11:30 AM,CPH 4333,,,,,,,,,,,,,,,,,,,,,,,,,,,,,
MSCI 541,001,Monday,"April 18, 2016",12:30 PM,3:00 PM,CPH 4333,,,,,,,,,,,,,,,,,,,,,,,,,,,,,
MSCI 555,001,Thursday,"April 21, 2016",4:00 PM,6:30 PM,RCH 211,,,,,,,,,,,,,,,,,,,,,,,,,,,,,
MSCI 720,001,Monday,"April 18, 2016",12:30 PM,3:00 PM,CPH 4333,,,,,,,,,,,,,,,,,,,,,,,,,,,,,
MTE 111,001,Friday,"April 8, 2016",12:30 PM,3:00 PM,PAC 8,,,,,,,,,,,,,,,,,,,,,,,,,,,,,
MTE 119,001,Monday,"April 18, 2016",4:00 PM,6:30 PM,PAC 1,,,,,,,,,,,,,,,,,,,,,,,,,,,,,
MTE 120,001,Wednesday,"April 13, 2016",4:00 PM,6:30 PM,"MC 4020,4021",,,,,,,,,,,,,,,,,,,,,,,,,,,,,
MTE 140,001,Friday,"April 15, 2016",4:00 PM,6:30 PM,M3 1006,,,,,,,,,,,,,,,,,,,,,,,,,,,,,
MTE 201,001,Monday,"April 18, 2016",9:00 AM,11:30 AM,"DWE 2402,2527",,,,,,,,,,,,,,,,,,,,,,,,,,,,,
MTE 202,001,Tuesday,"April 19, 2016",4:00 PM,6:30 PM,"DWE 2402,2527",,,,,,,,,,,,,,,,,,,,,,,,,,,,,
MTE 219,001,Monday,"April 11, 2016",12:30 PM,3:00 PM,"DWE 2402,2527",,,,,,,,,,,,,,,,,,,,,,,,,,,,,
MTE 262,001,Wednesday,"April 13, 2016",12:30 PM,3:00 PM,"DWE 2402,2527",,,,,,,,,,,,,,,,,,,,,,,,,,,,,
MTE 322,001,Monday,"April 11, 2016",7:30 PM,10:00 PM,"E5 3101,3102",,,,,,,,,,,,,,,,,,,,,,,,,,,,,
MTE 360,001,Wednesday,"April 13, 2016",4:00 PM,6:30 PM,"E5 3101,3102",,,,,,,,,,,,,,,,,,,,,,,,,,,,,
MTHEL 131,001,Tuesday,"April 19, 2016",4:00 PM,6:00 PM,"MC 4020,4021,4059,4061",,,,,,,,,,,,,,,,,,,,,,,,,,,,,
MUSIC 100,001,Tuesday,"April 19, 2016",7:30 PM,10:00 PM,"CGC 1111,1208,1302",,,,,,,,,,,,,,,,,,,,,,,,,,,,,
MUSIC 100,002,Tuesday,"April 19, 2016",7:30 PM,9:00 PM,"CGC 1300,1301,2202",,,,,,,,,,,,,,,,,,,,,,,,,,,,,
MUSIC 240,001,Saturday,"April 23, 2016",12:30 PM,3:00 PM,CGC 1111,,,,,,,,,,,,,,,,,,,,,,,,,,,,,
MUSIC 246,001,Saturday,"April 16, 2016",12:30 PM,3:00 PM,"DC 1350,1351",,,,,,,,,,,,,,,,,,,,,,,,,,,,,
MUSIC 260,001,Friday,"April 15, 2016",9:00 AM,11:00 AM,CGC 1302,,,,,,,,,,,,,,,,,,,,,,,,,,,,,
NE 113,001,Monday,"April 18, 2016",4:00 PM,6:30 PM,"PAC 11,12",,,,,,,,,,,,,,,,,,,,,,,,,,,,,
NE 122,001,Friday,"April 8, 2016",12:30 PM,3:00 PM,"PAC 11,12",,,,,,,,,,,,,,,,,,,,,,,,,,,,,
NE 125,001,Wednesday,"April 13, 2016",4:00 PM,6:30 PM,"MC 4059,4061",,,,,,,,,,,,,,,,,,,,,,,,,,,,,
NE 131,001,Friday,"April 15, 2016",12:30 PM,3:00 PM,"PAC 11,12",,,,,,,,,,,,,,,,,,,,,,,,,,,,,
NE 452,001,Monday,"April 18, 2016",9:00 AM,11:30 AM,RCH 205,,,,,,,,,,,,,,,,,,,,,,,,,,,,,
NE 469,001,Thursday,"April 14, 2016",12:30 PM,3:00 PM,MC 4040,,,,,,,,,,,,,,,,,,,,,,,,,,,,,
NE 479,001,Monday,"April 11, 2016",4:00 PM,6:30 PM,RCH 103,,,,,,,,,,,,,,,,,,,,,,,,,,,,,
NE 479,002,Saturday,"April 9, 2016",7:30 PM,10:00 PM,MC 2035,,,,,,,,,,,,,,,,,,,,,,,,,,,,,
NE 489,001,Thursday,"April 21, 2016",9:00 AM,11:30 AM,MC 2038,,,,,,,,,,,,,,,,,,,,,,,,,,,,,
NE 489,002,Monday,"April 18, 2016",9:00 AM,11:30 AM,RCH 206,,,,,,,,,,,,,,,,,,,,,,,,,,,,,
NE 499,001,Wednesday,"April 13, 2016",9:00 AM,11:30 AM,MC 2054,,,,,,,,,,,,,,,,,,,,,,,,,,,,,
NE 499,002,Tuesday,"April 19, 2016",12:30 PM,3:00 PM,MC 4060,,,,,,,,,,,,,,,,,,,,,,,,,,,,,
OPTOM 103,001,Friday,"April 15, 2016",9:00 AM,10:30 AM,REV 200,,,,,,,,,,,,,,,,,,,,,,,,,,,,,
OPTOM 114,001,Wednesday,"April 13, 2016",9:00 AM,11:30 AM,REV 200,,,,,,,,,,,,,,,,,,,,,,,,,,,,,
OPTOM 134,001,Wednesday,"April 20, 2016",9:00 AM,10:30 AM,REV 200,,,,,,,,,,,,,,,,,,,,,,,,,,,,,
OPTOM 143,001,Friday,"April 8, 2016",9:00 AM,11:00 AM,REV 200,,,,,,,,,,,,,,,,,,,,,,,,,,,,,
OPTOM 152,001,Monday,"April 18, 2016",9:00 AM,11:00 AM,REV 200,,,,,,,,,,,,,,,,,,,,,,,,,,,,,
OPTOM 246,001,Friday,"April 15, 2016",12:30 PM,2:30 PM,REV 200,,,,,,,,,,,,,,,,,,,,,,,,,,,,,
OPTOM 250,001,Wednesday,"April 20, 2016",12:30 PM,2:00 PM,REV 200,,,,,,,,,,,,,,,,,,,,,,,,,,,,,
OPTOM 255,001,Friday,"April 8, 2016",12:30 PM,2:30 PM,REV 200,,,,,,,,,,,,,,,,,,,,,,,,,,,,,
OPTOM 261,001,Monday,"April 11, 2016",12:30 PM,3:00 PM,REV 200,,,,,,,,,,,,,,,,,,,,,,,,,,,,,
OPTOM 262,001,Friday,"April 22, 2016",12:30 PM,1:30 PM,REV 200,,,,,,,,,,,,,,,,,,,,,,,,,,,,,
OPTOM 270,001,Monday,"April 18, 2016",12:30 PM,2:00 PM,REV 200,,,,,,,,,,,,,,,,,,,,,,,,,,,,,
OPTOM 272,001,Wednesday,"April 13, 2016",12:30 PM,3:00 PM,REV 200,,,,,,,,,,,,,,,,,,,,,,,,,,,,,
OPTOM 339,001,Monday,"April 11, 2016",9:00 AM,11:00 AM,REV 200,,,,,,,,,,,,,,,,,,,,,,,,,,,,,
OPTOM 342B,001,Friday,"April 15, 2016",4:00 PM,6:30 PM,REV 200,,,,,,,,,,,,,,,,,,,,,,,,,,,,,
OPTOM 365,001,Friday,"April 8, 2016",4:00 PM,6:30 PM,REV 200,,,,,,,,,,,,,,,,,,,,,,,,,,,,,
OPTOM 367,001,Monday,"April 11, 2016",4:00 PM,6:30 PM,REV 200,,,,,,,,,,,,,,,,,,,,,,,,,,,,,
OPTOM 377,001,Monday,"April 18, 2016",4:00 PM,6:30 PM,REV 200,,,,,,,,,,,,,,,,,,,,,,,,,,,,,
OPTOM 385,001,Wednesday,"April 13, 2016",4:00 PM,6:30 PM,REV 200,,,,,,,,,,,,,,,,,,,,,,,,,,,,,
PACS 201,081 Online,See https://uwaterloo.ca/quest/help/students/how-do-i/online-exam-schedule,,,,,,,,,,,,,,,,,,,,,,,,,,,,,,,,,
PACS 202,001,Wednesday,"April 20, 2016",9:00 AM,11:30 AM,DC 1350,,,,,,,,,,,,,,,,,,,,,,,,,,,,,
PACS 203,001,Wednesday,"April 13, 2016",7:30 PM,10:00 PM,CGC 1111,,,,,,,,,,,,,,,,,,,,,,,,,,,,,
PACS 302,001,Tuesday,"April 12, 2016",7:30 PM,10:00 PM,CGC 1301,,,,,,,,,,,,,,,,,,,,,,,,,,,,,
PHIL 110B,081 Online,See https://uwaterloo.ca/quest/help/students/how-do-i/online-exam-schedule,,,,,,,,,,,,,,,,,,,,,,,,,,,,,,,,,
PHIL 120J,001,Tuesday,"April 19, 2016",9:00 AM,11:30 AM,STJ 2011,,,,,,,,,,,,,,,,,,,,,,,,,,,,,
PHIL 145,001,Saturday,"April 16, 2016",9:00 AM,11:30 AM,AL 113,,,,,,,,,,,,,,,,,,,,,,,,,,,,,
PHIL 145,081 Online,See https://uwaterloo.ca/quest/help/students/how-do-i/online-exam-schedule,,,,,,,,,,,,,,,,,,,,,,,,,,,,,,,,,
PHIL 202,081 Online,See https://uwaterloo.ca/quest/help/students/how-do-i/online-exam-schedule,,,,,,,,,,,,,,,,,,,,,,,,,,,,,,,,,
PHIL 210J,001,Friday,"April 8, 2016",9:00 AM,11:30 AM,STJ 3015,,,,,,,,,,,,,,,,,,,,,,,,,,,,,
PHIL 215,001,Thursday,"April 14, 2016",4:00 PM,6:30 PM,"PAC 4,5",,,,,,,,,,,,,,,,,,,,,,,,,,,,,
PHIL 215,002,Thursday,"April 14, 2016",4:00 PM,6:30 PM,"PAC 11,12",,,,,,,,,,,,,,,,,,,,,,,,,,,,,
PHIL 215,003,Thursday,"April 14, 2016",4:00 PM,6:30 PM,PAC 7,,,,,,,,,,,,,,,,,,,,,,,,,,,,,
PHIL 215,004,Thursday,"April 14, 2016",4:00 PM,6:30 PM,PAC 8,,,,,,,,,,,,,,,,,,,,,,,,,,,,,
PHIL 220,081 Online,See https://uwaterloo.ca/quest/help/students/how-do-i/online-exam-schedule,,,,,,,,,,,,,,,,,,,,,,,,,,,,,,,,,
PHIL 221,081 Online,See https://uwaterloo.ca/quest/help/students/how-do-i/online-exam-schedule,,,,,,,,,,,,,,,,,,,,,,,,,,,,,,,,,
PHIL 224,001,Monday,"April 18, 2016",12:30 PM,3:00 PM,RCH 205,,,,,,,,,,,,,,,,,,,,,,,,,,,,,
PHIL 240,001,Saturday,"April 9, 2016",7:30 PM,10:00 PM,RCH 204,,,,,,,,,,,,,,,,,,,,,,,,,,,,,
PHIL 256,081 Online,See https://uwaterloo.ca/quest/help/students/how-do-i/online-exam-schedule,,,,,,,,,,,,,,,,,,,,,,,,,,,,,,,,,
PHIL 318J,001,Monday,"April 11, 2016",9:00 AM,11:30 AM,STJ 2011,,,,,,,,,,,,,,,,,,,,,,,,,,,,,
PHIL 355,001,Exam removed from the schedule. Contact instructor for further information.,,,,,,,,,,,,,,,,,,,,,,,,,,,,,,,,,
PHIL 380,081 Online,See https://uwaterloo.ca/quest/help/students/how-do-i/online-exam-schedule,,,,,,,,,,,,,,,,,,,,,,,,,,,,,,,,,
PHYS 111,001 to 003,Friday,"April 22, 2016",4:00 PM,6:30 PM,"PAC 4,5,6,7,8",,,,,,,,,,,,,,,,,,,,,,,,,,,,,
PHYS 111,081 Online,See https://uwaterloo.ca/quest/help/students/how-do-i/online-exam-schedule,,,,,,,,,,,,,,,,,,,,,,,,,,,,,,,,,
PHYS 112,001 to 003,Tuesday,"April 19, 2016",9:00 AM,11:30 AM,"PAC 1,2,3,7,8,9",,,,,,,,,,,,,,,,,,,,,,,,,,,,,
PHYS 112L,001 to 014,Wednesday,"April 20, 2016",9:00 AM,10:00 AM,"PAC 4,5,6,7",,,,,,,,,,,,,,,,,,,,,,,,,,,,,
PHYS 121,081 Online,See https://uwaterloo.ca/quest/help/students/how-do-i/online-exam-schedule,,,,,,,,,,,,,,,,,,,,,,,,,,,,,,,,,
PHYS 122,"001,002",Tuesday,"April 19, 2016",9:00 AM,11:30 AM,"PAC 4,5,6",,,,,,,,,,,,,,,,,,,,,,,,,,,,,
PHYS 122L,001 to 005,Wednesday,"April 20, 2016",9:00 AM,10:00 AM,PAC 3,,,,,,,,,,,,,,,,,,,,,,,,,,,,,
PHYS 124,001,Friday,"April 15, 2016",7:30 PM,10:00 PM,"PAC 7,8",,,,,,,,,,,,,,,,,,,,,,,,,,,,,
PHYS 125,001,Wednesday,"April 13, 2016",4:00 PM,6:30 PM,"MC 2017,2054",,,,,,,,,,,,,,,,,,,,,,,,,,,,,
PHYS 132L,001 to 006,Wednesday,"April 20, 2016",9:00 AM,10:00 AM,"PAC 1,2",,,,,,,,,,,,,,,,,,,,,,,,,,,,,
PHYS 175,001,Friday,"April 22, 2016",4:00 PM,6:30 PM,"PAC 1,2",,,,,,,,,,,,,,,,,,,,,,,,,,,,,
PHYS 233,001,Saturday,"April 23, 2016",4:00 PM,6:30 PM,PHY 308,,,,,,,,,,,,,,,,,,,,,,,,,,,,,
PHYS 234,001,Thursday,"April 21, 2016",4:00 PM,6:30 PM,MC 1085,,,,,,,,,,,,,,,,,,,,,,,,,,,,,
PHYS 239,001,Wednesday,"April 20, 2016",7:30 PM,10:00 PM,PHY 308,,,,,,,,,,,,,,,,,,,,,,,,,,,,,
PHYS 242,001,Monday,"April 18, 2016",7:30 PM,10:00 PM,PAC 7,,,,,,,,,,,,,,,,,,,,,,,,,,,,,
PHYS 263,001,Tuesday,"April 12, 2016",9:00 AM,11:30 AM,RCH 305,,,,,,,,,,,,,,,,,,,,,,,,,,,,,
PHYS 280,001,Monday,"April 11, 2016",7:30 PM,10:00 PM,MC 4045,,,,,,,,,,,,,,,,,,,,,,,,,,,,,
PHYS 334,001,Monday,"April 18, 2016",9:00 AM,11:30 AM,MC 4021,,,,,,,,,,,,,,,,,,,,,,,,,,,,,
PHYS 335,001,Monday,"April 11, 2016",12:30 PM,3:00 PM,"MC 2034,2035",,,,,,,,,,,,,,,,,,,,,,,,,,,,,
PHYS 342,001,Saturday,"April 9, 2016",12:30 PM,3:00 PM,PAC 8,,,,,,,,,,,,,,,,,,,,,,,,,,,,,
PHYS 359,001,Tuesday,"April 19, 2016",12:30 PM,3:00 PM,"PAC 11,12",,,,,,,,,,,,,,,,,,,,,,,,,,,,,
PHYS 365,001,Thursday,"April 14, 2016",12:30 PM,3:00 PM,RCH 305,,,,,,,,,,,,,,,,,,,,,,,,,,,,,
PHYS 375,001,Saturday,"April 23, 2016",12:30 PM,3:00 PM,PAC 3,,,,,,,,,,,,,,,,,,,,,,,,,,,,,
PHYS 383,001,Wednesday,"April 13, 2016",7:30 PM,10:00 PM,PHY 308,,,,,,,,,,,,,,,,,,,,,,,,,,,,,
PHYS 391,001,Thursday,"April 21, 2016",9:00 AM,11:30 AM,RCH 306,,,,,,,,,,,,,,,,,,,,,,,,,,,,,
PHYS 393,001,Tuesday,"April 12, 2016",12:30 PM,3:00 PM,PHY 308,,,,,,,,,,,,,,,,,,,,,,,,,,,,,
PHYS 395,001,Saturday,"April 16, 2016",4:00 PM,6:30 PM,RCH 306,,,,,,,,,,,,,,,,,,,,,,,,,,,,,
PHYS 435,001,Monday,"April 18, 2016",12:30 PM,3:00 PM,PHY 308,,,,,,,,,,,,,,,,,,,,,,,,,,,,,
PHYS 444,001,Friday,"April 22, 2016",9:00 AM,11:30 AM,MC 4045,,,,,,,,,,,,,,,,,,,,,,,,,,,,,
PHYS 467,001,Friday,"April 15, 2016",9:00 AM,11:30 AM,MC 4020,,,,,,,,,,,,,,,,,,,,,,,,,,,,,
PHYS 476,001,Wednesday,"April 20, 2016",4:00 PM,6:30 PM,MC 4061,,,,,,,,,,,,,,,,,,,,,,,,,,,,,
PHYS 483,001,Friday,"April 8, 2016",7:30 PM,10:00 PM,PHY 308,,,,,,,,,,,,,,,,,,,,,,,,,,,,,
PHYS 490,001,Exam removed from the schedule. Contact instructor for further information.,,,,,,,,,,,,,,,,,,,,,,,,,,,,,,,,,
PLAN 203,001,Wednesday,"April 13, 2016",9:00 AM,11:30 AM,PAC 8,,,,,,,,,,,,,,,,,,,,,,,,,,,,,
PLAN 233,001,Saturday,"April 16, 2016",9:00 AM,11:30 AM,"PAC 11,12",,,,,,,,,,,,,,,,,,,,,,,,,,,,,
PLAN 281,001,Thursday,"April 14, 2016",12:30 PM,3:00 PM,"DC 1350,1351",,,,,,,,,,,,,,,,,,,,,,,,,,,,,
PLAN 341,001,Tuesday,"April 12, 2016",9:00 AM,11:30 AM,M3 1006,,,,,,,,,,,,,,,,,,,,,,,,,,,,,
PLAN 353,001,Tuesday,"April 12, 2016",9:00 AM,11:30 AM,MC 4021,,,,,,,,,,,,,,,,,,,,,,,,,,,,,
PLAN 432,001,Friday,"April 8, 2016",9:00 AM,11:30 AM,"RCH 307,308",,,,,,,,,,,,,,,,,,,,,,,,,,,,,
PLAN 471,001,Wednesday,"April 13, 2016",7:30 PM,10:00 PM,"MC 4020,4021",,,,,,,,,,,,,,,,,,,,,,,,,,,,,
PLAN 478,001,Saturday,"April 9, 2016",12:30 PM,3:00 PM,CPH 3607,,,,,,,,,,,,,,,,,,,,,,,,,,,,,
PLAN 630,001,Wednesday,"April 13, 2016",7:30 PM,10:00 PM,"MC 4020,4021",,,,,,,,,,,,,,,,,,,,,,,,,,,,,
PLAN 639,001,Friday,"April 8, 2016",9:00 AM,11:30 AM,"RCH 307,308",,,,,,,,,,,,,,,,,,,,,,,,,,,,,
PMATH 331,001,Wednesday,"April 20, 2016",4:00 PM,6:30 PM,MC 4059,,,,,,,,,,,,,,,,,,,,,,,,,,,,,
PMATH 332,001,Friday,"April 8, 2016",12:30 PM,3:00 PM,"PAC 9,10",,,,,,,,,,,,,,,,,,,,,,,,,,,,,
PMATH 334,001,Thursday,"April 14, 2016",4:00 PM,6:30 PM,PAC 10,,,,,,,,,,,,,,,,,,,,,,,,,,,,,
PMATH 340,001,Exam removed from the schedule. Contact instructor for further information.,,,,,,,,,,,,,,,,,,,,,,,,,,,,,,,,,
PMATH 348,001,Wednesday,"April 20, 2016",9:00 AM,11:30 AM,RCH 105,,,,,,,,,,,,,,,,,,,,,,,,,,,,,
PMATH 352,001,Saturday,"April 16, 2016",7:30 PM,10:00 PM,MC 4064,,,,,,,,,,,,,,,,,,,,,,,,,,,,,
PMATH 365,001,Thursday,"April 14, 2016",4:00 PM,6:30 PM,MC 2034,,,,,,,,,,,,,,,,,,,,,,,,,,,,,
PMATH 370,001,Thursday,"April 14, 2016",9:00 AM,11:30 AM,MC 4064,,,,,,,,,,,,,,,,,,,,,,,,,,,,,
PMATH 432,001,Saturday,"April 9, 2016",7:30 PM,10:00 PM,MC 2038,,,,,,,,,,,,,,,,,,,,,,,,,,,,,
PMATH 446,001,Monday,"April 11, 2016",12:30 PM,3:00 PM,MC 4041,,,,,,,,,,,,,,,,,,,,,,,,,,,,,
PMATH 450,001,Tuesday,"April 12, 2016",12:30 PM,3:00 PM,PAC 8,,,,,,,,,,,,,,,,,,,,,,,,,,,,,
PMATH 451,001,Tuesday,"April 19, 2016",9:00 AM,11:30 AM,MC 4064,,,,,,,,,,,,,,,,,,,,,,,,,,,,,
PMATH 464,001,Wednesday,"April 13, 2016",9:00 AM,11:30 AM,MC 4063,,,,,,,,,,,,,,,,,,,,,,,,,,,,,
PMATH 632,001,Saturday,"April 9, 2016",7:30 PM,10:00 PM,MC 2038,,,,,,,,,,,,,,,,,,,,,,,,,,,,,
PMATH 646,001,Monday,"April 11, 2016",12:30 PM,3:00 PM,MC 4041,,,,,,,,,,,,,,,,,,,,,,,,,,,,,
PMATH 650,001,Tuesday,"April 12, 2016",12:30 PM,3:00 PM,PAC 8,,,,,,,,,,,,,,,,,,,,,,,,,,,,,
PMATH 651,001,Tuesday,"April 19, 2016",9:00 AM,11:30 AM,MC 4064,,,,,,,,,,,,,,,,,,,,,,,,,,,,,
PSCI 150,"001,002",Monday,"April 18, 2016",7:30 PM,9:30 PM,"DC 1350,1351, MC 1056",,,,,,,,,,,,,,,,,,,,,,,,,,,,,
PSCI 231,001,Saturday,"April 23, 2016",4:00 PM,6:30 PM,PAC 4,,,,,,,,,,,,,,,,,,,,,,,,,,,,,
PSCI 244,001,Tuesday,"April 12, 2016",12:30 PM,2:30 PM,RCH 307,,,,,,,,,,,,,,,,,,,,,,,,,,,,,
PSCI 250,001,Saturday,"April 9, 2016",7:30 PM,10:00 PM,MC 4045,,,,,,,,,,,,,,,,,,,,,,,,,,,,,
PSCI 257,001,Wednesday,"April 20, 2016",12:30 PM,3:00 PM,AL 208,,,,,,,,,,,,,,,,,,,,,,,,,,,,,
PSCI 264,001,Tuesday,"April 19, 2016",7:30 PM,10:00 PM,PAC 5,,,,,,,,,,,,,,,,,,,,,,,,,,,,,
PSCI 373,001,Thursday,"April 14, 2016",12:30 PM,2:30 PM,MC 4041,,,,,,,,,,,,,,,,,,,,,,,,,,,,,
PSYCH 101,001,Saturday,"April 16, 2016",7:30 PM,9:30 PM,"PAC 4,5,6,7,8",,,,,,,,,,,,,,,,,,,,,,,,,,,,,
PSYCH 101,002,Saturday,"April 16, 2016",7:30 PM,9:30 PM,"PAC 1,2,3,9,10",,,,,,,,,,,,,,,,,,,,,,,,,,,,,
PSYCH 101,081 Online,See https://uwaterloo.ca/quest/help/students/how-do-i/online-exam-schedule,,,,,,,,,,,,,,,,,,,,,,,,,,,,,,,,,
PSYCH 211,001,Saturday,"April 16, 2016",4:00 PM,6:00 PM,"DC 1350,1351",,,,,,,,,,,,,,,,,,,,,,,,,,,,,
PSYCH 211,081 Online,See https://uwaterloo.ca/quest/help/students/how-do-i/online-exam-schedule,,,,,,,,,,,,,,,,,,,,,,,,,,,,,,,,,
PSYCH 212R,001,Wednesday,"April 13, 2016",9:00 AM,11:30 AM,REN 2107,,,,,,,,,,,,,,,,,,,,,,,,,,,,,
PSYCH 253,001,Monday,"April 11, 2016",7:30 PM,9:00 PM,"DC 1350,1351, MC 1056",,,,,,,,,,,,,,,,,,,,,,,,,,,,,
PSYCH 256,081 Online,See https://uwaterloo.ca/quest/help/students/how-do-i/online-exam-schedule,,,,,,,,,,,,,,,,,,,,,,,,,,,,,,,,,
PSYCH 257,001,Wednesday,"April 13, 2016",4:00 PM,6:00 PM,"DC 1350,1351, MC 1085",,,,,,,,,,,,,,,,,,,,,,,,,,,,,
PSYCH 257R,001,Monday,"April 18, 2016",7:30 PM,10:00 PM,REN 2106,,,,,,,,,,,,,,,,,,,,,,,,,,,,,
PSYCH 261,001,Thursday,"April 21, 2016",9:00 AM,10:30 AM,"DC 1350,1351",,,,,,,,,,,,,,,,,,,,,,,,,,,,,
PSYCH 261,081 Online,See https://uwaterloo.ca/quest/help/students/how-do-i/online-exam-schedule,,,,,,,,,,,,,,,,,,,,,,,,,,,,,,,,,
PSYCH 292,001,Friday,"April 15, 2016",9:00 AM,11:30 AM,M3 1006,,,,,,,,,,,,,,,,,,,,,,,,,,,,,
PSYCH 312,081 Online,See https://uwaterloo.ca/quest/help/students/how-do-i/online-exam-schedule,,,,,,,,,,,,,,,,,,,,,,,,,,,,,,,,,
PSYCH 317,001,Wednesday,"April 13, 2016",7:30 PM,9:30 PM,DC 1351,,,,,,,,,,,,,,,,,,,,,,,,,,,,,
PSYCH 334R,001,Exam removed from the schedule. Contact instructor for further information.,,,,,,,,,,,,,,,,,,,,,,,,,,,,,,,,,
PSYCH 340,001,Saturday,"April 16, 2016",4:00 PM,5:30 PM,MC 4045,,,,,,,,,,,,,,,,,,,,,,,,,,,,,
PSYCH 349R,001,Monday,"April 11, 2016",9:00 AM,11:00 AM,REN 2106,,,,,,,,,,,,,,,,,,,,,,,,,,,,,
PSYCH 391,001,Tuesday,"April 12, 2016",12:30 PM,2:30 PM,RCH 306,,,,,,,,,,,,,,,,,,,,,,,,,,,,,
REC 251,081 Online,See https://uwaterloo.ca/quest/help/students/how-do-i/online-exam-schedule,,,,,,,,,,,,,,,,,,,,,,,,,,,,,,,,,
REC 362,001,Saturday,"April 16, 2016",9:00 AM,11:30 AM,"PAC 4,5",,,,,,,,,,,,,,,,,,,,,,,,,,,,,
REC 383,001,Tuesday,"April 12, 2016",7:30 PM,10:00 PM,MC 1085,,,,,,,,,,,,,,,,,,,,,,,,,,,,,
REES 274,001,Saturday,"April 9, 2016",12:30 PM,3:00 PM,RCH 205,,,,,,,,,,,,,,,,,,,,,,,,,,,,,
REES 385,001,Saturday,"April 9, 2016",7:30 PM,10:00 PM,RCH 205,,,,,,,,,,,,,,,,,,,,,,,,,,,,,
RS 100,081 Online,See https://uwaterloo.ca/quest/help/students/how-do-i/online-exam-schedule,,,,,,,,,,,,,,,,,,,,,,,,,,,,,,,,,
RS 110,081 Online,See https://uwaterloo.ca/quest/help/students/how-do-i/online-exam-schedule,,,,,,,,,,,,,,,,,,,,,,,,,,,,,,,,,
RS 170,081 Online,See https://uwaterloo.ca/quest/help/students/how-do-i/online-exam-schedule,,,,,,,,,,,,,,,,,,,,,,,,,,,,,,,,,
RS 210,001,Monday,"April 11, 2016",9:00 AM,11:30 AM,PAS 2086,,,,,,,,,,,,,,,,,,,,,,,,,,,,,
RS 216,001,Friday,"April 8, 2016",7:30 PM,10:00 PM,STJ 2011,,,,,,,,,,,,,,,,,,,,,,,,,,,,,
RS 230,081 Online,See https://uwaterloo.ca/quest/help/students/how-do-i/online-exam-schedule,,,,,,,,,,,,,,,,,,,,,,,,,,,,,,,,,
RS 235,081 Online,See https://uwaterloo.ca/quest/help/students/how-do-i/online-exam-schedule,,,,,,,,,,,,,,,,,,,,,,,,,,,,,,,,,
RS 275,001,Tuesday,"April 12, 2016",9:00 AM,11:30 AM,REN 2106,,,,,,,,,,,,,,,,,,,,,,,,,,,,,
RS 342,001,Friday,"April 8, 2016",9:00 AM,11:30 AM,STJ 2017,,,,,,,,,,,,,,,,,,,,,,,,,,,,,
RS 391,001,Saturday,"April 23, 2016",9:00 AM,11:30 AM,CGC 1302,,,,,,,,,,,,,,,,,,,,,,,,,,,,,
RUSS 101,001,Saturday,"April 23, 2016",4:00 PM,6:30 PM,RCH 205,,,,,,,,,,,,,,,,,,,,,,,,,,,,,
RUSS 102,001,Saturday,"April 16, 2016",9:00 AM,11:30 AM,RCH 205,,,,,,,,,,,,,,,,,,,,,,,,,,,,,
SCI 201,001,Friday,"April 22, 2016",7:30 PM,10:00 PM,"PAC 1,2",,,,,,,,,,,,,,,,,,,,,,,,,,,,,
SCI 227,001,Friday,"April 8, 2016",7:30 PM,10:00 PM,RCH 305,,,,,,,,,,,,,,,,,,,,,,,,,,,,,
SCI 238,001,Saturday,"April 23, 2016",12:30 PM,3:00 PM,"PAC 1,2",,,,,,,,,,,,,,,,,,,,,,,,,,,,,
SCI 250,001,Monday,"April 18, 2016",7:30 PM,10:00 PM,PAC 4,,,,,,,,,,,,,,,,,,,,,,,,,,,,,
SDS 131R,081 Online,See https://uwaterloo.ca/quest/help/students/how-do-i/online-exam-schedule,,,,,,,,,,,,,,,,,,,,,,,,,,,,,,,,,
SDS 150R,001,Tuesday,"April 12, 2016",4:00 PM,6:00 PM,REN 2106,,,,,,,,,,,,,,,,,,,,,,,,,,,,,
SDS 150R,"002,003",Tuesday,"April 12, 2016",4:00 PM,6:30 PM,STJ 1036,,,,,,,,,,,,,,,,,,,,,,,,,,,,,
SDS 150R,081 Online,See https://uwaterloo.ca/quest/help/students/how-do-i/online-exam-schedule,,,,,,,,,,,,,,,,,,,,,,,,,,,,,,,,,
SDS 210R,001,Monday,"April 11, 2016",9:00 AM,11:30 AM,"REN 2104,2107",,,,,,,,,,,,,,,,,,,,,,,,,,,,,
SDS 215R,001,Wednesday,"April 13, 2016",4:00 PM,6:30 PM,REN 2102,,,,,,,,,,,,,,,,,,,,,,,,,,,,,
SDS 220R,001,Saturday,"April 16, 2016",7:30 PM,10:00 PM,REN 2102,,,,,,,,,,,,,,,,,,,,,,,,,,,,,
SDS 250R,081 Online,See https://uwaterloo.ca/quest/help/students/how-do-i/online-exam-schedule,,,,,,,,,,,,,,,,,,,,,,,,,,,,,,,,,
SE 350,001,Saturday,"April 9, 2016",12:30 PM,3:00 PM,"PAC 1,2",,,,,,,,,,,,,,,,,,,,,,,,,,,,,
SE 465,"001,002",Monday,"April 11, 2016",12:30 PM,3:00 PM,"PAC 1,2,3,9,10",,,,,,,,,,,,,,,,,,,,,,,,,,,,,
SI 101R,001,Wednesday,"April 20, 2016",9:00 AM,11:30 AM,REN 2106,,,,,,,,,,,,,,,,,,,,,,,,,,,,,
SMF 204,001,Friday,"April 15, 2016",12:30 PM,3:00 PM,STJ 1036,,,,,,,,,,,,,,,,,,,,,,,,,,,,,
SMF 318,001,Wednesday,"April 13, 2016",9:00 AM,11:30 AM,STJ 3027,,,,,,,,,,,,,,,,,,,,,,,,,,,,,
SOC 101,001,Thursday,"April 21, 2016",7:30 PM,10:00 PM,STJ 2017,,,,,,,,,,,,,,,,,,,,,,,,,,,,,
SOC 101,002,Monday,"April 11, 2016",4:00 PM,6:30 PM,"DC 1350,1351",,,,,,,,,,,,,,,,,,,,,,,,,,,,,
SOC 101,081 Online,See https://uwaterloo.ca/quest/help/students/how-do-i/online-exam-schedule,,,,,,,,,,,,,,,,,,,,,,,,,,,,,,,,,
SOC 202,001,Saturday,"April 23, 2016",9:00 AM,11:30 AM,PAC 8,,,,,,,,,,,,,,,,,,,,,,,,,,,,,
SOC 221,001,Saturday,"April 16, 2016",7:30 PM,9:30 PM,RCH 301,,,,,,,,,,,,,,,,,,,,,,,,,,,,,
SOC 222,001,Thursday,"April 21, 2016",4:00 PM,6:00 PM,DC 1351,,,,,,,,,,,,,,,,,,,,,,,,,,,,,
SOC 224R,081 Online,See https://uwaterloo.ca/quest/help/students/how-do-i/online-exam-schedule,,,,,,,,,,,,,,,,,,,,,,,,,,,,,,,,,
SOC 229,001,Wednesday,"April 20, 2016",4:00 PM,6:30 PM,STJ 1036,,,,,,,,,,,,,,,,,,,,,,,,,,,,,
SOC 229,081 Online,See https://uwaterloo.ca/quest/help/students/how-do-i/online-exam-schedule,,,,,,,,,,,,,,,,,,,,,,,,,,,,,,,,,
SOC 240,001,Monday,"April 18, 2016",12:30 PM,2:30 PM,RCH 301,,,,,,,,,,,,,,,,,,,,,,,,,,,,,
SOC 248,001,Thursday,"April 14, 2016",12:30 PM,3:00 PM,RCH 302,,,,,,,,,,,,,,,,,,,,,,,,,,,,,
SOC 263,001,Monday,"April 11, 2016",12:30 PM,2:00 PM,"MC 4059,4060,4061",,,,,,,,,,,,,,,,,,,,,,,,,,,,,
SOC 280,001,Exam removed from the schedule. Contact instructor for further information.,,,,,,,,,,,,,,,,,,,,,,,,,,,,,,,,,
SOC 310,001,Friday,"April 15, 2016",9:00 AM,11:30 AM,AL 208,,,,,,,,,,,,,,,,,,,,,,,,,,,,,
SOC 325,001,Tuesday,"April 12, 2016",12:30 PM,3:00 PM,DC 1350,,,,,,,,,,,,,,,,,,,,,,,,,,,,,
SOC 327,081 Online,See https://uwaterloo.ca/quest/help/students/how-do-i/online-exam-schedule,,,,,,,,,,,,,,,,,,,,,,,,,,,,,,,,,
SOC 352,001,Saturday,"April 16, 2016",9:00 AM,11:30 AM,"PAC 4,5",,,,,,,,,,,,,,,,,,,,,,,,,,,,,
SOC 370,001,Tuesday,"April 19, 2016",9:00 AM,11:30 AM,"AL 208,211",,,,,,,,,,,,,,,,,,,,,,,,,,,,,
SOCWK 220R,001,Wednesday,"April 13, 2016",9:00 AM,11:30 AM,REN 2106,,,,,,,,,,,,,,,,,,,,,,,,,,,,,
SOCWK 221R,001,Friday,"April 8, 2016",9:00 AM,11:30 AM,"REN 2104,2107",,,,,,,,,,,,,,,,,,,,,,,,,,,,,
SOCWK 221R,081 Online,See https://uwaterloo.ca/quest/help/students/how-do-i/online-exam-schedule,,,,,,,,,,,,,,,,,,,,,,,,,,,,,,,,,
SOCWK 222R,001,Friday,"April 15, 2016",9:00 AM,11:30 AM,STJ 2017,,,,,,,,,,,,,,,,,,,,,,,,,,,,,
SOCWK 222R,081 Online,See https://uwaterloo.ca/quest/help/students/how-do-i/online-exam-schedule,,,,,,,,,,,,,,,,,,,,,,,,,,,,,,,,,
SOCWK 300R,081 Online,See https://uwaterloo.ca/quest/help/students/how-do-i/online-exam-schedule,,,,,,,,,,,,,,,,,,,,,,,,,,,,,,,,,
SOCWK 357R,081 Online,See https://uwaterloo.ca/quest/help/students/how-do-i/online-exam-schedule,,,,,,,,,,,,,,,,,,,,,,,,,,,,,,,,,
SPAN 101,001 to 005,Saturday,"April 16, 2016",9:00 AM,11:00 AM,M3 1006,,,,,,,,,,,,,,,,,,,,,,,,,,,,,
SPAN 102,"001,002",Tuesday,"April 19, 2016",4:00 PM,6:00 PM,MC 1085,,,,,,,,,,,,,,,,,,,,,,,,,,,,,
SPAN 102,081 Online,See https://uwaterloo.ca/quest/help/students/how-do-i/online-exam-schedule,,,,,,,,,,,,,,,,,,,,,,,,,,,,,,,,,
SPAN 201B,001,Friday,"April 22, 2016",12:30 PM,2:30 PM,PAC 8,,,,,,,,,,,,,,,,,,,,,,,,,,,,,
SPCOM 226,001,Wednesday,"April 20, 2016",7:30 PM,10:00 PM,AL 105,,,,,,,,,,,,,,,,,,,,,,,,,,,,,
SPCOM 228,001,Monday,"April 11, 2016",12:30 PM,3:00 PM,ML 246,,,,,,,,,,,,,,,,,,,,,,,,,,,,,
SPCOM 430,001,Friday,"April 15, 2016",9:00 AM,11:30 AM,ML 246,,,,,,,,,,,,,,,,,,,,,,,,,,,,,
STAT 202,"001,002",Friday,"April 15, 2016",4:00 PM,6:30 PM,"PAC 7,11,12",,,,,,,,,,,,,,,,,,,,,,,,,,,,,
STAT 211,001 to 003,Wednesday,"April 13, 2016",4:00 PM,6:30 PM,"PAC 4,5,6,11",,,,,,,,,,,,,,,,,,,,,,,,,,,,,
STAT 220,001,Thursday,"April 14, 2016",4:00 PM,6:30 PM,"PAC 1,2,3,9",,,,,,,,,,,,,,,,,,,,,,,,,,,,,
STAT 221,001,Wednesday,"April 13, 2016",7:30 PM,10:00 PM,MC 4063,,,,,,,,,,,,,,,,,,,,,,,,,,,,,
STAT 230,"001,002",Thursday,"April 14, 2016",4:00 PM,6:30 PM,"PAC 1,2,3,9",,,,,,,,,,,,,,,,,,,,,,,,,,,,,
STAT 230,081 Online,See https://uwaterloo.ca/quest/help/students/how-do-i/online-exam-schedule,,,,,,,,,,,,,,,,,,,,,,,,,,,,,,,,,
STAT 231,001 to 004,Thursday,"April 14, 2016",9:00 AM,11:30 AM,"PAC 1,2,3,4,5,6",,,,,,,,,,,,,,,,,,,,,,,,,,,,,
STAT 231,081 Online,See https://uwaterloo.ca/quest/help/students/how-do-i/online-exam-schedule,,,,,,,,,,,,,,,,,,,,,,,,,,,,,,,,,
STAT 241,001,Saturday,"April 23, 2016",4:00 PM,6:30 PM,PAC 6,,,,,,,,,,,,,,,,,,,,,,,,,,,,,
STAT 316,001,Thursday,"April 14, 2016",7:30 PM,10:00 PM,"PAC 4,5",,,,,,,,,,,,,,,,,,,,,,,,,,,,,
STAT 321,001,Monday,"April 11, 2016",4:00 PM,6:30 PM,RCH 105,,,,,,,,,,,,,,,,,,,,,,,,,,,,,
STAT 330,"001,002",Thursday,"April 14, 2016",12:30 PM,3:00 PM,M3 1006,,,,,,,,,,,,,,,,,,,,,,,,,,,,,
STAT 331,001,Saturday,"April 16, 2016",9:00 AM,11:30 AM,"PAC 7,8",,,,,,,,,,,,,,,,,,,,,,,,,,,,,
STAT 332,001,Saturday,"April 9, 2016",7:30 PM,10:00 PM,DC 1351,,,,,,,,,,,,,,,,,,,,,,,,,,,,,
STAT 333,"001,002",Monday,"April 18, 2016",4:00 PM,6:30 PM,"PAC 2,3",,,,,,,,,,,,,,,,,,,,,,,,,,,,,
STAT 371,001,Friday,"April 22, 2016",9:00 AM,11:30 AM,DC 1351,,,,,,,,,,,,,,,,,,,,,,,,,,,,,
STAT 372,001,Friday,"April 8, 2016",7:30 PM,10:00 PM,PAC 8,,,,,,,,,,,,,,,,,,,,,,,,,,,,,
STAT 431,001,Thursday,"April 14, 2016",9:00 AM,11:30 AM,M3 1006,,,,,,,,,,,,,,,,,,,,,,,,,,,,,
STAT 435,001,Saturday,"April 9, 2016",7:30 PM,10:00 PM,MC 4041,,,,,,,,,,,,,,,,,,,,,,,,,,,,,
STAT 436,001,Monday,"April 18, 2016",9:00 AM,11:30 AM,MC 4058,,,,,,,,,,,,,,,,,,,,,,,,,,,,,
STAT 437,001,Wednesday,"April 13, 2016",7:30 PM,10:00 PM,MC 4064,,,,,,,,,,,,,,,,,,,,,,,,,,,,,
STAT 440,001,Saturday,"April 9, 2016",12:30 PM,3:00 PM,PAC 3,,,,,,,,,,,,,,,,,,,,,,,,,,,,,
STAT 443,001,Tuesday,"April 12, 2016",9:00 AM,11:30 AM,DC 1351,,,,,,,,,,,,,,,,,,,,,,,,,,,,,
STAT 444,001,Friday,"April 8, 2016",9:00 AM,11:30 AM,RCH 103,,,,,,,,,,,,,,,,,,,,,,,,,,,,,
STAT 450,001,Saturday,"April 16, 2016",4:00 PM,6:30 PM,"PAC 4,5",,,,,,,,,,,,,,,,,,,,,,,,,,,,,
STAT 454,001,Monday,"April 11, 2016",9:00 AM,11:30 AM,MC 4021,,,,,,,,,,,,,,,,,,,,,,,,,,,,,
STAT 835,001,Saturday,"April 9, 2016",7:30 PM,10:00 PM,MC 4041,,,,,,,,,,,,,,,,,,,,,,,,,,,,,
STAT 836,001,Monday,"April 18, 2016",9:00 AM,11:30 AM,MC 4058,,,,,,,,,,,,,,,,,,,,,,,,,,,,,
STAT 837,001,Wednesday,"April 13, 2016",7:30 PM,10:00 PM,MC 4064,,,,,,,,,,,,,,,,,,,,,,,,,,,,,
STAT 840,001,Saturday,"April 9, 2016",12:30 PM,3:00 PM,PAC 3,,,,,,,,,,,,,,,,,,,,,,,,,,,,,
STAT 844,001,Friday,"April 8, 2016",9:00 AM,11:30 AM,RCH 103,,,,,,,,,,,,,,,,,,,,,,,,,,,,,
STAT 854,001,Monday,"April 11, 2016",9:00 AM,11:30 AM,MC 4021,,,,,,,,,,,,,,,,,,,,,,,,,,,,,
SWREN 221R,001,Friday,"April 8, 2016",9:00 AM,11:30 AM,"REN 2104,2107",,,,,,,,,,,,,,,,,,,,,,,,,,,,,
SWREN 224R,081 Online,See https://uwaterloo.ca/quest/help/students/how-do-i/online-exam-schedule,,,,,,,,,,,,,,,,,,,,,,,,,,,,,,,,,
SWREN 300R,081 Online,See https://uwaterloo.ca/quest/help/students/how-do-i/online-exam-schedule,,,,,,,,,,,,,,,,,,,,,,,,,,,,,,,,,
SYDE 112,001,Thursday,"April 14, 2016",9:00 AM,11:30 AM,DWE 1501,,,,,,,,,,,,,,,,,,,,,,,,,,,,,
SYDE 114,001,Friday,"April 8, 2016",9:00 AM,11:30 AM,DWE 1501,,,,,,,,,,,,,,,,,,,,,,,,,,,,,
SYDE 182,001,Friday,"April 15, 2016",7:30 PM,10:00 PM,"E5 3101,3102",,,,,,,,,,,,,,,,,,,,,,,,,,,,,
SYDE 211,001,Thursday,"April 14, 2016",12:30 PM,3:00 PM,RCH 301,,,,,,,,,,,,,,,,,,,,,,,,,,,,,
SYDE 223,001,Saturday,"April 9, 2016",4:00 PM,6:30 PM,RCH 301,,,,,,,,,,,,,,,,,,,,,,,,,,,,,
SYDE 261,001,Monday,"April 18, 2016",9:00 AM,11:30 AM,"RCH 307,308",,,,,,,,,,,,,,,,,,,,,,,,,,,,,
SYDE 283,001,Wednesday,"April 13, 2016",9:00 AM,11:30 AM,RCH 301,,,,,,,,,,,,,,,,,,,,,,,,,,,,,
SYDE 285,001,Monday,"April 11, 2016",9:00 AM,11:30 AM,RCH 301,,,,,,,,,,,,,,,,,,,,,,,,,,,,,
SYDE 312,001,Friday,"April 8, 2016",12:30 PM,3:00 PM,"DWE 1501,1515",,,,,,,,,,,,,,,,,,,,,,,,,,,,,
SYDE 322,001,Tuesday,"April 12, 2016",12:30 PM,3:00 PM,E2 1303,,,,,,,,,,,,,,,,,,,,,,,,,,,,,
SYDE 332,001,Friday,"April 15, 2016",9:00 AM,11:30 AM,E2 1303,,,,,,,,,,,,,,,,,,,,,,,,,,,,,
SYDE 334,001,Saturday,"April 16, 2016",9:00 AM,11:30 AM,"PAC 7,8",,,,,,,,,,,,,,,,,,,,,,,,,,,,,
SYDE 348,001,Exam removed from the schedule. Contact instructor for further information.,,,,,,,,,,,,,,,,,,,,,,,,,,,,,,,,,
SYDE 352,001,Thursday,"April 14, 2016",12:30 PM,3:00 PM,"DWE 1501,1502",,,,,,,,,,,,,,,,,,,,,,,,,,,,,
SYDE 372,001,Tuesday,"April 19, 2016",9:00 AM,11:30 AM,DWE 1501,,,,,,,,,,,,,,,,,,,,,,,,,,,,,
SYDE 384,001,Monday,"April 11, 2016",12:30 PM,3:00 PM,E2 1303,,,,,,,,,,,,,,,,,,,,,,,,,,,,,
SYDE 544,001,Tuesday,"April 12, 2016",9:00 AM,11:30 AM,DWE 1515,,,,,,,,,,,,,,,,,,,,,,,,,,,,,
TS 690,001,Saturday,"April 23, 2016",9:00 AM,11:30 AM,CGC 1302,,,,,,,,,,,,,,,,,,,,,,,,,,,,,
WS 222,081 Online,See https://uwaterloo.ca/quest/help/students/how-do-i/online-exam-schedule,,,,,,,,,,,,,,,,,,,,,,,,,,,,,,,,,
