Exam,Section,Day,Date,Start,Finish,Location,,,,,,,,,,
ACTSC 221,001,Tuesday,"August 9, 2016",4:00 PM,6:30 PM,"PAC 11,12",,,,,,,,,,
ACTSC 231,"001,002",Thursday,"August 11, 2016",4:00 PM,6:30 PM,"PAC 4,5,6",,,,,,,,,,
ACTSC 232,001,Thursday,"August 11, 2016",7:30 PM,10:00 PM,PAC 1,,,,,,,,,,
ACTSC 331,001,Wednesday,"August 10, 2016",7:30 PM,10:00 PM,PAC 3,,,,,,,,,,
ACTSC 371,"001,002",Saturday,"August 6, 2016",12:30 PM,3:00 PM,"PAC 4,5",,,,,,,,,,
ACTSC 372,001,Wednesday,"August 3, 2016",12:30 PM,3:00 PM,"PAC 1,2",,,,,,,,,,
ACTSC 431,001,Monday,"August 8, 2016",9:00 AM,11:30 AM,"PAC 7,8",,,,,,,,,,
ACTSC 432,001,Tuesday,"August 9, 2016",12:30 PM,3:00 PM,"PAC 11,12",,,,,,,,,,
ACTSC 445,001,Thursday,"August 4, 2016",12:30 PM,3:00 PM,PAC 1,,,,,,,,,,
ACTSC 831,001,Monday,"August 8, 2016",9:00 AM,11:30 AM,"PAC 7,8",,,,,,,,,,
ACTSC 832,001,Tuesday,"August 9, 2016",12:30 PM,3:00 PM,"PAC 11,12",,,,,,,,,,
ACTSC 845,001,Thursday,"August 4, 2016",12:30 PM,3:00 PM,PAC 1,,,,,,,,,,
AFM 101,001,Friday,"August 12, 2016",7:30 PM,10:00 PM,"PAC 4,5",,,,,,,,,,
AFM 102,001,Friday,"August 5, 2016",12:30 PM,3:00 PM,STC 1012,,,,,,,,,,
AFM 211,"001,002",Monday,"August 8, 2016",12:30 PM,3:00 PM,"CPH 1346, E2 1310,
PAS 1237, HH 280",,,,,,,,,,
AFM 231,001 to 005,Thursday,"August 4, 2016",12:30 PM,2:30 PM,"M3 1006, MC 4059,4061",,,,,,,,,,
AFM 241,"001,002",Exam removed from schedule. Contact instructor for further information.,,,,,,,,,,,,,,
AFM 272,001,Thursday,"August 11, 2016",4:00 PM,6:30 PM,HH 280,,,,,,,,,,
AFM 274,001 to 004,Wednesday,"August 10, 2016",12:30 PM,3:00 PM,"PAC 4,5,6",,,,,,,,,,
AFM 280,001 to 004,Friday,"August 5, 2016",12:30 PM,3:00 PM,"PAC 1,2,3",,,,,,,,,,
AFM 322,"001,002",Wednesday,"August 10, 2016",9:00 AM,11:00 AM,MC 4059,,,,,,,,,,
AFM 333,"001,002",Monday,"August 8, 2016",12:30 PM,3:00 PM,PAC 3,,,,,,,,,,
AFM 351,001 to 005,Monday,"August 8, 2016",9:00 AM,11:30 AM,"CPH 1346, E2 1310,
PAS 1237, HH 280",,,,,,,,,,
AFM 363,001 to 005,Friday,"August 5, 2016",9:00 AM,11:30 AM,"PAC 4,5,6,7",,,,,,,,,,
AFM 372,001,Exam removed from schedule. Contact instructor for further information.,,,,,,,,,,,,,,
AFM 424,"001,002",Friday,"August 12, 2016",4:00 PM,6:30 PM,CPH 1346,,,,,,,,,,
AFM 433,"001,002",Wednesday,"August 10, 2016",4:00 PM,6:30 PM,E2 1310,,,,,,,,,,
AFM 481,001 to 005,Tuesday,"August 2, 2016",4:00 PM,6:30 PM,"PAC 4,5,6,7",,,,,,,,,,
AFM 491,"001,002",Wednesday,"August 3, 2016",4:00 PM,6:30 PM,PAC 7,,,,,,,,,,
AHS 150,001,Wednesday,"August 3, 2016",4:00 PM,6:00 PM,MC 4042,,,,,,,,,,
AMATH 231,001,Saturday,"August 6, 2016",7:30 PM,10:00 PM,MC 4045,,,,,,,,,,
AMATH 242,001,Wednesday,"August 3, 2016",7:30 PM,10:00 PM,PAC 3,,,,,,,,,,
AMATH 250,001,Friday,"August 12, 2016",12:30 PM,3:00 PM,"PAC 2,3",,,,,,,,,,
AMATH 332,001,Thursday,"August 4, 2016",7:30 PM,10:00 PM,PAC 6,,,,,,,,,,
AMATH 351,001,Thursday,"August 11, 2016",7:30 PM,10:00 PM,MC 4041,,,,,,,,,,
AMATH 353,001,Tuesday,"August 9, 2016",12:30 PM,3:00 PM,MC 4041,,,,,,,,,,
ANTH 100,001,Thursday,"August 4, 2016",4:00 PM,6:00 PM,AL 208,,,,,,,,,,
ANTH 201,001,Tuesday,"August 2, 2016",9:00 AM,11:30 AM,PAS 1229,,,,,,,,,,
ARBUS 202,081 Online,See https://uwaterloo.ca/quest/help/students/how-do-i/online-exam-schedule,,,,,,,,,,,,,,
ARBUS 301,"001,002",Monday,"August 8, 2016",12:30 PM,3:00 PM,PAC 3,,,,,,,,,,
ARTS 280,081 Online,See https://uwaterloo.ca/quest/help/students/how-do-i/online-exam-schedule,,,,,,,,,,,,,,
BIOL 120,001,Saturday,"August 13, 2016",9:00 AM,11:30 AM,PAC 8,,,,,,,,,,
BIOL 130,001,Monday,"August 8, 2016",4:00 PM,6:30 PM,DC 1350,,,,,,,,,,
BIOL 239,001,Friday,"August 12, 2016",7:30 PM,10:00 PM,"PAC 7,8",,,,,,,,,,
BIOL 240,081 Online,See https://uwaterloo.ca/quest/help/students/how-do-i/online-exam-schedule,,,,,,,,,,,,,,
BIOL 240L,001 to 003,Wednesday,"August 10, 2016",4:00 PM,5:00 PM,DC 1350,,,,,,,,,,
BIOL 241,001,Thursday,"August 11, 2016",7:30 PM,10:00 PM,"PAC 7,8",,,,,,,,,,
BIOL 273,001,Tuesday,"August 2, 2016",12:30 PM,3:00 PM,"PAC 1,2,3",,,,,,,,,,
BIOL 273L,001 to 003,Wednesday,"August 3, 2016",4:00 PM,5:00 PM,DC 1350,,,,,,,,,,
BIOL 303,001,Thursday,"August 4, 2016",12:30 PM,3:00 PM,"PAC 7,8",,,,,,,,,,
BIOL 308,001,Friday,"August 12, 2016",12:30 PM,3:00 PM,"PAC 7,8,9",,,,,,,,,,
BIOL 309,001,Tuesday,"August 9, 2016",9:00 AM,11:30 AM,"PAC 7,8",,,,,,,,,,
BIOL 342,001,Tuesday,"August 2, 2016",9:00 AM,11:30 AM,MC 4045,,,,,,,,,,
BIOL 354,001,Thursday,"August 11, 2016",12:30 PM,3:00 PM,DC 1350,,,,,,,,,,
BME 252,001,Monday,"August 8, 2016",4:00 PM,6:30 PM,E2 1303,,,,,,,,,,
BME 282,001,Thursday,"August 11, 2016",9:00 AM,11:30 AM,E2 1303,,,,,,,,,,
BME 284,001,Tuesday,"August 2, 2016",12:30 PM,3:00 PM,E2 1303,,,,,,,,,,
BME 292,001,Friday,"August 5, 2016",9:00 AM,11:30 AM,DC 1351,,,,,,,,,,
BUS 111W,,See http://legacy.wlu.ca/page.php?grp_id=1366&p=14566,,,,WLU,,,,,,,,,,
BUS 121W,,See http://legacy.wlu.ca/page.php?grp_id=1366&p=14566,,,,WLU,,,,,,,,,,
BUS 127W,,See http://legacy.wlu.ca/page.php?grp_id=1366&p=14566,,,,WLU,,,,,,,,,,
BUS 231W,,See http://legacy.wlu.ca/page.php?grp_id=1366&p=14566,,,,WLU,,,,,,,,,,
BUS 247W,,See http://legacy.wlu.ca/page.php?grp_id=1366&p=14566,,,,WLU,,,,,,,,,,
BUS 283W,,See http://legacy.wlu.ca/page.php?grp_id=1366&p=14566,,,,WLU,,,,,,,,,,
BUS 352W,,See http://legacy.wlu.ca/page.php?grp_id=1366&p=14566,,,,WLU,,,,,,,,,,
BUS 353W,,See http://legacy.wlu.ca/page.php?grp_id=1366&p=14566,,,,WLU,,,,,,,,,,
BUS 357W,,See http://legacy.wlu.ca/page.php?grp_id=1366&p=14566,,,,WLU,,,,,,,,,,
BUS 362W,,See http://legacy.wlu.ca/page.php?grp_id=1366&p=14566,,,,WLU,,,,,,,,,,
BUS 385W,,See http://legacy.wlu.ca/page.php?grp_id=1366&p=14566,,,,WLU,,,,,,,,,,
BUS 387W,,See http://legacy.wlu.ca/page.php?grp_id=1366&p=14566,,,,WLU,,,,,,,,,,
BUS 393W,,See http://legacy.wlu.ca/page.php?grp_id=1366&p=14566,,,,WLU,,,,,,,,,,
BUS 395W,,See http://legacy.wlu.ca/page.php?grp_id=1366&p=14566,,,,WLU,,,,,,,,,,
BUS 397W,,See http://legacy.wlu.ca/page.php?grp_id=1366&p=14566,,,,WLU,,,,,,,,,,
BUS 398W,,See http://legacy.wlu.ca/page.php?grp_id=1366&p=14566,,,,WLU,,,,,,,,,,
BUS 408W,,See http://legacy.wlu.ca/page.php?grp_id=1366&p=14566,,,,WLU,,,,,,,,,,
BUS 412W,,See http://legacy.wlu.ca/page.php?grp_id=1366&p=14566,,,,WLU,,,,,,,,,,
BUS 413W,,See http://legacy.wlu.ca/page.php?grp_id=1366&p=14566,,,,WLU,,,,,,,,,,
BUS 417W,,See http://legacy.wlu.ca/page.php?grp_id=1366&p=14566,,,,WLU,,,,,,,,,,
BUS 423W,,See http://legacy.wlu.ca/page.php?grp_id=1366&p=14566,,,,WLU,,,,,,,,,,
BUS 443W,,See http://legacy.wlu.ca/page.php?grp_id=1366&p=14566,,,,WLU,,,,,,,,,,
BUS 447W,,See http://legacy.wlu.ca/page.php?grp_id=1366&p=14566,,,,WLU,,,,,,,,,,
BUS 453W,,See http://legacy.wlu.ca/page.php?grp_id=1366&p=14566,,,,WLU,,,,,,,,,,
BUS 463W,,See http://legacy.wlu.ca/page.php?grp_id=1366&p=14566,,,,WLU,,,,,,,,,,
BUS 466W,,See http://legacy.wlu.ca/page.php?grp_id=1366&p=14566,,,,WLU,,,,,,,,,,
BUS 467W,,See http://legacy.wlu.ca/page.php?grp_id=1366&p=14566,,,,WLU,,,,,,,,,,
BUS 473W,,See http://legacy.wlu.ca/page.php?grp_id=1366&p=14566,,,,WLU,,,,,,,,,,
BUS 477W,,See http://legacy.wlu.ca/page.php?grp_id=1366&p=14566,,,,WLU,,,,,,,,,,
BUS 481W,,See http://legacy.wlu.ca/page.php?grp_id=1366&p=14566,,,,WLU,,,,,,,,,,
BUS 486W,,See http://legacy.wlu.ca/page.php?grp_id=1366&p=14566,,,,WLU,,,,,,,,,,
BUS 487W,,See http://legacy.wlu.ca/page.php?grp_id=1366&p=14566,,,,WLU,,,,,,,,,,
CHE 101,001,Friday,"August 5, 2016",9:00 AM,11:30 AM,"PAC 9,10",,,,,,,,,,
CHE 102,001,Exam removed from schedule. Contact instructor for further information.,,,,,,,,,,,,,,
CHE 121,001,Thursday,"August 4, 2016",9:00 AM,11:30 AM,PAC 3,,,,,,,,,,
CHE 161,001,Thursday,"August 11, 2016",12:30 PM,2:00 PM,MC 4059,,,,,,,,,,
CHE 211,001,Wednesday,"August 10, 2016",9:00 AM,11:30 AM,PAC 3,,,,,,,,,,
CHE 231,001,Tuesday,"August 2, 2016",9:00 AM,11:30 AM,MC 1085,,,,,,,,,,
CHE 241,001,Wednesday,"August 3, 2016",4:00 PM,6:30 PM,PAC 8,,,,,,,,,,
CHE 312,001,Tuesday,"August 2, 2016",9:00 AM,11:30 AM,DC 1350,,,,,,,,,,
CHE 314,001,Friday,"August 5, 2016",9:00 AM,11:30 AM,PAC 8,,,,,,,,,,
CHE 322,001,Tuesday,"August 9, 2016",9:00 AM,11:30 AM,PAC 3,,,,,,,,,,
CHE 330,001,Friday,"August 12, 2016",9:00 AM,11:30 AM,PAC 6,,,,,,,,,,
CHE 420,001,Wednesday,"August 10, 2016",12:30 PM,3:00 PM,"E6 2024,4022",,,,,,,,,,
CHE 480,001,Monday,"August 8, 2016",9:00 AM,11:30 AM,"E6 2024,4022",,,,,,,,,,
CHEM 120,081 Online,See https://uwaterloo.ca/quest/help/students/how-do-i/online-exam-schedule,,,,,,,,,,,,,,
CHEM 123,001,Tuesday,"August 9, 2016",12:30 PM,3:00 PM,"PAC 7,8",,,,,,,,,,
CHEM 212,001,Friday,"August 5, 2016",7:30 PM,10:00 PM,"PAC 2,3",,,,,,,,,,
CHEM 233,001,Tuesday,"August 9, 2016",4:00 PM,6:30 PM,PAC 7,,,,,,,,,,
CHEM 237,001,Thursday,"August 4, 2016",7:30 PM,10:00 PM,"PAC 4,5",,,,,,,,,,
CHEM 237,081 Online,See https://uwaterloo.ca/quest/help/students/how-do-i/online-exam-schedule,,,,,,,,,,,,,,
CHEM 237L,001 to 003,Monday,"August 8, 2016",4:00 PM,6:00 PM,M3 1006,,,,,,,,,,
CHEM 254,001,Wednesday,"August 3, 2016",7:30 PM,10:00 PM,"PAC 4,5",,,,,,,,,,
CHEM 265,001,Monday,"August 8, 2016",9:00 AM,11:30 AM,PAC 1,,,,,,,,,,
CHEM 265L,"001,002",Monday,"August 8, 2016",4:00 PM,6:00 PM,DC 1351,,,,,,,,,,
CHEM 267,081 Online,See https://uwaterloo.ca/quest/help/students/how-do-i/online-exam-schedule,,,,,,,,,,,,,,
CHINA 101R,001,Wednesday,"August 10, 2016",9:00 AM,11:00 AM,EV3 3412,,,,,,,,,,
CHINA 102R,001,Tuesday,"August 2, 2016",9:00 AM,11:30 AM,REN 2107,,,,,,,,,,
CHINA 120R,001,Monday,"August 8, 2016",9:00 AM,11:30 AM,EV3 3412,,,,,,,,,,
CHINA 201R,001,Wednesday,"August 10, 2016",9:00 AM,11:30 AM,REN 0403,,,,,,,,,,
CHINA 202R,001,Thursday,"August 11, 2016",12:30 PM,3:00 PM,REN 0403,,,,,,,,,,
CIVE 105,001,Thursday,"August 11, 2016",12:30 PM,3:00 PM,"PAC 11,12",,,,,,,,,,
CIVE 121,001,Thursday,"August 4, 2016",12:30 PM,3:00 PM,"PAC 11,12",,,,,,,,,,
CIVE 205,001,Wednesday,"August 3, 2016",9:00 AM,11:30 AM,DC 1350,,,,,,,,,,
CIVE 222,001,Tuesday,"August 9, 2016",9:00 AM,11:30 AM,DC 1350,,,,,,,,,,
CIVE 240,001,Thursday,"August 11, 2016",9:00 AM,11:30 AM,DC 1351,,,,,,,,,,
CIVE 280,001,Friday,"August 5, 2016",9:00 AM,11:30 AM,"RCH 103,105",,,,,,,,,,
CIVE 353,001,Thursday,"August 4, 2016",7:30 PM,10:00 PM,RCH 301,,,,,,,,,,
CIVE 413,001,Wednesday,"August 3, 2016",9:00 AM,11:30 AM,DC 1351,,,,,,,,,,
CIVE 414,001,Monday,"August 8, 2016",9:00 AM,11:30 AM,RCH 302,,,,,,,,,,
CIVE 444,001,Friday,"August 12, 2016",7:30 PM,10:00 PM,RCH 306,,,,,,,,,,
CIVE 486,001,Tuesday,"August 2, 2016",9:00 AM,11:30 AM,DWE 3519,,,,,,,,,,
CIVE 491,001,Friday,"August 5, 2016",4:00 PM,6:30 PM,"RCH 301,309",,,,,,,,,,
CIVE 497,001,Thursday,"August 11, 2016",9:00 AM,11:30 AM,DWE 2402,,,,,,,,,,
CIVE 512,001,Tuesday,"August 9, 2016",7:30 PM,10:00 PM,RCH 307,,,,,,,,,,
CIVE 572,001,Thursday,"August 4, 2016",7:30 PM,10:00 PM,DWE 1502,,,,,,,,,,
CLAS 104,081 Online,See https://uwaterloo.ca/quest/help/students/how-do-i/online-exam-schedule,,,,,,,,,,,,,,
CLAS 221,001,Tuesday,"August 2, 2016",9:00 AM,11:30 AM,PAS 1229,,,,,,,,,,
CO 250,001 to 003,Tuesday,"August 9, 2016",9:00 AM,11:30 AM,"PAC 4,5,11",,,,,,,,,,
CO 327,001,Monday,"August 8, 2016",9:00 AM,11:30 AM,MC 4041,,,,,,,,,,
CO 342,001,Friday,"August 12, 2016",9:00 AM,11:30 AM,PAC 1,,,,,,,,,,
CO 351,001,Monday,"August 8, 2016",9:00 AM,11:30 AM,MC 4059,,,,,,,,,,
CO 454,001,Saturday,"August 6, 2016",12:30 PM,3:00 PM,PAC 6,,,,,,,,,,
COMM 321,001,Friday,"August 12, 2016",9:00 AM,11:30 AM,PAC 2,,,,,,,,,,
CS 100,081 Online,See https://uwaterloo.ca/quest/help/students/how-do-i/online-exam-schedule,,,,,,,,,,,,,,
CS 115,"001,002",Wednesday,"August 10, 2016",7:30 PM,10:00 PM,"PAC 1,2",,,,,,,,,,
CS 116,001 to 003,Monday,"August 8, 2016",4:00 PM,6:30 PM,"PAC 4,5,6",,,,,,,,,,
CS 136,001 to 003,Monday,"August 8, 2016",4:00 PM,6:30 PM,"PAC 1,2,3",,,,,,,,,,
CS 200,001,Thursday,"August 4, 2016",4:00 PM,6:30 PM,PAC 3,,,,,,,,,,
CS 230,001,Thursday,"August 11, 2016",7:30 PM,10:00 PM,PAC 2,,,,,,,,,,
CS 234,"001,002",Wednesday,"August 10, 2016",7:30 PM,10:00 PM,"PAC 4,5",,,,,,,,,,
CS 240,001 to 004,Friday,"August 5, 2016",12:30 PM,3:00 PM,"PAC 4,5,6,7",,,,,,,,,,
CS 241,001 to 004,Wednesday,"August 10, 2016",9:00 AM,11:30 AM,"PAC 4,5,6",,,,,,,,,,
CS 245,001 to 004,Thursday,"August 11, 2016",9:00 AM,11:30 AM,"PAC 1,2,3",,,,,,,,,,
CS 246,001 to 004,Friday,"August 5, 2016",9:00 AM,11:30 AM,"PAC 1,2,3",,,,,,,,,,
CS 247,001,Monday,"August 8, 2016",12:30 PM,3:00 PM,"PAC 11,12",,,,,,,,,,
CS 251,001 to 004,Monday,"August 8, 2016",9:00 AM,11:30 AM,"PAC 4,5,6",,,,,,,,,,
CS 330,"001,002",Monday,"August 8, 2016",12:30 PM,3:00 PM,"PAC 4,5",,,,,,,,,,
CS 338,"001,002",Wednesday,"August 10, 2016",9:00 AM,11:30 AM,M3 1006,,,,,,,,,,
CS 341,001 to 003,Wednesday,"August 3, 2016",9:00 AM,11:30 AM,"PAC 1,2",,,,,,,,,,
CS 348,"001,002",Monday,"August 8, 2016",4:00 PM,6:30 PM,"PAC 7,8",,,,,,,,,,
CS 349,001 to 003,Thursday,"August 11, 2016",7:30 PM,10:00 PM,"PAC 4,5",,,,,,,,,,
CS 350,001 to 003,Thursday,"August 11, 2016",9:00 AM,11:30 AM,"PAC 4,5",,,,,,,,,,
CS 360,001,Tuesday,"August 2, 2016",4:00 PM,6:30 PM,PAC 11,,,,,,,,,,
CS 370,"001,002",Wednesday,"August 10, 2016",4:00 PM,6:30 PM,"PAC 1,2",,,,,,,,,,
CS 371,001,Wednesday,"August 3, 2016",7:30 PM,10:00 PM,PAC 3,,,,,,,,,,
CS 432,001,Friday,"August 12, 2016",4:00 PM,6:30 PM,DC 1350,,,,,,,,,,
CS 446,"001,002",Wednesday,"August 10, 2016",12:30 PM,3:00 PM,PAC 7,,,,,,,,,,
CS 449,001,Thursday,"August 11, 2016",4:00 PM,6:30 PM,PAC 3,,,,,,,,,,
CS 452,001,Tuesday,"August 2, 2016",12:30 PM,3:00 PM,PAC 11,,,,,,,,,,
CS 454,"001,002",Friday,"August 5, 2016",9:00 AM,11:30 AM,"PAC 11,12",,,,,,,,,,
CS 456,"001,002",Friday,"August 12, 2016",12:30 PM,3:00 PM,"PAC 5,6",,,,,,,,,,
CS 458,"001,002",Tuesday,"August 9, 2016",9:00 AM,11:30 AM,"PAC 6,12",,,,,,,,,,
CS 466,001,Tuesday,"August 2, 2016",12:30 PM,3:00 PM,"PAC 9,10",,,,,,,,,,
CS 475,001,Wednesday,"August 3, 2016",12:30 PM,3:00 PM,PAC 6,,,,,,,,,,
CS 486,"001,002",Wednesday,"August 10, 2016",7:30 PM,10:00 PM,"PAC 7,8",,,,,,,,,,
CS 488,001,Tuesday,"August 9, 2016",4:00 PM,6:30 PM,PAC 8,,,,,,,,,,
CS 490,001,Thursday,"August 4, 2016",12:30 PM,3:00 PM,PAC 9,,,,,,,,,,
CS 646,"001,002",Wednesday,"August 10, 2016",12:30 PM,3:00 PM,PAC 7,,,,,,,,,,
CS 649,001,Thursday,"August 11, 2016",4:00 PM,6:30 PM,PAC 3,,,,,,,,,,
CS 652,001,Tuesday,"August 2, 2016",12:30 PM,3:00 PM,PAC 11,,,,,,,,,,
CS 654,001,Friday,"August 5, 2016",9:00 AM,11:30 AM,"PAC 11,12",,,,,,,,,,
CS 656,"001,002",Friday,"August 12, 2016",12:30 PM,3:00 PM,"PAC 5,6",,,,,,,,,,
CS 658,002,Tuesday,"August 9, 2016",9:00 AM,11:30 AM,"PAC 6,12",,,,,,,,,,
CS 666,001,Tuesday,"August 2, 2016",12:30 PM,3:00 PM,"PAC 9,10",,,,,,,,,,
CS 675,001,Wednesday,"August 3, 2016",12:30 PM,3:00 PM,PAC 6,,,,,,,,,,
CS 686,"001,002",Wednesday,"August 10, 2016",7:30 PM,10:00 PM,"PAC 7,8",,,,,,,,,,
CS 688,001,Tuesday,"August 9, 2016",4:00 PM,6:30 PM,PAC 8,,,,,,,,,,
DUTCH 101,081 Online,See https://uwaterloo.ca/quest/help/students/how-do-i/online-exam-schedule,,,,,,,,,,,,,,
DUTCH 102,081 Online,See https://uwaterloo.ca/quest/help/students/how-do-i/online-exam-schedule,,,,,,,,,,,,,,
EARTH 121,001,Wednesday,"August 3, 2016",7:30 PM,10:00 PM,"PAC 1,2",,,,,,,,,,
EARTH 221,001,Thursday,"August 4, 2016",7:30 PM,10:00 PM,PAC 1,,,,,,,,,,
EARTH 232,001,Thursday,"August 11, 2016",7:30 PM,10:00 PM,PAC 3,,,,,,,,,,
ECE 103,"001,002",Friday,"August 12, 2016",12:30 PM,3:00 PM,"PAC 1,4",,,,,,,,,,
ECE 106,"001,002",Thursday,"August 4, 2016",12:30 PM,3:00 PM,"PAC 4,5,6",,,,,,,,,,
ECE 124,"001,002",Saturday,"August 6, 2016",12:30 PM,3:00 PM,"PAC 1,2,3",,,,,,,,,,
ECE 155,"001,002",Tuesday,"August 9, 2016",9:00 AM,11:30 AM,"PAC 1,2,9",,,,,,,,,,
ECE 206,001,Wednesday,"August 10, 2016",9:00 AM,11:30 AM,PAC 7,,,,,,,,,,
ECE 207,001,Tuesday,"August 2, 2016",9:00 AM,11:30 AM,DC 1351,,,,,,,,,,
ECE 209,001,Thursday,"August 11, 2016",12:30 PM,3:00 PM,PAC 3,,,,,,,,,,
ECE 224,001,Wednesday,"August 10, 2016",4:00 PM,6:30 PM,PAC 3,,,,,,,,,,
ECE 242,001,Thursday,"August 4, 2016",4:00 PM,6:30 PM,"PAC 7,8",,,,,,,,,,
ECE 254,001,Monday,"August 8, 2016",9:00 AM,11:30 AM,PAC 2,,,,,,,,,,
ECE 309,001,Friday,"August 12, 2016",12:30 PM,3:00 PM,"DWE 2402,3522,3522A",,,,,,,,,,
ECE 316,"001,002",Tuesday,"August 2, 2016",7:30 PM,10:00 PM,"PAC 1,2",,,,,,,,,,
ECE 327,001,Friday,"August 5, 2016",12:30 PM,3:00 PM,"PAC 11,12",,,,,,,,,,
ECE 331,001,Wednesday,"August 10, 2016",7:30 PM,10:00 PM,PAC 6,,,,,,,,,,
ECE 351,001,Tuesday,"August 9, 2016",12:30 PM,3:00 PM,DC 1350,,,,,,,,,,
ECE 358,001,Monday,"August 8, 2016",12:30 PM,3:00 PM,PAC 7,,,,,,,,,,
ECE 375,001,Monday,"August 8, 2016",9:00 AM,11:30 AM,MC 4061,,,,,,,,,,
ECE 380,"001,002",Thursday,"August 11, 2016",4:00 PM,6:30 PM,"PAC 1,2",,,,,,,,,,
ECE 403,001,Monday,"August 8, 2016",7:30 PM,10:00 PM,PAC 4,,,,,,,,,,
ECE 413,001,Friday,"August 12, 2016",4:00 PM,6:30 PM,MC 4045,,,,,,,,,,
ECE 414,001,Tuesday,"August 2, 2016",9:00 AM,11:30 AM,MC 4064,,,,,,,,,,
ECE 429,001,Friday,"August 12, 2016",9:00 AM,11:30 AM,PAC 8,,,,,,,,,,
ECE 432,001,Tuesday,"August 9, 2016",9:00 AM,11:30 AM,PAC 10,,,,,,,,,,
ECE 445,001,Wednesday,"August 10, 2016",9:00 AM,11:30 AM,PAC 8,,,,,,,,,,
ECE 452,"001,002",Wednesday,"August 10, 2016",12:30 PM,3:00 PM,PAC 7,,,,,,,,,,
ECE 454,001,Saturday,"August 13, 2016",9:00 AM,11:30 AM,"PAC 11,12",,,,,,,,,,
ECE 455,001,Tuesday,"August 2, 2016",9:00 AM,11:30 AM,PAC 10,,,,,,,,,,
ECE 457A,001,Tuesday,"August 2, 2016",4:00 PM,6:30 PM,M3 1006,,,,,,,,,,
ECE 458,001,Thursday,"August 4, 2016",12:30 PM,3:00 PM,DC 1350,,,,,,,,,,
ECE 462,001,Saturday,"August 13, 2016",9:00 AM,11:30 AM,PAC 3,,,,,,,,,,
ECE 463,001,Tuesday,"August 2, 2016",9:00 AM,11:30 AM,PAC 11,,,,,,,,,,
ECE 473,001,Friday,"August 5, 2016",9:00 AM,11:30 AM,MC 4059,,,,,,,,,,
ECE 475,001,Thursday,"August 11, 2016",12:30 PM,3:00 PM,PAC 10,,,,,,,,,,
ECE 481,001,Thursday,"August 11, 2016",12:30 PM,3:00 PM,PAC 9,,,,,,,,,,
ECE 486,001,Exam removed from schedule. Contact instructor for further information.,,,,,,,,,,,,,,
ECE 493,001,Tuesday,"August 2, 2016",9:00 AM,11:30 AM,MC 4041,,,,,,,,,,
ECE 730,002,Tuesday,"August 2, 2016",9:00 AM,11:30 AM,MC 4041,,,,,,,,,,
ECON 101,001,Tuesday,"August 9, 2016",4:00 PM,6:30 PM,"PAC 1,2,3",,,,,,,,,,
ECON 101,081 Online,See https://uwaterloo.ca/quest/help/students/how-do-i/online-exam-schedule,,,,,,,,,,,,,,
ECON 102,001,Thursday,"August 4, 2016",9:00 AM,11:30 AM,"PAC 7,8",,,,,,,,,,
ECON 102,002,Thursday,"August 4, 2016",9:00 AM,11:30 AM,"PAC 1,2",,,,,,,,,,
ECON 102,003,Thursday,"August 4, 2016",9:00 AM,11:30 AM,"PAC 4,5",,,,,,,,,,
ECON 201,"001,002",Tuesday,"August 9, 2016",4:00 PM,6:30 PM,"PAC 4,5",,,,,,,,,,
ECON 201,003,Tuesday,"August 9, 2016",4:00 PM,6:30 PM,PAC 6,,,,,,,,,,
ECON 202,001,Monday,"August 8, 2016",7:30 PM,10:00 PM,PAC 1,,,,,,,,,,
ECON 202,002,Monday,"August 8, 2016",7:30 PM,10:00 PM,PAC 2,,,,,,,,,,
ECON 202,003,Monday,"August 8, 2016",7:30 PM,10:00 PM,PAC 3,,,,,,,,,,
ECON 211,001,Thursday,"August 11, 2016",12:30 PM,3:00 PM,PAC 8,,,,,,,,,,
ECON 221,001,Wednesday,"August 3, 2016",9:00 AM,11:30 AM,"PAC 9,10",,,,,,,,,,
ECON 221,002,Wednesday,"August 3, 2016",9:00 AM,11:30 AM,PAC 3,,,,,,,,,,
ECON 231,"001,002",Thursday,"August 4, 2016",7:30 PM,9:30 PM,"DC 1350,1351",,,,,,,,,,
ECON 301,001,Tuesday,"August 2, 2016",7:30 PM,10:00 PM,PAC 3,,,,,,,,,,
ECON 301,002,Tuesday,"August 2, 2016",7:30 PM,10:00 PM,PAC 6,,,,,,,,,,
ECON 302,001,Friday,"August 5, 2016",12:30 PM,3:00 PM,PAC 8,,,,,,,,,,
ECON 311,001,Thursday,"August 4, 2016",12:30 PM,3:00 PM,MC 4041,,,,,,,,,,
ECON 321,001,Friday,"August 12, 2016",9:00 AM,11:30 AM,RCH 307,,,,,,,,,,
ECON 357,001,Tuesday,"August 9, 2016",12:30 PM,3:00 PM,MC 4020,,,,,,,,,,
ECON 361,081 Online,See https://uwaterloo.ca/quest/help/students/how-do-i/online-exam-schedule,,,,,,,,,,,,,,
ECON 371,001,Wednesday,"August 3, 2016",7:30 PM,9:30 PM,MC 1085,,,,,,,,,,
ECON 372,001,Wednesday,"August 3, 2016",7:30 PM,9:30 PM,MC 4045,,,,,,,,,,
ECON 401,001,Monday,"August 8, 2016",9:00 AM,11:30 AM,MC 4045,,,,,,,,,,
ECON 402,001,Thursday,"August 11, 2016",9:00 AM,11:30 AM,PAC 6,,,,,,,,,,
ECON 483,001,Tuesday,"August 2, 2016",4:00 PM,6:30 PM,MC 4041,,,,,,,,,,
EMLS 129R,081 Online,See https://uwaterloo.ca/quest/help/students/how-do-i/online-exam-schedule,,,,,,,,,,,,,,
ENGL 101B,081 Online,See https://uwaterloo.ca/quest/help/students/how-do-i/online-exam-schedule,,,,,,,,,,,,,,
ENGL 109,081 Online,See https://uwaterloo.ca/quest/help/students/how-do-i/online-exam-schedule,,,,,,,,,,,,,,
ENGL 200B,081 Online,See https://uwaterloo.ca/quest/help/students/how-do-i/online-exam-schedule,,,,,,,,,,,,,,
ENGL 210F,081 Online,See https://uwaterloo.ca/quest/help/students/how-do-i/online-exam-schedule,,,,,,,,,,,,,,
ENGL 251B,001,Monday,"August 8, 2016",4:00 PM,6:30 PM,ML 349,,,,,,,,,,
ENGL 251B,081 Online,See https://uwaterloo.ca/quest/help/students/how-do-i/online-exam-schedule,,,,,,,,,,,,,,
ENGL 292,081 Online,See https://uwaterloo.ca/quest/help/students/how-do-i/online-exam-schedule,,,,,,,,,,,,,,
ENGL 306A,001,Tuesday,"August 9, 2016",4:00 PM,6:30 PM,"PAC 9,10",,,,,,,,,,
ENGL 309A,001,Tuesday,"August 2, 2016",9:00 AM,11:30 AM,PAC 9,,,,,,,,,,
ENGL 309C,081 Online,See https://uwaterloo.ca/quest/help/students/how-do-i/online-exam-schedule,,,,,,,,,,,,,,
ENGL 430A,001,Monday,"August 8, 2016",4:00 PM,6:30 PM,HH 2107,,,,,,,,,,
ENGL 460B,001,Wednesday,"August 3, 2016",9:00 AM,11:30 AM,PAC 12,,,,,,,,,,
ENVE 320,001,Monday,"August 8, 2016",12:30 PM,3:00 PM,DWE 1501,,,,,,,,,,
ENVE 321,001,Tuesday,"August 2, 2016",9:00 AM,11:30 AM,RCH 301,,,,,,,,,,
ENVS 200,001,Monday,"August 8, 2016",12:30 PM,3:00 PM,"PAC 1,2,9,10",,,,,,,,,,
FR 151,001,Friday,"August 12, 2016",12:30 PM,2:30 PM,RCH 305,,,,,,,,,,
FR 151,081 Online,See https://uwaterloo.ca/quest/help/students/how-do-i/online-exam-schedule,,,,,,,,,,,,,,
FR 152,001,Thursday,"August 4, 2016",9:00 AM,11:00 AM,ML 246,,,,,,,,,,
FR 152,081 Online,See https://uwaterloo.ca/quest/help/students/how-do-i/online-exam-schedule,,,,,,,,,,,,,,
FR 192A,001,Friday,"August 12, 2016",12:30 PM,2:30 PM,ML 349,,,,,,,,,,
FR 192A,081 Online,See https://uwaterloo.ca/quest/help/students/how-do-i/online-exam-schedule,,,,,,,,,,,,,,
FR 192B,001,Thursday,"August 4, 2016",9:00 AM,11:00 AM,ML 354,,,,,,,,,,
FR 192B,081 Online,See https://uwaterloo.ca/quest/help/students/how-do-i/online-exam-schedule,,,,,,,,,,,,,,
FR 197,081 Online,See https://uwaterloo.ca/quest/help/students/how-do-i/online-exam-schedule,,,,,,,,,,,,,,
FR 252,081 Online,See https://uwaterloo.ca/quest/help/students/how-do-i/online-exam-schedule,,,,,,,,,,,,,,
FR 276,001,Thursday,"August 11, 2016",9:00 AM,11:30 AM,ML 246,,,,,,,,,,
FR 332,081 Online,See https://uwaterloo.ca/quest/help/students/how-do-i/online-exam-schedule,,,,,,,,,,,,,,
FR 351,081 Online,See https://uwaterloo.ca/quest/help/students/how-do-i/online-exam-schedule,,,,,,,,,,,,,,
FR 484,001,Tuesday,"August 9, 2016",12:30 PM,3:00 PM,ML 246,,,,,,,,,,
GENE 123,001 to 003,Tuesday,"August 9, 2016",12:30 PM,3:00 PM,"PAC 1,2,3",,,,,,,,,,
GEOG 203,001,Wednesday,"August 3, 2016",12:30 PM,3:00 PM,"PAC 4,5",,,,,,,,,,
GEOG 209,001,Thursday,"August 4, 2016",7:30 PM,10:00 PM,PAC 2,,,,,,,,,,
GER 101,081 Online,See https://uwaterloo.ca/quest/help/students/how-do-i/online-exam-schedule,,,,,,,,,,,,,,
GER 102,081 Online,See https://uwaterloo.ca/quest/help/students/how-do-i/online-exam-schedule,,,,,,,,,,,,,,
GER 201,081 Online,See https://uwaterloo.ca/quest/help/students/how-do-i/online-exam-schedule,,,,,,,,,,,,,,
GER 202,081 Online,See https://uwaterloo.ca/quest/help/students/how-do-i/online-exam-schedule,,,,,,,,,,,,,,
GERON 210,001,Thursday,"August 4, 2016",12:30 PM,2:00 PM,DC 1351,,,,,,,,,,
GERON 255,081 Online,See https://uwaterloo.ca/quest/help/students/how-do-i/online-exam-schedule,,,,,,,,,,,,,,
HIST 247,081 Online,See https://uwaterloo.ca/quest/help/students/how-do-i/online-exam-schedule,,,,,,,,,,,,,,
HLTH 210,001,Thursday,"August 4, 2016",12:30 PM,2:00 PM,DC 1351,,,,,,,,,,
HRM 200,081 Online,See https://uwaterloo.ca/quest/help/students/how-do-i/online-exam-schedule,,,,,,,,,,,,,,
HRM 303,001,Friday,"August 5, 2016",9:00 AM,11:00 AM,MC 4045,,,,,,,,,,
HRM 307,001,Tuesday,"August 2, 2016",4:00 PM,6:00 PM,MC 4045,,,,,,,,,,
INTST 101,001,Thursday,"August 11, 2016",12:30 PM,3:00 PM,PAC 7,,,,,,,,,,
KIN 205,001,Monday,"August 8, 2016",12:30 PM,3:00 PM,PAC 8,,,,,,,,,,
KIN 210,001,Thursday,"August 4, 2016",12:30 PM,2:00 PM,DC 1351,,,,,,,,,,
KIN 222,001,Friday,"August 5, 2016",12:30 PM,3:00 PM,M3 1006,,,,,,,,,,
KIN 242,001,Tuesday,"August 2, 2016",7:30 PM,10:00 PM,"PAC 4,5",,,,,,,,,,
LS 101,081 Online,See https://uwaterloo.ca/quest/help/students/how-do-i/online-exam-schedule,,,,,,,,,,,,,,
LS 227,001,Wednesday,"August 10, 2016",9:00 AM,11:00 AM,MC 4061,,,,,,,,,,
LS 229,081 Online,See https://uwaterloo.ca/quest/help/students/how-do-i/online-exam-schedule,,,,,,,,,,,,,,
LS 271,081 Online,See https://uwaterloo.ca/quest/help/students/how-do-i/online-exam-schedule,,,,,,,,,,,,,,
LS 273,081 Online,See https://uwaterloo.ca/quest/help/students/how-do-i/online-exam-schedule,,,,,,,,,,,,,,
LS 300,001,Tuesday,"August 9, 2016",9:00 AM,11:30 AM,PAS 1229,,,,,,,,,,
LS 327,081 Online,See https://uwaterloo.ca/quest/help/students/how-do-i/online-exam-schedule,,,,,,,,,,,,,,
MATH 106,081 Online,See https://uwaterloo.ca/quest/help/students/how-do-i/online-exam-schedule,,,,,,,,,,,,,,
MATH 115,001,Monday,"August 8, 2016",9:00 AM,11:30 AM,MC 4042,,,,,,,,,,
MATH 117,001,Tuesday,"August 2, 2016",4:00 PM,6:30 PM,MC 4042,,,,,,,,,,
MATH 118,001 to 004,Tuesday,"August 2, 2016",4:00 PM,6:30 PM,"PAC 1,2,3,8",,,,,,,,,,
MATH 119,"001,002",Tuesday,"August 2, 2016",4:00 PM,6:30 PM,"DC 1350,1351",,,,,,,,,,
MATH 127,001,Wednesday,"August 10, 2016",12:30 PM,3:00 PM,PAC 3,,,,,,,,,,
MATH 127,081 Online,See https://uwaterloo.ca/quest/help/students/how-do-i/online-exam-schedule,,,,,,,,,,,,,,
MATH 128,001,Saturday,"August 13, 2016",9:00 AM,11:30 AM,"PAC 6,7",,,,,,,,,,
MATH 128,081 Online,See https://uwaterloo.ca/quest/help/students/how-do-i/online-exam-schedule,,,,,,,,,,,,,,
MATH 128,082 Online,See https://uwaterloo.ca/quest/help/students/how-do-i/online-exam-schedule,,,,,,,,,,,,,,
MATH 135,001,Friday,"August 5, 2016",7:30 PM,10:00 PM,PAC 1,,,,,,,,,,
MATH 136,001 to 003,Wednesday,"August 10, 2016",4:00 PM,6:30 PM,"PAC 4,5,6",,,,,,,,,,
MATH 136,081 Online,See https://uwaterloo.ca/quest/help/students/how-do-i/online-exam-schedule,,,,,,,,,,,,,,
MATH 137,001,Tuesday,"August 2, 2016",9:00 AM,11:30 AM,PAC 12,,,,,,,,,,
MATH 138,"001,002",Wednesday,"August 3, 2016",4:00 PM,6:30 PM,"PAC 5,6",,,,,,,,,,
MATH 207,001,Wednesday,"August 3, 2016",9:00 AM,11:30 AM,PAC 11,,,,,,,,,,
MATH 213,001,Wednesday,"August 10, 2016",9:00 AM,11:30 AM,"PAC 11,12",,,,,,,,,,
MATH 218,001,Monday,"August 8, 2016",9:00 AM,11:30 AM,"PAC 9,10",,,,,,,,,,
MATH 225,001,Tuesday,"August 2, 2016",7:30 PM,10:00 PM,PAC 8,,,,,,,,,,
MATH 235,001 to 003,Thursday,"August 4, 2016",4:00 PM,6:30 PM,"PAC 4,5,6",,,,,,,,,,
MATH 235,081 Online,See https://uwaterloo.ca/quest/help/students/how-do-i/online-exam-schedule,,,,,,,,,,,,,,
MATH 237,001 to 003,Wednesday,"August 3, 2016",4:00 PM,6:30 PM,"PAC 1,2,3,4",,,,,,,,,,
MATH 239,001 to 004,Wednesday,"August 3, 2016",9:00 AM,11:30 AM,"PAC 4,5,6,7,8",,,,,,,,,,
MATH 245,001,Wednesday,"August 10, 2016",12:30 PM,3:00 PM,PAC 8,,,,,,,,,,
MATH 247,001,Wednesday,"August 3, 2016",7:30 PM,10:00 PM,PAC 6,,,,,,,,,,
ME 101,001,Thursday,"August 4, 2016",9:00 AM,11:30 AM,PAC 6,,,,,,,,,,
ME 115,001,Thursday,"August 11, 2016",12:30 PM,3:00 PM,PAC 1,,,,,,,,,,
ME 203,001,Wednesday,"August 10, 2016",9:00 AM,11:30 AM,"E5 3101,3102",,,,,,,,,,
ME 212,001,Monday,"August 8, 2016",9:00 AM,11:30 AM,"E5 3101,3102",,,,,,,,,,
ME 219,001,Wednesday,"August 3, 2016",9:00 AM,11:30 AM,RCH 301,,,,,,,,,,
ME 220,001,Tuesday,"August 2, 2016",9:00 AM,11:30 AM,"E5 3101,3102",,,,,,,,,,
ME 250,001,Thursday,"August 4, 2016",4:00 PM,6:30 PM,"RCH 103,105",,,,,,,,,,
ME 262,001,Friday,"August 12, 2016",9:00 AM,11:30 AM,"E5 3101,3102",,,,,,,,,,
ME 303,001,Wednesday,"August 10, 2016",12:30 PM,3:00 PM,"E5 3101,3102",,,,,,,,,,
ME 321,001,Thursday,"August 4, 2016",12:30 PM,3:00 PM,"E5 3101,3102",,,,,,,,,,
ME 321,002,Thursday,"August 4, 2016",4:00 PM,6:30 PM,"DWE 2402,3522,3522A",,,,,,,,,,
ME 340,001,Tuesday,"August 2, 2016",12:30 PM,3:00 PM,"E5 3101,3102",,,,,,,,,,
ME 351,001,Friday,"August 12, 2016",12:30 PM,3:00 PM,"E5 3101,3102",,,,,,,,,,
ME 354,001,Monday,"August 8, 2016",12:30 PM,3:00 PM,"E5 3101,3102",,,,,,,,,,
ME 423,001,Monday,"August 8, 2016",9:00 AM,11:30 AM,DWE 2402,,,,,,,,,,
ME 436,001,Friday,"August 5, 2016",4:00 PM,6:30 PM,DWE 2402,,,,,,,,,,
ME 456,001,Wednesday,"August 3, 2016",9:00 AM,11:30 AM,DWE 2402,,,,,,,,,,
ME 459,001,Tuesday,"August 9, 2016",9:00 AM,11:30 AM,DWE 2402,,,,,,,,,,
ME 548,001,Tuesday,"August 9, 2016",7:30 PM,10:00 PM,DWE 2402,,,,,,,,,,
ME 559,001,Thursday,"August 4, 2016",9:00 AM,11:30 AM,DWE 2402,,,,,,,,,,
ME 561,001,Tuesday,"August 2, 2016",9:00 AM,11:30 AM,DWE 2402,,,,,,,,,,
ME 566,001,Friday,"August 12, 2016",9:00 AM,11:30 AM,DWE 2402,,,,,,,,,,
ME 599,001,Thursday,"August 11, 2016",9:00 AM,11:30 AM,DWE 2402,,,,,,,,,,
ME 599,002,Wednesday,"August 10, 2016",4:00 PM,6:30 PM,DWE 1502,,,,,,,,,,
ME 760,001,Thursday,"August 11, 2016",9:00 AM,11:30 AM,DWE 2402,,,,,,,,,,
MNS 221,001,Tuesday,"August 9, 2016",12:30 PM,3:00 PM,PHY 313,,,,,,,,,,
MNS 321,001,Tuesday,"August 2, 2016",9:00 AM,11:30 AM,PHY 235,,,,,,,,,,
MSCI 252,001,Monday,"August 8, 2016",9:00 AM,11:30 AM,RCH 301,,,,,,,,,,
MSCI 331,001,Wednesday,"August 10, 2016",9:00 AM,11:30 AM,PAC 2,,,,,,,,,,
MSCI 346,001,Friday,"August 5, 2016",9:00 AM,11:30 AM,RCH 301,,,,,,,,,,
MSCI 434,001,Tuesday,"August 2, 2016",4:00 PM,6:30 PM,PAC 12,,,,,,,,,,
MSCI 445,001,Wednesday,"August 10, 2016",4:00 PM,6:30 PM,RCH 211,,,,,,,,,,
MSCI 452,001,Monday,"August 8, 2016",4:00 PM,6:30 PM,"PAC 9,10",,,,,,,,,,
MSCI 551,001,Thursday,"August 4, 2016",7:30 PM,10:00 PM,PAC 3,,,,,,,,,,
MTE 111,001,Thursday,"August 11, 2016",12:30 PM,3:00 PM,PAC 2,,,,,,,,,,
MTE 119,001,Tuesday,"August 9, 2016",12:30 PM,3:00 PM,PAC 6,,,,,,,,,,
MTE 120,001,Saturday,"August 6, 2016",12:30 PM,3:00 PM,PAC 7,,,,,,,,,,
MTE 140,001,Thursday,"August 4, 2016",12:30 PM,3:00 PM,PAC 2,,,,,,,,,,
MTE 203,001,Tuesday,"August 2, 2016",4:00 PM,6:30 PM,"E5 3101,3102",,,,,,,,,,
MTE 204,001,Wednesday,"August 10, 2016",4:00 PM,6:30 PM,"E5 3101,3102",,,,,,,,,,
MTE 220,001,Thursday,"August 4, 2016",4:00 PM,6:30 PM,"E5 3101,3102",,,,,,,,,,
MTE 241,001,Monday,"August 8, 2016",4:00 PM,6:30 PM,"E5 3101,3102",,,,,,,,,,
MTE 320,001,Monday,"August 8, 2016",12:30 PM,3:00 PM,"DWE 2402,3522,3522A",,,,,,,,,,
MTE 325,001,Wednesday,"August 10, 2016",4:00 PM,6:30 PM,"DWE 2402,3522,3522A",,,,,,,,,,
MTHEL 131,001,Friday,"August 5, 2016",9:00 AM,11:00 AM,DC 1350,,,,,,,,,,
MUSIC 100,001,Friday,"August 12, 2016",4:00 PM,6:30 PM,"CGC 1208,1300,1302",,,,,,,,,,
MUSIC 140,001,Wednesday,"August 3, 2016",12:30 PM,3:00 PM,"DC 1350,1351",,,,,,,,,,
NE 217,001,Friday,"August 5, 2016",12:30 PM,3:00 PM,DC 1350,,,,,,,,,,
NE 225,001,Thursday,"August 4, 2016",12:30 PM,3:00 PM,PAC 3,,,,,,,,,,
NE 226,001,Monday,"August 8, 2016",9:00 AM,11:30 AM,"PAC 11,12",,,,,,,,,,
NE 242,001,Wednesday,"August 10, 2016",9:00 AM,11:30 AM,PAC 1,,,,,,,,,,
NE 301,001,Wednesday,"August 3, 2016",7:30 PM,10:00 PM,PAC 8,,,,,,,,,,
NE 318,001,Monday,"August 8, 2016",4:00 PM,6:30 PM,"PAC 11,12",,,,,,,,,,
NE 333,001,Friday,"August 5, 2016",12:30 PM,3:00 PM,DC 1351,,,,,,,,,,
NE 334,001,Tuesday,"August 2, 2016",9:00 AM,11:30 AM,PAC 8,,,,,,,,,,
NE 343,001,Wednesday,"August 10, 2016",4:00 PM,6:30 PM,PAC 8,,,,,,,,,,
NE 344,001,Friday,"August 12, 2016",9:00 AM,11:30 AM,PAC 3,,,,,,,,,,
PACS 201,081 Online,See https://uwaterloo.ca/quest/help/students/how-do-i/online-exam-schedule,,,,,,,,,,,,,,
PACS 202,081 Online,See https://uwaterloo.ca/quest/help/students/how-do-i/online-exam-schedule,,,,,,,,,,,,,,
PHIL 145,081 Online,See https://uwaterloo.ca/quest/help/students/how-do-i/online-exam-schedule,,,,,,,,,,,,,,
PHIL 201,081 Online,See https://uwaterloo.ca/quest/help/students/how-do-i/online-exam-schedule,,,,,,,,,,,,,,
PHIL 202,081 Online,See https://uwaterloo.ca/quest/help/students/how-do-i/online-exam-schedule,,,,,,,,,,,,,,
PHIL 215,081 Online,See https://uwaterloo.ca/quest/help/students/how-do-i/online-exam-schedule,,,,,,,,,,,,,,
PHIL 256,081 Online,See https://uwaterloo.ca/quest/help/students/how-do-i/online-exam-schedule,,,,,,,,,,,,,,
PHIL 271,001,Saturday,"August 6, 2016",12:30 PM,3:00 PM,RCH 307,,,,,,,,,,
PHIL 324,081 Online,See https://uwaterloo.ca/quest/help/students/how-do-i/online-exam-schedule,,,,,,,,,,,,,,
PHIL 384,081 Online,See https://uwaterloo.ca/quest/help/students/how-do-i/online-exam-schedule,,,,,,,,,,,,,,
PHYS 112,001,Tuesday,"August 2, 2016",4:00 PM,6:30 PM,"PAC 9,10",,,,,,,,,,
PHYS 112,081 Online,See https://uwaterloo.ca/quest/help/students/how-do-i/online-exam-schedule,,,,,,,,,,,,,,
PHYS 122,081 Online,See https://uwaterloo.ca/quest/help/students/how-do-i/online-exam-schedule,,,,,,,,,,,,,,
PHYS 234,001,Thursday,"August 4, 2016",12:30 PM,3:00 PM,"MC 4020,4021",,,,,,,,,,
PHYS 239,001,Friday,"August 12, 2016",4:00 PM,6:30 PM,PHY 313,,,,,,,,,,
PHYS 242,001,Thursday,"August 11, 2016",9:00 AM,11:30 AM,PAC 8,,,,,,,,,,
PHYS 263,001,Tuesday,"August 9, 2016",7:30 PM,10:00 PM,DC 1350,,,,,,,,,,
PHYS 270,001,Thursday,"August 11, 2016",7:30 PM,10:00 PM,PHY 313,,,,,,,,,,
PHYS 280,001,Tuesday,"August 9, 2016",12:30 PM,3:00 PM,"PAC 9,10",,,,,,,,,,
PHYS 342,001,Saturday,"August 6, 2016",12:30 PM,3:00 PM,PAC 8,,,,,,,,,,
PHYS 358,001,Monday,"August 8, 2016",9:00 AM,11:30 AM,PAC 3,,,,,,,,,,
PHYS 363,001,Thursday,"August 4, 2016",9:00 AM,11:30 AM,RCH 301,,,,,,,,,,
PHYS 364,001,Wednesday,"August 10, 2016",12:30 PM,3:00 PM,PHY 235,,,,,,,,,,
PHYS 380,001,Friday,"August 5, 2016",12:30 PM,3:00 PM,"PAC 9,10",,,,,,,,,,
PMATH 330,081 Online,See https://uwaterloo.ca/quest/help/students/how-do-i/online-exam-schedule,,,,,,,,,,,,,,
PMATH 332,001,Thursday,"August 4, 2016",7:30 PM,10:00 PM,PAC 6,,,,,,,,,,
PMATH 336,001,Thursday,"August 4, 2016",9:00 AM,11:30 AM,PAC 9,,,,,,,,,,
PMATH 347,001,Friday,"August 12, 2016",7:30 PM,10:00 PM,PAC 1,,,,,,,,,,
PMATH 351,001,Thursday,"August 4, 2016",4:00 PM,6:30 PM,PAC 9,,,,,,,,,,
PMATH 352,001,Monday,"August 8, 2016",7:30 PM,10:00 PM,PAC 5,,,,,,,,,,
PMATH 360,001,Thursday,"August 11, 2016",7:30 PM,10:00 PM,PAC 6,,,,,,,,,,
PMATH 441,001,Tuesday,"August 2, 2016",12:30 PM,3:00 PM,PAC 12,,,,,,,,,,
PMATH 450,001,Monday,"August 8, 2016",12:30 PM,3:00 PM,PAC 6,,,,,,,,,,
PMATH 641,001,Tuesday,"August 2, 2016",12:30 PM,3:00 PM,PAC 12,,,,,,,,,,
PMATH 650,001,Monday,"August 8, 2016",12:30 PM,3:00 PM,PAC 6,,,,,,,,,,
PSYCH 101,081 Online,See https://uwaterloo.ca/quest/help/students/how-do-i/online-exam-schedule,,,,,,,,,,,,,,
PSYCH 207,081 Online,See https://uwaterloo.ca/quest/help/students/how-do-i/online-exam-schedule,,,,,,,,,,,,,,
PSYCH 211,001,Wednesday,"August 10, 2016",12:30 PM,3:00 PM,"PAC 1,2",,,,,,,,,,
PSYCH 213R,081 Online,See https://uwaterloo.ca/quest/help/students/how-do-i/online-exam-schedule,,,,,,,,,,,,,,
PSYCH 256,081 Online,See https://uwaterloo.ca/quest/help/students/how-do-i/online-exam-schedule,,,,,,,,,,,,,,
PSYCH 306,001,Thursday,"August 4, 2016",7:30 PM,10:00 PM,PAC 8,,,,,,,,,,
PSYCH 312,081 Online,See https://uwaterloo.ca/quest/help/students/how-do-i/online-exam-schedule,,,,,,,,,,,,,,
PSYCH 334R,"001,002",Monday,"August 8, 2016",9:00 AM,11:30 AM,EV3 1408,,,,,,,,,,
PSYCH 354R,081 Online,See https://uwaterloo.ca/quest/help/students/how-do-i/online-exam-schedule,,,,,,,,,,,,,,
REC 100,081 Online,See https://uwaterloo.ca/quest/help/students/how-do-i/online-exam-schedule,,,,,,,,,,,,,,
REC 100,082 Online,See https://uwaterloo.ca/quest/help/students/how-do-i/online-exam-schedule,,,,,,,,,,,,,,
REC 251,081 Online,See https://uwaterloo.ca/quest/help/students/how-do-i/online-exam-schedule,,,,,,,,,,,,,,
REC 280,081 Online,See https://uwaterloo.ca/quest/help/students/how-do-i/online-exam-schedule,,,,,,,,,,,,,,
RS 170,081 Online,See https://uwaterloo.ca/quest/help/students/how-do-i/online-exam-schedule,,,,,,,,,,,,,,
SCI 238,001,Tuesday,"August 9, 2016",12:30 PM,3:00 PM,"PAC 4,5",,,,,,,,,,
SCI 255,081 Online,See https://uwaterloo.ca/quest/help/students/how-do-i/online-exam-schedule,,,,,,,,,,,,,,
SDS 131R,081 Online,See https://uwaterloo.ca/quest/help/students/how-do-i/online-exam-schedule,,,,,,,,,,,,,,
SDS 150R,001,Tuesday,"August 2, 2016",9:00 AM,11:30 AM,REN 2106,,,,,,,,,,
SDS 210R,081 Online,See https://uwaterloo.ca/quest/help/students/how-do-i/online-exam-schedule,,,,,,,,,,,,,,
SDS 251R,081 Online,See https://uwaterloo.ca/quest/help/students/how-do-i/online-exam-schedule,,,,,,,,,,,,,,
SDS 350R,081 Online,See https://uwaterloo.ca/quest/help/students/how-do-i/online-exam-schedule,,,,,,,,,,,,,,
SE 463,"001,002",Wednesday,"August 3, 2016",7:30 PM,10:00 PM,PAC 7,,,,,,,,,,
SOC 101R,001,Tuesday,"August 9, 2016",7:30 PM,10:00 PM,"REN 2104,2106",,,,,,,,,,
SOC 224R,081 Online,See https://uwaterloo.ca/quest/help/students/how-do-i/online-exam-schedule,,,,,,,,,,,,,,
SOC 227,001,Wednesday,"August 10, 2016",9:00 AM,11:00 AM,MC 4061,,,,,,,,,,
SOC 229,081 Online,See https://uwaterloo.ca/quest/help/students/how-do-i/online-exam-schedule,,,,,,,,,,,,,,
SOC 246,001,Monday,"August 8, 2016",4:00 PM,6:00 PM,PAS 1229,,,,,,,,,,
SOC 327,081 Online,See https://uwaterloo.ca/quest/help/students/how-do-i/online-exam-schedule,,,,,,,,,,,,,,
SOC 370,001,Tuesday,"August 9, 2016",9:00 AM,11:30 AM,PAS 1229,,,,,,,,,,
SOCWK 120R,081 Online,See https://uwaterloo.ca/quest/help/students/how-do-i/online-exam-schedule,,,,,,,,,,,,,,
SOCWK 221R,081 Online,See https://uwaterloo.ca/quest/help/students/how-do-i/online-exam-schedule,,,,,,,,,,,,,,
SOCWK 222R,081 Online,See https://uwaterloo.ca/quest/help/students/how-do-i/online-exam-schedule,,,,,,,,,,,,,,
SOCWK 300R,081 Online,See https://uwaterloo.ca/quest/help/students/how-do-i/online-exam-schedule,,,,,,,,,,,,,,
SOCWK 355R,081 Online,See https://uwaterloo.ca/quest/help/students/how-do-i/online-exam-schedule,,,,,,,,,,,,,,
STAT 230,001 to 003,Tuesday,"August 2, 2016",12:30 PM,3:00 PM,"PAC 4,5,6,7,8",,,,,,,,,,
STAT 231,001 to 003,Tuesday,"August 2, 2016",9:00 AM,11:30 AM,"PAC 1,2,3,4,5,6,7",,,,,,,,,,
STAT 330,001,Saturday,"August 13, 2016",9:00 AM,11:30 AM,"PAC 1,2",,,,,,,,,,
STAT 331,001,Wednesday,"August 10, 2016",12:30 PM,3:00 PM,"PAC 11,12",,,,,,,,,,
STAT 333,001,Thursday,"August 11, 2016",12:30 PM,3:00 PM,"PAC 4,5,6",,,,,,,,,,
STAT 334,001,Thursday,"August 11, 2016",4:00 PM,6:30 PM,PAC 8,,,,,,,,,,
STAT 371,001,Thursday,"August 4, 2016",4:00 PM,6:30 PM,"PAC 1,2",,,,,,,,,,
STAT 372,001,Friday,"August 12, 2016",9:00 AM,11:30 AM,"PAC 4,5",,,,,,,,,,
STAT 430,001,Friday,"August 5, 2016",7:30 PM,10:00 PM,"PAC 4,5",,,,,,,,,,
STAT 431,001,Saturday,"August 13, 2016",9:00 AM,11:30 AM,"PAC 4,5",,,,,,,,,,
STAT 443,001,Tuesday,"August 2, 2016",12:30 PM,3:00 PM,M3 1006,,,,,,,,,,
STAT 830,001,Friday,"August 5, 2016",7:30 PM,10:00 PM,"PAC 4,5",,,,,,,,,,
SYDE 112,001,Monday,"August 8, 2016",9:00 AM,11:30 AM,"RCH 110,112",,,,,,,,,,
SYDE 114,001,Wednesday,"August 10, 2016",9:00 AM,11:30 AM,"RCH 110,112",,,,,,,,,,
SYDE 162,001,Tuesday,"August 2, 2016",9:00 AM,11:30 AM,E2 1310,,,,,,,,,,
SYDE 182,001,Wednesday,"August 3, 2016",4:00 PM,6:30 PM,"RCH 207,211",,,,,,,,,,
SYDE 192,001,Friday,"August 5, 2016",9:00 AM,11:30 AM,DC 1351,,,,,,,,,,
SYDE 211,001,Wednesday,"August 3, 2016",12:30 PM,3:00 PM,RCH 309,,,,,,,,,,
SYDE 252,001,Friday,"August 12, 2016",4:00 PM,6:30 PM,"E5 3101,3102",,,,,,,,,,
SYDE 311,001,Friday,"August 5, 2016",9:00 AM,11:30 AM,"RCH 110,112",,,,,,,,,,
SYDE 351,001,Wednesday,"August 10, 2016",12:30 PM,3:00 PM,"RCH 110,112",,,,,,,,,,
SYDE 351,002,Tuesday,"August 2, 2016",12:30 PM,3:00 PM,"DWE 2402,3522,3522A",,,,,,,,,,
SYDE 381,001,Monday,"August 8, 2016",12:30 PM,3:00 PM,"RCH 110,112",,,,,,,,,,
SYDE 383,001,Wednesday,"August 3, 2016",9:00 AM,11:30 AM,"RCH 110,112",,,,,,,,,,
WS 222,081 Online,See https://uwaterloo.ca/quest/help/students/how-do-i/online-exam-schedule,,,,,,,,,,,,,,
