Exam,Section(s),Day,Date,Start,Finish,Location,,,,,,
ACTSC 221,001,Tuesday,"December 20, 2016",4:00 PM,6:30 PM,"MC 2017,2054",,,,,,
ACTSC 231,"001,002",Monday,"December 19, 2016",4:00 PM,6:30 PM,"PAC 6,7,8",,,,,,
ACTSC 232,001,Thursday,"December 15, 2016",4:00 PM,6:30 PM,DC 1350,,,,,,
ACTSC 331,001,Monday,"December 19, 2016",4:00 PM,6:30 PM,PAC 1,,,,,,
ACTSC 371,"001,002",Tuesday,"December 20, 2016",4:00 PM,6:30 PM,"DC 1350,1351",,,,,,
ACTSC 372,001,Saturday,"December 17, 2016",9:00 AM,11:30 AM,"PAC 7,8",,,,,,
ACTSC 431,001,Thursday,"December 8, 2016",7:30 PM,10:00 PM,"MC 2034,2035",,,,,,
ACTSC 432,001,Thursday,"December 15, 2016",4:00 PM,6:30 PM,DC 1351,,,,,,
ACTSC 445,001,Thursday,"December 8, 2016",9:00 AM,11:30 AM,"PAC 11,12",,,,,,
ACTSC 446,001,Monday,"December 12, 2016",9:00 AM,11:30 AM,"MC 4020,4021",,,,,,
ACTSC 463,001,Thursday,"December 22, 2016",4:00 PM,6:30 PM,MC 4041,,,,,,
ACTSC 831,001,Thursday,"December 8, 2016",7:30 PM,10:00 PM,"MC 2034,2035",,,,,,
ACTSC 832,001,Thursday,"December 15, 2016",4:00 PM,6:30 PM,DC 1351,,,,,,
ACTSC 845,001,Thursday,"December 8, 2016",9:00 AM,11:30 AM,"PAC 11,12",,,,,,
ACTSC 846,001,Monday,"December 12, 2016",9:00 AM,11:30 AM,"MC 4020,4021",,,,,,
AFM 101,001 to 006,Friday,"December 16, 2016",4:00 PM,6:30 PM,"PAC 1,2,3,4,5,6,7,8,9",,,,,,
AFM 123,001,Saturday,"December 17, 2016",7:30 PM,10:00 PM,M3 1006,,,,,,
AFM 131,003 to 006,Tuesday,"December 13, 2016",9:00 AM,11:30 AM,"PAC 1,2,3,4,5,6,7,8,9,10,11,12
MC 2017,2054",,,,,,
AFM 131,081 Online,See https://uwaterloo.ca/quest/help/students/how-do-i/online-exam-schedule,,,,,,,,,,
AFM 202,001 to 003,Thursday,"December 22, 2016",9:00 AM,11:00 AM,M3 1006,,,,,,
AFM 202,004 to 006,Thursday,"December 22, 2016",9:00 AM,11:00 AM,TBA,,,,,,
AFM 203,001,Exam removed from schedule. Contact instructor for further information.,,,,,,,,,,
AFM 231,001,Monday,"December 12, 2016",9:00 AM,11:00 AM,"MC 4059,4061",,,,,,
AFM 272,"001,002",Wednesday,"December 14, 2016",9:00 AM,11:30 AM,MC 1085,,,,,,
AFM 273,001 to 006,Thursday,"December 15, 2016",7:30 PM,10:00 PM,"PAC 4,5,6,7",,,,,,
AFM 291,001 to 006,Monday,"December 12, 2016",4:00 PM,6:30 PM,"DC 1350,1351, M3 1006",,,,,,
AFM 321,001,Saturday,"December 17, 2016",4:00 PM,6:30 PM,"PAC 9,10",,,,,,
AFM 323,001,Wednesday,"December 21, 2016",4:00 PM,6:30 PM,PAC 4,,,,,,
AFM 333,"001,002",Friday,"December 9, 2016",12:30 PM,3:00 PM,TBA,,,,,,
AFM 341,001 to 004,Monday,"December 19, 2016",12:30 PM,3:00 PM,STC 1012,,,,,,
AFM 362,001 to 004,Thursday,"December 8, 2016",4:00 PM,6:30 PM,"PAC 7,8",,,,,,
AFM 373,001 to 004,Tuesday,"December 13, 2016",12:30 PM,3:00 PM,"DC 1350,1351",,,,,,
AFM 391,001 to 004,Thursday,"December 15, 2016",12:30 PM,3:00 PM,"MC 4020,4021,4059,4061",,,,,,
AFM 401,001 to 004,Wednesday,"December 14, 2016",9:00 AM,11:30 AM,TBA,,,,,,
AFM 415,001,Monday,"December 19, 2016",7:30 PM,10:00 PM,MC 4020,,,,,,
AFM 424,001,Monday,"December 19, 2016",9:00 AM,11:30 AM,TBA,,,,,,
AFM 425,001,Thursday,"December 15, 2016",12:30 PM,3:00 PM,"PAC 9,10",,,,,,
AFM 433,001 to 003,Tuesday,"December 13, 2016",4:00 PM,6:30 PM,TBA,,,,,,
AFM 462,001 to 004,Monday,"December 12, 2016",9:00 AM,11:30 AM,TBA,,,,,,
AFM 476,"001,002",Friday,"December 9, 2016",7:30 PM,10:00 PM,MC 4020,,,,,,
AFM 477,001,Saturday,"December 17, 2016",9:00 AM,11:30 AM,PAC 9,,,,,,
AFM 478,001,Thursday,"December 8, 2016",9:00 AM,11:30 AM,MC 4064,,,,,,
AFM 482,001 to 005,Thursday,"December 8, 2016",12:30 PM,3:00 PM,"DC 1350,1351",,,,,,
AFM 491,"001,002",Friday,"December 16, 2016",12:30 PM,3:00 PM,M3 1006,,,,,,
AHS 107,"001,002",Friday,"December 9, 2016",9:00 AM,11:00 AM,"DC 1350,1351, MC 1085,4020,4021,
MC 4045,4059,4061",,,,,,
AMATH 231,001,Monday,"December 12, 2016",9:00 AM,11:30 AM,MC 1056,,,,,,
AMATH 250,"001,002",Saturday,"December 10, 2016",12:30 PM,3:00 PM,STC 1012,,,,,,
AMATH 251,001,Friday,"December 16, 2016",7:30 PM,10:00 PM,MC 4042,,,,,,
AMATH 271,001,Thursday,"December 15, 2016",7:30 PM,10:00 PM,TBA,,,,,,
AMATH 331,001,Friday,"December 16, 2016",4:00 PM,6:30 PM,MC 4020,,,,,,
AMATH 342,001,Monday,"December 12, 2016",9:00 AM,11:30 AM,TBA,,,,,,
AMATH 350,001,Thursday,"December 8, 2016",12:30 PM,3:00 PM,"MC 4042,4045",,,,,,
AMATH 351,001,Saturday,"December 10, 2016",12:30 PM,3:00 PM,MC 4020,,,,,,
AMATH 442,001,Thursday,"December 15, 2016",12:30 PM,3:00 PM,TBA,,,,,,
AMATH 456,001,Friday,"December 9, 2016",7:30 PM,10:00 PM,TBA,,,,,,
AMATH 473,001,Friday,"December 9, 2016",12:30 PM,3:00 PM,MC 4045,,,,,,
AMATH 673,001,Friday,"December 9, 2016",12:30 PM,3:00 PM,MC 4045,,,,,,
ANTH 100,001,Wednesday,"December 14, 2016",9:00 AM,11:30 AM,"STC 0050,0060",,,,,,
ANTH 201,001,Monday,"December 19, 2016",7:30 PM,10:00 PM,TBA,,,,,,
ANTH 202,001,Thursday,"December 22, 2016",4:00 PM,6:00 PM,TBA,,,,,,
ANTH 204,001,Wednesday,"December 21, 2016",4:00 PM,6:30 PM,TBA,,,,,,
ANTH 321,001,Monday,"December 12, 2016",12:30 PM,3:00 PM,TBA,,,,,,
APPLS 301,001,Friday,"December 9, 2016",12:30 PM,3:00 PM,TBA,,,,,,
ARBUS 101,"001,002",Tuesday,"December 13, 2016",9:00 AM,11:30 AM,"PAC 1,2,3,4,5,6,7,8,9,10,11,12
MC 2017,2054",,,,,,
ARBUS 200,001,Wednesday,"December 14, 2016",9:00 AM,11:30 AM,TBA,,,,,,
ARBUS 202,001,Thursday,"December 22, 2016",9:00 AM,11:30 AM,TBA,,,,,,
ARBUS 202,081 Online,See https://uwaterloo.ca/quest/help/students/how-do-i/online-exam-schedule,,,,,,,,,,
ARBUS 301,"001,002",Friday,"December 9, 2016",12:30 PM,3:00 PM,TBA,,,,,,
ARTS 125,001,Monday,"December 12, 2016",9:00 AM,11:30 AM,TBA,,,,,,
BIOL 110,001,Thursday,"December 22, 2016",9:00 AM,11:30 AM,"PAC 1,2,3",,,,,,
BIOL 130,001 to 003,Friday,"December 16, 2016",9:00 AM,11:30 AM,"PAC 1,2,3,4,5,6,7,8,9,10,11,12
DC 1350,1351",,,,,,
BIOL 130,081 Online,See https://uwaterloo.ca/quest/help/students/how-do-i/online-exam-schedule,,,,,,,,,,
BIOL 130L,001 to 031,Tuesday,"December 20, 2016",4:00 PM,5:00 PM,"PAC 1,2,3,4,5,6,7,8,11,12",,,,,,
BIOL 150,001,Wednesday,"December 14, 2016",7:30 PM,10:00 PM,"PAC 4,5,6,7,8",,,,,,
BIOL 225,001,Monday,"December 19, 2016",12:30 PM,3:00 PM,"MC 2017,2054",,,,,,
BIOL 239,081 Online,See https://uwaterloo.ca/quest/help/students/how-do-i/online-exam-schedule,,,,,,,,,,
BIOL 240,"001,002",Thursday,"December 8, 2016",9:00 AM,11:30 AM,"PAC 1,2,3,4,5,6,7",,,,,,
BIOL 240L,001 to 019,Monday,"December 12, 2016",7:30 PM,8:30 PM,"DC 1350,1351, STC 0010,0020,1012",,,,,,
BIOL 266,001,Monday,"December 19, 2016",9:00 AM,11:30 AM,"STC 0050,0060",,,,,,
BIOL 273,081 Online,See https://uwaterloo.ca/quest/help/students/how-do-i/online-exam-schedule,,,,,,,,,,
BIOL 301,001,Thursday,"December 15, 2016",4:00 PM,6:30 PM,"PAC 1,2,3,8,9",,,,,,
BIOL 303,001,Tuesday,"December 13, 2016",4:00 PM,6:30 PM,"PAC 1,2,3,9",,,,,,
BIOL 308,001,Friday,"December 9, 2016",9:00 AM,11:30 AM,"PAC 4,5,6,7",,,,,,
BIOL 309,001,Thursday,"December 15, 2016",12:30 PM,3:00 PM,"STC 0060,1012",,,,,,
BIOL 310,001,Friday,"December 16, 2016",9:00 AM,11:30 AM,MC 4040,,,,,,
BIOL 321,001,Saturday,"December 10, 2016",12:30 PM,3:00 PM,MC 4040,,,,,,
BIOL 325,001,Monday,"December 12, 2016",4:00 PM,6:30 PM,"PAC 11,12",,,,,,
BIOL 335L,001 to 003,Monday,"December 19, 2016",4:00 PM,6:30 PM,"PAC 9,10",,,,,,
BIOL 342,001,Thursday,"December 15, 2016",4:00 PM,6:30 PM,"STC 0010,0020",,,,,,
BIOL 345,001,Thursday,"December 8, 2016",9:00 AM,11:30 AM,PAC 8,,,,,,
BIOL 350,001,Thursday,"December 15, 2016",4:00 PM,6:30 PM,STC 1012,,,,,,
BIOL 354,001,Monday,"December 19, 2016",4:00 PM,6:30 PM,"PAC 4,5",,,,,,
BIOL 370,001,Wednesday,"December 21, 2016",9:00 AM,11:30 AM,DC 1350,,,,,,
BIOL 377,001,Thursday,"December 8, 2016",12:30 PM,3:00 PM,MC 4021,,,,,,
BIOL 403,001,Exam removed from schedule. Contact instructor for further information.,,,,,,,,,,
BIOL 434,001,Monday,"December 12, 2016",4:00 PM,6:30 PM,"MC 2017,2054",,,,,,
BIOL 439,001,Friday,"December 9, 2016",9:00 AM,11:30 AM,M3 1006,,,,,,
BIOL 443,001,Thursday,"December 22, 2016",4:00 PM,6:30 PM,"STC 0050,0060",,,,,,
BIOL 444,001,Tuesday,"December 20, 2016",7:30 PM,10:00 PM,PAC 7,,,,,,
BIOL 447,001,Saturday,"December 17, 2016",7:30 PM,10:00 PM,STC 0020,,,,,,
BIOL 448,001,Monday,"December 12, 2016",9:00 AM,11:30 AM,MC 4040,,,,,,
BIOL 455,001,Monday,"December 19, 2016",12:30 PM,3:00 PM,MC 4040,,,,,,
BIOL 456,001,Friday,"December 9, 2016",12:30 PM,3:00 PM,MC 4041,,,,,,
BIOL 469,001,Exam removed from schedule. Contact instructor for further information.,,,,,,,,,,
BIOL 470,001,Monday,"December 12, 2016",7:30 PM,10:00 PM,TBA,,,,,,
BIOL 473,001,Friday,"December 16, 2016",12:30 PM,3:00 PM,DC 1350,,,,,,
BME 101L,001,Monday,"December 12, 2016",12:30 PM,3:00 PM,TBA,,,,,,
BME 121,001,Friday,"December 9, 2016",9:00 AM,11:30 AM,TBA,,,,,,
BME 161,001,Thursday,"December 8, 2016",9:00 AM,11:30 AM,TBA,,,,,,
BME 181,001,Wednesday,"December 14, 2016",12:30 PM,3:00 PM,TBA,,,,,,
BME 213,001,Thursday,"December 8, 2016",12:30 PM,3:00 PM,TBA,,,,,,
BME 261,001,Tuesday,"December 13, 2016",9:00 AM,11:30 AM,TBA,,,,,,
BME 281,001,Friday,"December 9, 2016",12:30 PM,3:00 PM,TBA,,,,,,
BME 283,001,Thursday,"December 15, 2016",9:00 AM,11:30 AM,TBA,,,,,,
BUS 111W,,Saturday,"December 10, 2016",12:30 PM,3:00 PM,"PAC 1,2,3,4",,,,,,
BUS 127W,,See https://students.wlu.ca/academics/exams/exam-schedules/index.html,,,,,,,,,,
BUS 223W,,See https://students.wlu.ca/academics/exams/exam-schedules/index.html,,,,,,,,,,
BUS 231W,,See https://students.wlu.ca/academics/exams/exam-schedules/index.html,,,,,,,,,,
BUS 283W,,See https://students.wlu.ca/academics/exams/exam-schedules/index.html,,,,,,,,,,
BUS 288W,,See https://students.wlu.ca/academics/exams/exam-schedules/index.html,,,,,,,,,,
BUS 352W,,See https://students.wlu.ca/academics/exams/exam-schedules/index.html,,,,,,,,,,
BUS 354W,,See https://students.wlu.ca/academics/exams/exam-schedules/index.html,,,,,,,,,,
BUS 357W,,See https://students.wlu.ca/academics/exams/exam-schedules/index.html,,,,,,,,,,
BUS 362W,,See https://students.wlu.ca/academics/exams/exam-schedules/index.html,,,,,,,,,,
BUS 385W,,See https://students.wlu.ca/academics/exams/exam-schedules/index.html,,,,,,,,,,
BUS 387W,,See https://students.wlu.ca/academics/exams/exam-schedules/index.html,,,,,,,,,,
BUS 393W,,See https://students.wlu.ca/academics/exams/exam-schedules/index.html,,,,,,,,,,
BUS 397W,,See https://students.wlu.ca/academics/exams/exam-schedules/index.html,,,,,,,,,,
BUS 408W,,See https://students.wlu.ca/academics/exams/exam-schedules/index.html,,,,,,,,,,
BUS 413W,,See https://students.wlu.ca/academics/exams/exam-schedules/index.html,,,,,,,,,,
BUS 423W,,See https://students.wlu.ca/academics/exams/exam-schedules/index.html,,,,,,,,,,
BUS 429W,,See https://students.wlu.ca/academics/exams/exam-schedules/index.html,,,,,,,,,,
BUS 451W,,See https://students.wlu.ca/academics/exams/exam-schedules/index.html,,,,,,,,,,
BUS 467W,,See https://students.wlu.ca/academics/exams/exam-schedules/index.html,,,,,,,,,,
BUS 473W,,See https://students.wlu.ca/academics/exams/exam-schedules/index.html,,,,,,,,,,
BUS 477W,,See https://students.wlu.ca/academics/exams/exam-schedules/index.html,,,,,,,,,,
BUS 481W,,See https://students.wlu.ca/academics/exams/exam-schedules/index.html,,,,,,,,,,
BUS 486W,,See https://students.wlu.ca/academics/exams/exam-schedules/index.html,,,,,,,,,,
BUS 487W,,See https://students.wlu.ca/academics/exams/exam-schedules/index.html,,,,,,,,,,
BUS 497JW,,See https://students.wlu.ca/academics/exams/exam-schedules/index.html,,,,,,,,,,
BUS 497KW,,See https://students.wlu.ca/academics/exams/exam-schedules/index.html,,,,,,,,,,
CHE 100,001,Saturday,"December 10, 2016",12:30 PM,3:00 PM,M3 1006,,,,,,
CHE 102,001 to 012,Monday,"December 19, 2016",12:30 PM,3:00 PM,"PAC 1,2,3,4,5,6,7,8,9,10,11,12
DC 1350,1351, MC 4020,4021",,,,,,
CHE 200,001,Thursday,"December 8, 2016",9:00 AM,11:30 AM,MC 4020,,,,,,
CHE 211,001,Saturday,"December 10, 2016",12:30 PM,3:00 PM,MC 1085,,,,,,
CHE 220,001,Friday,"December 16, 2016",12:30 PM,3:00 PM,MC 4020,,,,,,
CHE 230,001,Wednesday,"December 14, 2016",9:00 AM,11:30 AM,MC 4059,,,,,,
CHE 231,001,Thursday,"December 8, 2016",9:00 AM,11:30 AM,MC 4021,,,,,,
CHE 241,001,Tuesday,"December 13, 2016",9:00 AM,11:30 AM,STC 0010,,,,,,
CHE 313,001,Tuesday,"December 13, 2016",4:00 PM,6:30 PM,TBA,,,,,,
CHE 331,001,Thursday,"December 8, 2016",12:30 PM,3:00 PM,TBA,,,,,,
CHE 361,001,Thursday,"December 22, 2016",12:30 PM,3:00 PM,TBA,,,,,,
CHE 420,001,Tuesday,"December 13, 2016",9:00 AM,11:30 AM,TBA,,,,,,
CHE 425,001,Thursday,"December 15, 2016",12:30 PM,3:00 PM,"MC 2017,2054",,,,,,
CHE 480,001,Friday,"December 9, 2016",9:00 AM,11:30 AM,TBA,,,,,,
CHE 516,001,Monday,"December 19, 2016",12:30 PM,3:00 PM,TBA,,,,,,
CHE 541,001,Monday,"December 12, 2016",9:00 AM,11:30 AM,TBA,,,,,,
CHE 571,001,Saturday,"December 10, 2016",4:00 PM,6:30 PM,TBA,,,,,,
CHE 622,001,Thursday,"December 15, 2016",12:30 PM,3:00 PM,"MC 2017,2054",,,,,,
CHEM 120,001 to 004,Monday,"December 19, 2016",9:00 AM,11:30 AM,"PAC 1,2,3,4,5,6,7,8,9,10,11, 12
DC 1350,1351, M3 1006
STC 0040,1012",,,,,,
CHEM 120L,001 to 014,Monday,"December 19, 2016",7:30 PM,9:30 PM,"PAC 1,2,3,4,5,6,7,8,9,10,11,12
STC 0010,0020,1012",,,,,,
CHEM 123,081 Online,See https://uwaterloo.ca/quest/help/students/how-do-i/online-exam-schedule,,,,,,,,,,
CHEM 209,001,Friday,"December 16, 2016",4:00 PM,6:30 PM,"DC 1350,1351",,,,,,
CHEM 220,001,Wednesday,"December 14, 2016",4:00 PM,6:30 PM,"DC 1350,1351",,,,,,
CHEM 237,001,Friday,"December 9, 2016",7:30 PM,10:00 PM,"MC 2034,2035,2038",,,,,,
CHEM 237L,001 to 004,Saturday,"December 17, 2016",9:00 AM,11:00 AM,M3 1006,,,,,,
CHEM 240,001,Thursday,"December 22, 2016",9:00 AM,11:30 AM,PAC 6,,,,,,
CHEM 262,001,Monday,"December 12, 2016",4:00 PM,6:30 PM,MC 4059,,,,,,
CHEM 264,001,Tuesday,"December 20, 2016",9:00 AM,11:30 AM,"DC 1350,1351",,,,,,
CHEM 266,"001,002",Wednesday,"December 14, 2016",12:30 PM,3:00 PM,"PAC 1,2,3,4,5,6,7",,,,,,
CHEM 266,081 Online,See https://uwaterloo.ca/quest/help/students/how-do-i/online-exam-schedule,,,,,,,,,,
CHEM 302,081 Online,See https://uwaterloo.ca/quest/help/students/how-do-i/online-exam-schedule,,,,,,,,,,
CHEM 310,001,Thursday,"December 8, 2016",4:00 PM,6:30 PM,PAC 11,,,,,,
CHEM 331,001,Wednesday,"December 14, 2016",9:00 AM,11:30 AM,PAC 6,,,,,,
CHEM 333,001,Wednesday,"December 14, 2016",9:00 AM,11:30 AM,MC 4061,,,,,,
CHEM 356,001,Tuesday,"December 13, 2016",12:30 PM,3:00 PM,TBA,,,,,,
CHEM 363,001,Thursday,"December 15, 2016",7:30 PM,10:00 PM,PAC 3,,,,,,
CHEM 370,001,Monday,"December 12, 2016",12:30 PM,3:00 PM,TBA,,,,,,
CHEM 383,001,Tuesday,"December 20, 2016",12:30 PM,3:00 PM,MC 4045,,,,,,
CHEM 404,001,Saturday,"December 17, 2016",9:00 AM,11:30 AM,MC 4059,,,,,,
CHEM 432,001,Friday,"December 16, 2016",12:30 PM,3:00 PM,MC 4021,,,,,,
CHEM 440,001,Thursday,"December 8, 2016",9:00 AM,11:30 AM,TBA,,,,,,
CHEM 460,001,Monday,"December 19, 2016",9:00 AM,11:30 AM,MC 4042,,,,,,
CHEM 464,001,Wednesday,"December 21, 2016",9:00 AM,11:30 AM,MC 4041,,,,,,
CHEM 740,001,Thursday,"December 8, 2016",9:00 AM,11:30 AM,TBA,,,,,,
CHEM 770,001,Monday,"December 12, 2016",12:30 PM,3:00 PM,TBA,,,,,,
CHINA 101R,001 to 003,Thursday,"December 8, 2016",9:00 AM,11:30 AM,TBA,,,,,,
CHINA 102R,001,Monday,"December 12, 2016",9:00 AM,11:30 AM,TBA,,,,,,
CHINA 120R,"001,002",Wednesday,"December 21, 2016",4:00 PM,6:30 PM,TBA,,,,,,
CHINA 201R,001,Saturday,"December 10, 2016",12:30 PM,3:00 PM,TBA,,,,,,
CHINA 202R,001,Monday,"December 19, 2016",9:00 AM,11:30 AM,TBA,,,,,,
CHINA 301R,001,Thursday,"December 8, 2016",9:00 AM,11:30 AM,TBA,,,,,,
CIVE 115,"001,002",Monday,"December 12, 2016",12:30 PM,3:00 PM,STC 1012,,,,,,
CIVE 204,001,Thursday,"December 8, 2016",4:00 PM,6:30 PM,TBA,,,,,,
CIVE 221,001,Tuesday,"December 13, 2016",9:00 AM,11:30 AM,TBA,,,,,,
CIVE 224,001,Saturday,"December 10, 2016",12:30 PM,3:00 PM,TBA,,,,,,
CIVE 241,001,Monday,"December 19, 2016",9:00 AM,11:30 AM,TBA,,,,,,
CIVE 265,001,Thursday,"December 15, 2016",9:00 AM,11:30 AM,TBA,,,,,,
CIVE 313,001,Thursday,"December 8, 2016",9:00 AM,11:30 AM,TBA,,,,,,
CIVE 332,001,Monday,"December 12, 2016",9:00 AM,11:30 AM,TBA,,,,,,
CIVE 343,001,Wednesday,"December 14, 2016",9:00 AM,11:30 AM,TBA,,,,,,
CIVE 354,001,Friday,"December 16, 2016",9:00 AM,11:30 AM,TBA,,,,,,
CIVE 381,001,Monday,"December 19, 2016",12:30 PM,3:00 PM,TBA,,,,,,
CIVE 486,001,Tuesday,"December 20, 2016",12:30 PM,3:00 PM,TBA,,,,,,
CIVE 497,001,Friday,"December 9, 2016",7:30 PM,10:00 PM,TBA,,,,,,
CIVE 497,002,Thursday,"December 8, 2016",7:30 PM,10:00 PM,TBA,,,,,,
CLAS 100,001,Friday,"December 16, 2016",12:30 PM,2:30 PM,"MC 2034,2035",,,,,,
CLAS 202,001,Wednesday,"December 21, 2016",7:30 PM,9:30 PM,"PAC 1,2,3,4",,,,,,
CLAS 221,001,Monday,"December 19, 2016",7:30 PM,10:00 PM,TBA,,,,,,
CLAS 242,001,Thursday,"December 8, 2016",7:30 PM,9:30 PM,MC 4040,,,,,,
CLAS 251,001,Thursday,"December 22, 2016",12:30 PM,2:30 PM,MC 4045,,,,,,
CLAS 261,001,Wednesday,"December 14, 2016",7:30 PM,10:00 PM,TBA,,,,,,
CLAS 321,001,Monday,"December 12, 2016",12:30 PM,3:00 PM,TBA,,,,,,
CLAS 352,001,Friday,"December 9, 2016",12:30 PM,2:30 PM,MC 4042,,,,,,
CLAS 486,001,Monday,"December 12, 2016",12:30 PM,2:30 PM,MC 4064,,,,,,
CLAS 651,001,Monday,"December 12, 2016",12:30 PM,2:30 PM,MC 4064,,,,,,
CM 762,001,Wednesday,"December 21, 2016",7:30 PM,10:00 PM,DC 1351,,,,,,
CMW 364,001,Thursday,"December 8, 2016",4:00 PM,6:30 PM,TBA,,,,,,
CO 227,001,Thursday,"December 22, 2016",9:00 AM,11:30 AM,PAC 12,,,,,,
CO 250,"001,002",Thursday,"December 15, 2016",7:30 PM,10:00 PM,"PAC 1,2",,,,,,
CO 330,001,Wednesday,"December 21, 2016",12:30 PM,3:00 PM,PAC 6,,,,,,
CO 342,001,Tuesday,"December 20, 2016",12:30 PM,3:00 PM,"PAC 9,10",,,,,,
CO 351,001,Thursday,"December 15, 2016",7:30 PM,10:00 PM,PAC 8,,,,,,
CO 367,001,Saturday,"December 17, 2016",9:00 AM,11:30 AM,PAC 10,,,,,,
CO 370,001,Thursday,"December 22, 2016",9:00 AM,11:30 AM,"PAC 7,8",,,,,,
CO 372,001,Saturday,"December 10, 2016",12:30 PM,3:00 PM,MC 4041,,,,,,
CO 442,001,Thursday,"December 8, 2016",4:00 PM,6:30 PM,TBA,,,,,,
CO 450,001,Thursday,"December 8, 2016",9:00 AM,11:30 AM,MC 2017,,,,,,
CO 456,001,Monday,"December 19, 2016",9:00 AM,11:30 AM,MC 1085,,,,,,
CO 466,001,Saturday,"December 10, 2016",12:30 PM,3:00 PM,MC 4042,,,,,,
CO 485,001,Monday,"December 12, 2016",12:30 PM,3:00 PM,MC 4040,,,,,,
CO 642,001,Thursday,"December 8, 2016",4:00 PM,6:30 PM,TBA,,,,,,
CO 650,001,Thursday,"December 8, 2016",9:00 AM,11:30 AM,MC 2017,,,,,,
CO 666,001,Saturday,"December 10, 2016",12:30 PM,3:00 PM,MC 4042,,,,,,
CO 685,001,Monday,"December 12, 2016",12:30 PM,3:00 PM,MC 4040,,,,,,
COMM 231,001,Monday,"December 19, 2016",9:00 AM,11:30 AM,"STC 0010,0020",,,,,,
COMM 421,001,Friday,"December 16, 2016",9:00 AM,11:30 AM,MC 4041,,,,,,
COMM 431,001,Wednesday,"December 14, 2016",9:00 AM,11:30 AM,MC 4040,,,,,,
CROAT 101,081 Online,See https://uwaterloo.ca/quest/help/students/how-do-i/online-exam-schedule,,,,,,,,,,
CS 100,081 Online,See https://uwaterloo.ca/quest/help/students/how-do-i/online-exam-schedule,,,,,,,,,,
CS 105,"001,002",Thursday,"December 8, 2016",4:00 PM,6:30 PM,M3 1006,,,,,,
CS 115,001 to 009,Thursday,"December 15, 2016",9:00 AM,11:30 AM,"PAC 1,2,3,4,5,6,7,8",,,,,,
CS 116,001 to 003,Thursday,"December 15, 2016",9:00 AM,11:30 AM,"STC 0060,1012",,,,,,
CS 135,001 to 011,Thursday,"December 15, 2016",12:30 PM,3:00 PM,"PAC 1,2,3,4,5,6,7,8,11,12",,,,,,
CS 136,001 to 003,Thursday,"December 15, 2016",9:00 AM,11:30 AM,"DC 1350,1351",,,,,,
CS 137,001,Thursday,"December 15, 2016",12:30 PM,3:00 PM,"STC 0010,0020",,,,,,
CS 145,001,Thursday,"December 15, 2016",12:30 PM,3:00 PM,"MC 2034,2035",,,,,,
CS 200,001,Thursday,"December 15, 2016",12:30 PM,3:00 PM,TBA,,,,,,
CS 200L,,Saturday,"December 10, 2016",12:30 PM,3:00 PM,TBA,,,,,,
CS 234,"001,002",Wednesday,"December 14, 2016",7:30 PM,10:00 PM,"PAC 1,2,3",,,,,,
CS 240,001 to 003,Monday,"December 12, 2016",4:00 PM,6:30 PM,STC 1012,,,,,,
CS 241,001 to 005,Saturday,"December 17, 2016",12:30 PM,3:00 PM,"PAC 4,5,6",,,,,,
CS 245,001 to 007,Thursday,"December 15, 2016",4:00 PM,6:30 PM,"PAC 4,5,6,7,11",,,,,,
CS 246,001 to 007,Tuesday,"December 20, 2016",9:00 AM,11:30 AM,"PAC 1,2,3,4,5",,,,,,
CS 251,001 to 003,Thursday,"December 22, 2016",9:00 AM,11:30 AM,"PAC 4,5",,,,,,
CS 330,"001,002",Monday,"December 12, 2016",7:30 PM,10:00 PM,"PAC 4,5",,,,,,
CS 335,001,Wednesday,"December 21, 2016",12:30 PM,3:00 PM,"PAC 7,8",,,,,,
CS 338,001,Monday,"December 12, 2016",12:30 PM,3:00 PM,"MC 4059,4061",,,,,,
CS 341,001 to 004,Monday,"December 12, 2016",7:30 PM,10:00 PM,"PAC 1,2,3",,,,,,
CS 343,001 to 004,Saturday,"December 17, 2016",9:00 AM,11:30 AM,"DC 1350,1351",,,,,,
CS 348,001 to 005,Tuesday,"December 20, 2016",9:00 AM,11:30 AM,"PAC 6,7,8",,,,,,
CS 349,"001,002",Monday,"December 19, 2016",12:30 PM,3:00 PM,M3 1006,,,,,,
CS 350,001 to 005,Friday,"December 16, 2016",12:30 PM,3:00 PM,"PAC 7,8,11,12",,,,,,
CS 360,001,Saturday,"December 17, 2016",4:00 PM,6:30 PM,PAC 11,,,,,,
CS 370,"001,002",Friday,"December 9, 2016",7:30 PM,10:00 PM,TBA,,,,,,
CS 430,001,Friday,"December 16, 2016",4:00 PM,6:30 PM,MC 1085,,,,,,
CS 432,001,Thursday,"December 15, 2016",4:00 PM,6:30 PM,TBA,,,,,,
CS 445,001,Wednesday,"December 21, 2016",4:00 PM,6:30 PM,PAC 5,,,,,,
CS 456,"001,002",Thursday,"December 15, 2016",12:30 PM,3:00 PM,M3 1006,,,,,,
CS 458,"001,002",Monday,"December 12, 2016",12:30 PM,3:00 PM,"STC 0010,0020",,,,,,
CS 466,001,Tuesday,"December 13, 2016",9:00 AM,11:30 AM,STC 0020,,,,,,
CS 486,"001,002",Wednesday,"December 14, 2016",9:00 AM,11:30 AM,M3 1006,,,,,,
CS 488,001,Thursday,"December 8, 2016",7:30 PM,10:00 PM,MC 2038,,,,,,
CS 645,001,Wednesday,"December 21, 2016",4:00 PM,6:30 PM,PAC 5,,,,,,
CS 656,"001,002",Thursday,"December 15, 2016",12:30 PM,3:00 PM,M3 1006,,,,,,
CS 658,"001,002",Monday,"December 12, 2016",12:30 PM,3:00 PM,"STC 0010,0020",,,,,,
CS 666,001,Tuesday,"December 13, 2016",9:00 AM,11:30 AM,STC 0020,,,,,,
CS 686,"001,002",Wednesday,"December 14, 2016",9:00 AM,11:30 AM,M3 1006,,,,,,
CS 688,001,Thursday,"December 8, 2016",7:30 PM,10:00 PM,MC 2038,,,,,,
DRAMA 386,081 Online,See https://uwaterloo.ca/quest/help/students/how-do-i/online-exam-schedule,,,,,,,,,,
DUTCH 101,001,Thursday,"December 8, 2016",7:30 PM,10:00 PM,TBA,,,,,,
EARTH 121,001,Tuesday,"December 20, 2016",12:30 PM,3:00 PM,"PAC 6,7,8",,,,,,
EARTH 121L,001 to 005,Tuesday,"December 13, 2016",12:30 PM,3:00 PM,M3 1006,,,,,,
EARTH 123,001,Thursday,"December 15, 2016",7:30 PM,10:00 PM,"PAC 11,12",,,,,,
EARTH 123L,001 to 004,Tuesday,"December 20, 2016",4:00 PM,6:30 PM,STC 0010,,,,,,
EARTH 231,001,Tuesday,"December 13, 2016",7:30 PM,10:00 PM,DC 1350,,,,,,
EARTH 235,001,Wednesday,"December 21, 2016",7:30 PM,10:00 PM,DC 1350,,,,,,
EARTH 260,001,Saturday,"December 17, 2016",9:00 AM,11:30 AM,PAC 6,,,,,,
EARTH 331,001,Monday,"December 19, 2016",9:00 AM,11:30 AM,MC 2034,,,,,,
EARTH 342,"001,002",Thursday,"December 8, 2016",12:30 PM,3:00 PM,"PAC 11,12",,,,,,
EARTH 421,001,Tuesday,"December 13, 2016",7:30 PM,10:00 PM,MC 4020,,,,,,
EARTH 440,001,Tuesday,"December 20, 2016",9:00 AM,11:30 AM,PAC 12,,,,,,
EARTH 461,001,Thursday,"December 8, 2016",9:00 AM,11:30 AM,MC 4041,,,,,,
EARTH 668,001,Thursday,"December 8, 2016",9:00 AM,11:30 AM,MC 4041,,,,,,
ECE 105,001 to 004,Friday,"December 16, 2016",12:30 PM,3:00 PM,"PAC 1,2,3,4,5,6",,,,,,
ECE 140,001 to 004,Saturday,"December 10, 2016",12:30 PM,3:00 PM,"PAC 5,6,7,8,9,11,12",,,,,,
ECE 150,001 to 003,Wednesday,"December 14, 2016",12:30 PM,3:00 PM,"DC 1350,1351, M3 1006",,,,,,
ECE 205,001,Saturday,"December 17, 2016",4:00 PM,6:30 PM,"PAC 7,8",,,,,,
ECE 206,001,Monday,"December 19, 2016",12:30 PM,3:00 PM,MC 1085,,,,,,
ECE 207,001,Saturday,"December 10, 2016",12:30 PM,3:00 PM,"STC 0010,0020",,,,,,
ECE 207,002,Saturday,"December 10, 2016",12:30 PM,3:00 PM,"STC 0050,0060",,,,,,
ECE 209,001,Monday,"December 12, 2016",4:00 PM,6:30 PM,"MC 2034,2035",,,,,,
ECE 222,"001,002",Monday,"December 12, 2016",12:30 PM,3:00 PM,"DC 1350,1351",,,,,,
ECE 224,"001,002",Thursday,"December 8, 2016",12:30 PM,3:00 PM,M3 1006,,,,,,
ECE 240,001,Thursday,"December 8, 2016",4:00 PM,6:30 PM,"MC 4059,4060,4061",,,,,,
ECE 242,"001,002",Friday,"December 16, 2016",4:00 PM,6:30 PM,STC 1012,,,,,,
ECE 250,001,Monday,"December 19, 2016",9:00 AM,11:30 AM,"MC 4059,4060,4061",,,,,,
ECE 254,001,Thursday,"December 15, 2016",4:00 PM,6:30 PM,M3 1006,,,,,,
ECE 290,001,Thursday,"December 15, 2016",9:00 AM,11:30 AM,M3 1006,,,,,,
ECE 318,001,Monday,"December 12, 2016",9:00 AM,11:30 AM,"RCH 103,105,110",,,,,,
ECE 356,001,Tuesday,"December 13, 2016",9:00 AM,11:30 AM,MC 1085,,,,,,
ECE 358,001,Monday,"December 19, 2016",12:30 PM,3:00 PM,"MC 2034,2035",,,,,,
ECE 361,001,Friday,"December 9, 2016",7:30 PM,10:00 PM,MC 1085,,,,,,
ECE 390,001,Friday,"December 9, 2016",12:30 PM,3:00 PM,DC 1350,,,,,,
ECE 451,001,Wednesday,"December 21, 2016",4:00 PM,6:30 PM,PAC 5,,,,,,
ECE 484,001,Friday,"December 16, 2016",12:30 PM,3:00 PM,TBA,,,,,,
ECON 101,001,Thursday,"December 8, 2016",7:30 PM,10:00 PM,"PAC 4,5",,,,,,
ECON 101,002,Thursday,"December 8, 2016",7:30 PM,10:00 PM,STC 1012,,,,,,
ECON 101,003,Thursday,"December 8, 2016",7:30 PM,10:00 PM,"PAC 1,2,9",,,,,,
ECON 101,004,Thursday,"December 8, 2016",7:30 PM,10:00 PM,"M3 1006, MC 1085",,,,,,
ECON 101,005,Thursday,"December 8, 2016",7:30 PM,10:00 PM,"PAC 3,11,12",,,,,,
ECON 101,006,Thursday,"December 8, 2016",7:30 PM,10:00 PM,"MC 4020,4021,4059,4061",,,,,,
ECON 101,007,Thursday,"December 8, 2016",7:30 PM,10:00 PM,"DC 1350,1351",,,,,,
ECON 101,"008,009",Thursday,"December 8, 2016",7:30 PM,10:00 PM,"PAC 6,7,8",,,,,,
ECON 101,081 Online,See https://uwaterloo.ca/quest/help/students/how-do-i/online-exam-schedule,,,,,,,,,,
ECON 102,001,Wednesday,"December 14, 2016",4:00 PM,6:30 PM,"PAC 4,5,11",,,,,,
ECON 102,"002,003",Wednesday,"December 14, 2016",4:00 PM,6:30 PM,"PAC 1,2,3,8,9,10",,,,,,
ECON 102,004,Wednesday,"December 14, 2016",4:00 PM,6:30 PM,"PAC 6,7,12",,,,,,
ECON 120W,,See https://students.wlu.ca/academics/exams/exam-schedules/index.html,,,,,,,,,,
ECON 201,"001,002",Tuesday,"December 20, 2016",7:30 PM,10:00 PM,"PAC 1,2",,,,,,
ECON 201,003,Tuesday,"December 20, 2016",7:30 PM,10:00 PM,PAC 4,,,,,,
ECON 206,"001,002",Friday,"December 16, 2016",7:30 PM,10:00 PM,M3 1006,,,,,,
ECON 207,001,Thursday,"December 15, 2016",9:00 AM,11:30 AM,"MC 2034,2035",,,,,,
ECON 211,"001,002",Friday,"December 9, 2016",12:30 PM,2:30 PM,STC 1012,,,,,,
ECON 212,001,Thursday,"December 22, 2016",12:30 PM,3:00 PM,MC 4059,,,,,,
ECON 221,"001,002",Friday,"December 16, 2016",9:00 AM,11:30 AM,STC 1012,,,,,,
ECON 231,"001,002",Wednesday,"December 14, 2016",4:00 PM,6:00 PM,STC 1012,,,,,,
ECON 254,001,Tuesday,"December 13, 2016",9:00 AM,11:30 AM,"MC 4059,4061",,,,,,
ECON 255,001,Thursday,"December 15, 2016",4:00 PM,6:30 PM,PAC 12,,,,,,
ECON 290,001,Monday,"December 12, 2016",4:00 PM,6:30 PM,MC 4061,,,,,,
ECON 301,"001,002",Tuesday,"December 20, 2016",7:30 PM,10:00 PM,PAC 5,,,,,,
ECON 322,001,Monday,"December 19, 2016",9:00 AM,11:30 AM,MC 4020,,,,,,
ECON 323,001,Thursday,"December 8, 2016",9:00 AM,11:00 AM,STC 0040,,,,,,
ECON 341,001,Thursday,"December 22, 2016",4:00 PM,5:30 PM,MC 4042,,,,,,
ECON 351,001,Saturday,"December 17, 2016",12:30 PM,2:30 PM,MC 4040,,,,,,
ECON 361,001,Thursday,"December 8, 2016",7:30 PM,10:00 PM,STC 0020,,,,,,
ECON 371,"001,002",Monday,"December 19, 2016",7:30 PM,10:00 PM,"MC 4059,4061",,,,,,
ECON 401,001,Tuesday,"December 13, 2016",4:00 PM,6:30 PM,MC 4061,,,,,,
ECON 421,001,Monday,"December 19, 2016",12:30 PM,3:00 PM,MC 4041,,,,,,
ECON 456,001,Monday,"December 12, 2016",12:30 PM,3:00 PM,MC 4042,,,,,,
EMLS 129R,081 Online,See https://uwaterloo.ca/quest/help/students/how-do-i/online-exam-schedule,,,,,,,,,,
ENBUS 202,001,Friday,"December 16, 2016",9:00 AM,11:30 AM,"MC 4020,4021",,,,,,
ENBUS 204,001,Monday,"December 12, 2016",12:30 PM,3:00 PM,"MC 4020,4021",,,,,,
ENBUS 306,001,Tuesday,"December 13, 2016",4:00 PM,6:30 PM,"PAC 11,12",,,,,,
ENBUS 309,001,Friday,"December 16, 2016",12:30 PM,3:00 PM,"MC 2017,2054",,,,,,
ENBUS 406,001,Monday,"December 12, 2016",7:30 PM,10:00 PM,PAC 11,,,,,,
ENBUS 407,001,Tuesday,"December 20, 2016",4:00 PM,6:30 PM,MC 2038,,,,,,
ENGL 101B,081 Online,See https://uwaterloo.ca/quest/help/students/how-do-i/online-exam-schedule,,,,,,,,,,
ENGL 108A,001,Saturday,"December 17, 2016",7:30 PM,8:30 PM,TBA,,,,,,
ENGL 108A,002,Thursday,"December 15, 2016",9:00 AM,11:00 AM,TBA,,,,,,
ENGL 108E,001,Wednesday,"December 14, 2016",4:00 PM,6:30 PM,TBA,,,,,,
ENGL 108F,001,Wednesday,"December 14, 2016",7:30 PM,10:00 PM,TBA,,,,,,
ENGL 108P,002,Saturday,"December 17, 2016",12:30 PM,3:00 PM,TBA,,,,,,
ENGL 109,008,Wednesday,"December 21, 2016",9:00 AM,11:30 AM,TBA,,,,,,
ENGL 109,081 Online,See https://uwaterloo.ca/quest/help/students/how-do-i/online-exam-schedule,,,,,,,,,,
ENGL 190,081 Online,See https://uwaterloo.ca/quest/help/students/how-do-i/online-exam-schedule,,,,,,,,,,
ENGL 200A,001,Monday,"December 19, 2016",12:30 PM,2:30 PM,MC 4042,,,,,,
ENGL 200A,002,Thursday,"December 15, 2016",9:00 AM,11:30 AM,TBA,,,,,,
ENGL 200A,081 Online,See https://uwaterloo.ca/quest/help/students/how-do-i/online-exam-schedule,,,,,,,,,,
ENGL 208A,001,Tuesday,"December 13, 2016",7:30 PM,9:00 PM,TBA,,,,,,
ENGL 208M,001,Tuesday,"December 20, 2016",7:30 PM,10:00 PM,TBA,,,,,,
ENGL 210F,081 Online,See https://uwaterloo.ca/quest/help/students/how-do-i/online-exam-schedule,,,,,,,,,,
ENGL 210I,001,Thursday,"December 8, 2016",12:30 PM,3:00 PM,TBA,,,,,,
ENGL 213,001,Thursday,"December 8, 2016",9:00 AM,11:30 AM,TBA,,,,,,
ENGL 251A,001,Thursday,"December 8, 2016",12:30 PM,2:30 PM,TBA,,,,,,
ENGL 251A,003,Monday,"December 12, 2016",9:00 AM,11:30 AM,TBA,,,,,,
ENGL 251A,004,Tuesday,"December 20, 2016",7:30 PM,10:00 PM,PAC 6,,,,,,
ENGL 251A,081 Online,See https://uwaterloo.ca/quest/help/students/how-do-i/online-exam-schedule,,,,,,,,,,
ENGL 306A,081 Online,See https://uwaterloo.ca/quest/help/students/how-do-i/online-exam-schedule,,,,,,,,,,
ENGL 309A,001,Friday,"December 9, 2016",9:00 AM,11:30 AM,MC 1056,,,,,,
ENGL 313,001,Monday,"December 12, 2016",12:30 PM,3:00 PM,TBA,,,,,,
ENGL 315,081 Online,See https://uwaterloo.ca/quest/help/students/how-do-i/online-exam-schedule,,,,,,,,,,
ENGL 345,081 Online,See https://uwaterloo.ca/quest/help/students/how-do-i/online-exam-schedule,,,,,,,,,,
ENGL 362,081 Online,See https://uwaterloo.ca/quest/help/students/how-do-i/online-exam-schedule,,,,,,,,,,
ENGL 371,001,Saturday,"December 10, 2016",7:30 PM,10:00 PM,TBA,,,,,,
ENGL 451A,001,Thursday,"December 8, 2016",12:30 PM,3:00 PM,TBA,,,,,,
ENVE 214,001,Friday,"December 9, 2016",12:30 PM,3:00 PM,"PAC 9,10",,,,,,
ENVE 223,001,Thursday,"December 8, 2016",9:00 AM,11:30 AM,STC 0020,,,,,,
ENVE 276,001,Friday,"December 16, 2016",9:00 AM,11:30 AM,MC 2034,,,,,,
ENVE 292,001,Monday,"December 12, 2016",4:00 PM,6:30 PM,MC 2038,,,,,,
ENVE 472,001,Tuesday,"December 13, 2016",7:30 PM,10:00 PM,MC 4021,,,,,,
ENVS 105,001,Tuesday,"December 13, 2016",12:30 PM,3:00 PM,STC 1012,,,,,,
ENVS 178,001,Friday,"December 9, 2016",9:00 AM,11:30 AM,"PAC 8,11,12",,,,,,
ENVS 200,001,Thursday,"December 15, 2016",12:30 PM,3:00 PM,"DC 1350,1351",,,,,,
ENVS 201,001,Thursday,"December 8, 2016",9:00 AM,11:30 AM,M3 1006,,,,,,
ENVS 278,001,Friday,"December 9, 2016",9:00 AM,11:30 AM,"PAC 1,2,3,9",,,,,,
ERS 110,001,Monday,"December 12, 2016",9:00 AM,11:30 AM,TBA,,,,,,
ERS 210,001,Friday,"December 16, 2016",9:00 AM,11:30 AM,TBA,,,,,,
ERS 211,001,Thursday,"December 8, 2016",4:00 PM,6:30 PM,TBA,,,,,,
ERS 234,001,Saturday,"December 17, 2016",9:00 AM,11:30 AM,TBA,,,,,,
ERS 346,001,Tuesday,"December 13, 2016",12:30 PM,3:00 PM,TBA,,,,,,
ERS 370,001,Thursday,"December 8, 2016",7:30 PM,10:00 PM,TBA,,,,,,
ERS 484,001,Monday,"December 12, 2016",9:00 AM,11:30 AM,TBA,,,,,,
ERS 684,001,Monday,"December 12, 2016",9:00 AM,11:30 AM,TBA,,,,,,
FINE 102,001,Monday,"December 12, 2016",7:30 PM,10:00 PM,M3 1006,,,,,,
FINE 242,001,Thursday,"December 8, 2016",7:30 PM,9:30 PM,MC 4040,,,,,,
FR 101,081 Online,See https://uwaterloo.ca/quest/help/students/how-do-i/online-exam-schedule,,,,,,,,,,
FR 151,001 to 003,Saturday,"December 17, 2016",12:30 PM,2:30 PM,M3 1006,,,,,,
FR 151,081 Online,See https://uwaterloo.ca/quest/help/students/how-do-i/online-exam-schedule,,,,,,,,,,
FR 152,001 to 003,Saturday,"December 10, 2016",9:00 AM,11:00 AM,TBA,,,,,,
FR 152,081 Online,See https://uwaterloo.ca/quest/help/students/how-do-i/online-exam-schedule,,,,,,,,,,
FR 192A,"001,002,004 to 006",Saturday,"December 10, 2016",12:30 PM,2:30 PM,DC 1350,,,,,,
FR 192A,003,Saturday,"December 10, 2016",12:30 PM,2:30 PM,TBA,,,,,,
FR 192A,081 Online,See https://uwaterloo.ca/quest/help/students/how-do-i/online-exam-schedule,,,,,,,,,,
FR 192B,"001,002",Tuesday,"December 20, 2016",12:30 PM,2:30 PM,TBA,,,,,,
FR 192B,003,Tuesday,"December 20, 2016",12:30 PM,2:30 PM,TBA,,,,,,
FR 192B,081 Online,See https://uwaterloo.ca/quest/help/students/how-do-i/online-exam-schedule,,,,,,,,,,
FR 251,"001,002",Thursday,"December 22, 2016",9:00 AM,11:00 AM,TBA,,,,,,
FR 251,081 Online,See https://uwaterloo.ca/quest/help/students/how-do-i/online-exam-schedule,,,,,,,,,,
FR 252,"001,002",Thursday,"December 15, 2016",4:00 PM,6:00 PM,TBA,,,,,,
FR 255,081 Online,See https://uwaterloo.ca/quest/help/students/how-do-i/online-exam-schedule,,,,,,,,,,
FR 276,001,Saturday,"December 17, 2016",7:30 PM,9:30 PM,TBA,,,,,,
FR 291,081 Online,See https://uwaterloo.ca/quest/help/students/how-do-i/online-exam-schedule,,,,,,,,,,
FR 296,001,Saturday,"December 10, 2016",4:00 PM,6:30 PM,TBA,,,,,,
FR 297,001,Saturday,"December 10, 2016",12:30 PM,2:30 PM,TBA,,,,,,
FR 297,081 Online,See https://uwaterloo.ca/quest/help/students/how-do-i/online-exam-schedule,,,,,,,,,,
FR 354,001,Thursday,"December 8, 2016",12:30 PM,3:00 PM,TBA,,,,,,
GBDA 203,"001,002",Monday,"December 12, 2016",4:00 PM,6:30 PM,"MC 4020,4021",,,,,,
GENE 121,"001,002",Wednesday,"December 14, 2016",9:00 AM,11:30 AM,"PAC 7,8",,,,,,
GEOG 102,001,Wednesday,"December 21, 2016",4:00 PM,6:30 PM,"PAC 7,8",,,,,,
GEOG 201,001,Friday,"December 16, 2016",9:00 AM,11:30 AM,"MC 4059,4061",,,,,,
GEOG 203,001,Tuesday,"December 20, 2016",9:00 AM,11:30 AM,M3 1006,,,,,,
GEOG 215,001,Monday,"December 19, 2016",9:00 AM,11:30 AM,MC 2035,,,,,,
GEOG 233,001,Thursday,"December 22, 2016",4:00 PM,6:30 PM,STC 0010,,,,,,
GEOG 281,001,Monday,"December 19, 2016",12:30 PM,3:00 PM,STC 0010,,,,,,
GEOG 293,001,Saturday,"December 17, 2016",12:30 PM,3:00 PM,PAC 7,,,,,,
GEOG 310,001,Wednesday,"December 21, 2016",9:00 AM,11:30 AM,DC 1351,,,,,,
GEOG 311,001,Wednesday,"December 14, 2016",9:00 AM,11:30 AM,MC 4041,,,,,,
GEOG 316,001,Saturday,"December 10, 2016",12:30 PM,3:00 PM,PAC 10,,,,,,
GEOG 356,001,Tuesday,"December 20, 2016",9:00 AM,11:30 AM,PAC 11,,,,,,
GEOG 404,001,Monday,"December 12, 2016",9:00 AM,11:30 AM,TBA,,,,,,
GER 100,001,Saturday,"December 17, 2016",9:00 AM,11:30 AM,TBA,,,,,,
GER 101,001 to 005,Wednesday,"December 14, 2016",7:30 PM,10:00 PM,TBA,,,,,,
GER 101,081 Online,See https://uwaterloo.ca/quest/help/students/how-do-i/online-exam-schedule,,,,,,,,,,
GER 102,081 Online,See https://uwaterloo.ca/quest/help/students/how-do-i/online-exam-schedule,,,,,,,,,,
GER 201,001,Tuesday,"December 13, 2016",9:00 AM,11:30 AM,TBA,,,,,,
GER 201,081 Online,See https://uwaterloo.ca/quest/help/students/how-do-i/online-exam-schedule,,,,,,,,,,
GER 202,081 Online,See https://uwaterloo.ca/quest/help/students/how-do-i/online-exam-schedule,,,,,,,,,,
GER 220,"001,002",Friday,"December 16, 2016",4:00 PM,6:30 PM,"STC 0010,0020",,,,,,
GER 301,001,Friday,"December 9, 2016",12:30 PM,3:00 PM,TBA,,,,,,
GERON 201,001,Tuesday,"December 13, 2016",9:00 AM,11:30 AM,"DC 1350,1351",,,,,,
GERON 245,001,Monday,"December 12, 2016",9:00 AM,10:00 AM,"DC 1350,1351",,,,,,
GERON 320,001,Saturday,"December 10, 2016",12:30 PM,2:30 PM,MC 2034,,,,,,
GRK 101,001,Tuesday,"December 13, 2016",9:00 AM,11:00 AM,MC 4040,,,,,,
GRK 201,001,Monday,"December 12, 2016",9:00 AM,11:00am,MC 4064,,,,,,
HIST 105,001,Thursday,"December 15, 2016",7:30 PM,10:00 PM,TBA,,,,,,
HIST 110,001,Thursday,"December 15, 2016",12:30 PM,3:00 PM,TBA,,,,,,
HIST 113,001,Monday,"December 19, 2016",9:00 AM,11:30 AM,TBA,,,,,,
HIST 221,001,Saturday,"December 17, 2016",7:30 PM,10:00 PM,TBA,,,,,,
HIST 242,001,Thursday,"December 22, 2016",12:30 PM,2:30 PM,MC 4045,,,,,,
HIST 250,001,Tuesday,"December 13, 2016",12:30 PM,2:30 PM,TBA,,,,,,
HIST 254,001,Friday,"December 9, 2016",12:30 PM,3:00 PM,TBA,,,,,,
HIST 268,001,Thursday,"December 8, 2016",12:30 PM,3:00 PM,TBA,,,,,,
HIST 278,001,Friday,"December 16, 2016",4:00 PM,6:30 PM,TBA,,,,,,
HIST 316,001,Saturday,"December 10, 2016",9:00 AM,11:30 AM,TBA,,,,,,
HIST 356,001,Friday,"December 9, 2016",12:30 PM,3:00 PM,TBA,,,,,,
HIST 389,001,Thursday,"December 8, 2016",4:00 PM,6:30 PM,TBA,,,,,,
HLTH 101,"001,002",Thursday,"December 22, 2016",12:30 PM,2:30 PM,"STC 0050,0060,1012",,,,,,
HLTH 103,001,Friday,"December 16, 2016",7:30 PM,9:30 PM,PAC 6,,,,,,
HLTH 201,001,Tuesday,"December 13, 2016",9:00 AM,11:30 AM,"DC 1350,1351",,,,,,
HLTH 202,001,Thursday,"December 8, 2016",12:30 PM,3:00 PM,"STC 0010,0020,0040,0050",,,,,,
HLTH 204,001,Tuesday,"December 20, 2016",9:00 AM,10:00 AM,STC 1012,,,,,,
HLTH 245,001,Monday,"December 12, 2016",9:00 AM,10:00 AM,"DC 1350,1351",,,,,,
HLTH 320,001,Saturday,"December 10, 2016",12:30 PM,2:30 PM,MC 2034,,,,,,
HLTH 333,001,Saturday,"December 17, 2016",12:30 PM,3:00 PM,"PAC 1,2,3",,,,,,
HLTH 355,001,Tuesday,"December 13, 2016",12:30 PM,2:00 PM,"MC 4059,4060,4061",,,,,,
HLTH 407,001,Monday,"December 12, 2016",12:30 PM,3:00 PM,"STC 0050,0060",,,,,,
HLTH 442,001,Saturday,"December 17, 2016",12:30 PM,3:00 PM,"PAC 1,2,3",,,,,,
HLTH 448,001,Monday,"December 19, 2016",12:30 PM,3:00 PM,MC 4064,,,,,,
HRM 200,081 Online,See https://uwaterloo.ca/quest/help/students/how-do-i/online-exam-schedule,,,,,,,,,,
HRM 301,001,Tuesday,"December 20, 2016",4:00 PM,6:00 PM,STC 0020,,,,,,
HRM 303,001,Wednesday,"December 21, 2016",7:30 PM,9:30 PM,PAC 5,,,,,,
HRM 307,001,Thursday,"December 8, 2016",9:00 AM,11:00 AM,MC 4045,,,,,,
HUMSC 101,001,Saturday,"December 10, 2016",7:30 PM,10:00 PM,TBA,,,,,,
INDEV 100,001,Friday,"December 16, 2016",4:00 PM,6:30 PM,M3 1006,,,,,,
INDEV 302,001,Wednesday,"December 14, 2016",4:00 PM,6:30 PM,MC 4045,,,,,,
JAPAN 101R,001 to 003,Tuesday,"December 20, 2016",7:30 PM,9:30 PM,TBA,,,,,,
JAPAN 102R,001,Thursday,"December 22, 2016",12:30 PM,3:00 PM,TBA,,,,,,
JAPAN 201R,"001,002",Wednesday,"December 14, 2016",4:00 PM,6:30 PM,TBA,,,,,,
JAPAN 202R,001,Saturday,"December 10, 2016",7:30 PM,10:00 PM,TBA,,,,,,
JAPAN 301R,001,Wednesday,"December 14, 2016",7:30 PM,10:00 PM,TBA,,,,,,
JS 114,081 Online,See https://uwaterloo.ca/quest/help/students/how-do-i/online-exam-schedule,,,,,,,,,,
KIN 104,001,Wednesday,"December 14, 2016",12:30 PM,2:30 PM,"STC 0050,0060,1012",,,,,,
KIN 105,001,Wednesday,"December 14, 2016",9:00 AM,11:30 AM,STC 1012,,,,,,
KIN 121,001,Thursday,"December 8, 2016",12:30 PM,3:00 PM,STC 1012,,,,,,
KIN 155,001,Monday,"December 12, 2016",7:30 PM,10:00 PM,"PAC 6,7,8,9",,,,,,
KIN 217,001,Saturday,"December 17, 2016",7:30 PM,10:00 PM,"PAC 6,7,8,9",,,,,,
KIN 301,001,Friday,"December 9, 2016",9:00 AM,11:30 AM,STC 0020,,,,,,
KIN 354,001,Tuesday,"December 20, 2016",9:00 AM,11:30 AM,"MC 4059,4061",,,,,,
KIN 357,001,Friday,"December 16, 2016",12:30 PM,2:30 PM,MC 1085,,,,,,
KIN 405,001,Monday,"December 19, 2016",12:30 PM,3:00 PM,"MC 4059,4061",,,,,,
KIN 407,001,Monday,"December 12, 2016",12:30 PM,3:00 PM,"STC 0050,0060",,,,,,
KIN 427,001,Tuesday,"December 20, 2016",4:00 PM,6:00 PM,"MC 4020,4021",,,,,,
KIN 428,001,Thursday,"December 15, 2016",9:00 AM,11:30 AM,"MC 2017,2054",,,,,,
KIN 456,001,Thursday,"December 8, 2016",9:00 AM,11:30 AM,MC 2054,,,,,,
KIN 656,001,Thursday,"December 8, 2016",9:00 AM,11:30 AM,MC 2054,,,,,,
LAT 101,"001,002",Saturday,"December 10, 2016",12:30 PM,2:30 PM,MC 4045,,,,,,
LAT 201,001,Thursday,"December 8, 2016",9:00 AM,11:00 AM,MC 4042,,,,,,
LS 101,001,Thursday,"December 15, 2016",12:30 PM,3:00 PM,TBA,,,,,,
LS 101,002,Saturday,"December 17, 2016",9:00 AM,11:30 AM,TBA,,,,,,
LS 101,081 Online,See https://uwaterloo.ca/quest/help/students/how-do-i/online-exam-schedule,,,,,,,,,,
LS 201,001,Monday,"December 12, 2016",7:30 PM,10:00 PM,TBA,,,,,,
LS 221,001,Saturday,"December 17, 2016",7:30 PM,10:00 PM,TBA,,,,,,
LS 224,001,Monday,"December 12, 2016",9:00 AM,11:30 AM,TBA,,,,,,
LS 227,001,Thursday,"December 8, 2016",9:00 AM,11:30 AM,MC 1085,,,,,,
LS 271,001,Friday,"December 16, 2016",7:30 PM,10:00 PM,TBA,,,,,,
LS 271,081 Online,See https://uwaterloo.ca/quest/help/students/how-do-i/online-exam-schedule,,,,,,,,,,
LS 273,081 Online,See https://uwaterloo.ca/quest/help/students/how-do-i/online-exam-schedule,,,,,,,,,,
LS 280,001,Wednesday,"December 14, 2016",12:30 PM,3:00 PM,TBA,,,,,,
LS 283,001,Monday,"December 12, 2016",9:00 AM,11:00 AM,"MC 4059,4061",,,,,,
LS 291,001,Thursday,"December 8, 2016",12:30 PM,3:00 PM,TBA,,,,,,
LS 292,001,Thursday,"December 8, 2016",9:00 AM,11:30 AM,TBA,,,,,,
LS 300,001,Thursday,"December 15, 2016",9:00 AM,11:30 AM,TBA,,,,,,
LS 306,001,Friday,"December 9, 2016",9:00 AM,11:00 AM,TBA,,,,,,
MATBUS 470,001,Thursday,"December 8, 2016",7:30 PM,10:00 PM,STC 0040,,,,,,
MATBUS 471,001,Monday,"December 19, 2016",4:00 PM,6:30 PM,PAC 2,,,,,,
MATH 103,001,Friday,"December 16, 2016",12:30 PM,3:00 PM,MC 2038,,,,,,
MATH 103,081 Online,See https://uwaterloo.ca/quest/help/students/how-do-i/online-exam-schedule,,,,,,,,,,
MATH 104,001,Tuesday,"December 20, 2016",7:30 PM,10:00 PM,PAC 3,,,,,,
MATH 106,001,Thursday,"December 8, 2016",9:00 AM,11:30 AM,"PAC 9,10",,,,,,
MATH 109,001 to 003,Tuesday,"December 20, 2016",12:30 PM,3:00 PM,"PAC 1,2,3,4",,,,,,
MATH 114,"001,002",Thursday,"December 22, 2016",4:00 PM,6:30 PM,STC 1012,,,,,,
MATH 115,001 to 007,Monday,"December 12, 2016",4:00 PM,6:30 PM,"PAC 1,2,3,4,5,6,7,8",,,,,,
MATH 116,001 to 008,Thursday,"December 8, 2016",12:30 PM,3:00 PM,"PAC 1,2,3,4,5,6,7,8,9",,,,,,
MATH 117,001 to 005,Thursday,"December 8, 2016",4:00 PM,6:30 PM,"PAC 1,2,3,4,5,6,9,10",,,,,,
MATH 124,001,Friday,"December 16, 2016",7:30 PM,10:00 PM,"DC 1350,1351",,,,,,
MATH 127,001 to 009,Monday,"December 12, 2016",12:30 PM,3:00 PM,"PAC 1,2,3,4,5,6,7,8,9,10",,,,,,
MATH 127,081 Online,See https://uwaterloo.ca/quest/help/students/how-do-i/online-exam-schedule,,,,,,,,,,
MATH 128,001,Friday,"December 16, 2016",12:30 PM,3:00 PM,DC 1351,,,,,,
MATH 128,081 Online,See https://uwaterloo.ca/quest/help/students/how-do-i/online-exam-schedule,,,,,,,,,,
MATH 135,"001,004,007 to 013,
015,017 to 023,
025,026",Monday,"December 12, 2016",9:00 AM,11:30 AM,"PAC 1,2,3,4,5,6,7,8,9,10,11,12",,,,,,
MATH 135,"002,003,005,006,
014,016,024,027",Monday,"December 12, 2016",9:00 AM,11:30 AM,"STC 0010,0020,0040,0050,1012",,,,,,
MATH 136,001 to 003,Thursday,"December 8, 2016",9:00 AM,11:30 AM,"DC 1350,1351",,,,,,
MATH 136,081 Online,See https://uwaterloo.ca/quest/help/students/how-do-i/online-exam-schedule,,,,,,,,,,
MATH 137,"001,004,006,010",Friday,"December 9, 2016",7:30 PM,10:00 PM,"STC 0020,0040,0050,0060,1012",,,,,,
MATH 137,"002,003,005
007 to 009",Friday,"December 9, 2016",7:30 PM,10:00 PM,"PAC 1,2,3,4,5,6,7,8,9,10,11,12",,,,,,
MATH 138,001 to 003,Friday,"December 9, 2016",7:30 PM,10:00 PM,"DC 1350,1351",,,,,,
MATH 145,"001,002",Monday,"December 12, 2016",9:00 AM,11:30 AM,M3 1006,,,,,,
MATH 147,"001,002",Friday,"December 9, 2016",7:30 PM,10:00 PM,M3 1006,,,,,,
MATH 207,001,Saturday,"December 17, 2016",12:30 PM,3:00 PM,PAC 8,,,,,,
MATH 215,001,Friday,"December 9, 2016",7:30 PM,10:00 PM,"MC 4059,4060,4061",,,,,,
MATH 217,001,Saturday,"December 10, 2016",12:30 PM,3:00 PM,MC 4021,,,,,,
MATH 218,001,Friday,"December 16, 2016",12:30 PM,3:00 PM,"PAC 9,10",,,,,,
MATH 225,001,Monday,"December 19, 2016",7:30 PM,10:00 PM,MC 4045,,,,,,
MATH 227,001,Monday,"December 12, 2016",12:30 PM,3:00 PM,TBA,,,,,,
MATH 228,001,Saturday,"December 10, 2016",12:30 PM,3:00 PM,"MC 4059,4061",,,,,,
MATH 229,001,Monday,"December 19, 2016",9:00 AM,11:30 AM,MC 2038,,,,,,
MATH 235,001 to 005,Thursday,"December 8, 2016",4:00 PM,6:30 PM,"DC 1350,1351, STC 0060,1012",,,,,,
MATH 237,001 to 005,Saturday,"December 17, 2016",7:30 PM,10:00 PM,"PAC 1,2,3,4,5",,,,,,
MATH 239,001 to 004,Wednesday,"December 21, 2016",12:30 PM,3:00 PM,"PAC 1,2,3,4",,,,,,
MATH 245,001,Thursday,"December 8, 2016",9:00 AM,11:30 AM,MC 2035,,,,,,
MATH 247,001,Saturday,"December 17, 2016",7:30 PM,10:00 PM,TBA,,,,,,
MATH 249,001,Monday,"December 12, 2016",7:30 PM,10:00 PM,TBA,,,,,,
ME 201,001,Monday,"December 12, 2016",12:30 PM,3:00 PM,TBA,,,,,,
ME 202,001,Thursday,"December 8, 2016",9:00 AM,11:30 AM,TBA,,,,,,
ME 203,001,Monday,"December 12, 2016",9:00 AM,11:30 AM,TBA,,,,,,
ME 212,001,Thursday,"December 8, 2016",9:00 AM,11:30 AM,TBA,,,,,,
ME 219,001,Friday,"December 16, 2016",9:00 AM,11:30 AM,TBA,,,,,,
ME 220,001,Monday,"December 19, 2016",12:30 PM,3:00 PM,TBA,,,,,,
ME 230,001,Monday,"December 19, 2016",9:00 AM,11:30 AM,TBA,,,,,,
ME 235,001,Wednesday,"December 14, 2016",9:00 AM,11:30 AM,TBA,,,,,,
ME 250,001,Saturday,"December 10, 2016",9:00 AM,11:30 AM,TBA,,,,,,
ME 250,002,Friday,"December 16, 2016",7:30 PM,10:00 PM,MC 1085,,,,,,
ME 262,001,Thursday,"December 8, 2016",7:30 PM,10:00 PM,TBA,,,,,,
ME 269,001,Wednesday,"December 14, 2016",12:30 PM,3:00 PM,TBA,,,,,,
ME 322,001,Tuesday,"December 13, 2016",12:30 PM,3:00 PM,TBA,,,,,,
ME 353,001,Thursday,"December 15, 2016",9:00 AM,11:30 AM,TBA,,,,,,
ME 360,001,Tuesday,"December 20, 2016",9:00 AM,11:30 AM,TBA,,,,,,
ME 362,001,Friday,"December 9, 2016",9:00 AM,11:30 AM,TBA,,,,,,
ME 436,001,Monday,"December 12, 2016",12:30 PM,3:00 PM,TBA,,,,,,
ME 456,001,Thursday,"December 8, 2016",9:00 AM,11:30 AM,TBA,,,,,,
ME 547,001,Monday,"December 19, 2016",12:30 PM,3:00 PM,TBA,,,,,,
ME 561,001,Friday,"December 9, 2016",9:00 AM,11:30 AM,TBA,,,,,,
ME 599,001,Friday,"December 9, 2016",7:30 PM,10:00 PM,TBA,,,,,,
ME 760,001,Friday,"December 9, 2016",7:30 PM,10:00 PM,TBA,,,,,,
MEDVL 250R,001,Thursday,"December 8, 2016",9:00 AM,11:30 AM,TBA,,,,,,
MNS 101,001,Friday,"December 9, 2016",9:00 AM,11:30 AM,STC 0040,,,,,,
MNS 211,001,Thursday,"December 8, 2016",7:30 PM,10:00 PM,STC 0010,,,,,,
MNS 321,001,Thursday,"December 8, 2016",7:30 PM,10:00 PM,MC 4041,,,,,,
MSCI 211,001,Wednesday,"December 21, 2016",9:00 AM,11:30 AM,M3 1006,,,,,,
MSCI 211,081 Online,See https://uwaterloo.ca/quest/help/students/how-do-i/online-exam-schedule,,,,,,,,,,
MSCI 240,001,Monday,"December 12, 2016",4:00 PM,6:30 PM,"PAC 9,10",,,,,,
MSCI 261,001,Saturday,"December 17, 2016",9:00 AM,11:30 AM,"PAC 11,12",,,,,,
MSCI 262,"001,002",Thursday,"December 8, 2016",9:00 AM,11:30 AM,STC 0010,,,,,,
MSCI 271,001,Saturday,"December 10, 2016",9:00 AM,11:30 AM,TBA,,,,,,
MSCI 311,001,Saturday,"December 17, 2016",7:30 PM,10:00 PM,DC 1350,,,,,,
MSCI 331,001,Wednesday,"December 21, 2016",7:30 PM,10:00 PM,MC 4061,,,,,,
MSCI 332,"001,002",Thursday,"December 8, 2016",12:30 PM,3:00 PM,TBA,,,,,,
MSCI 333,001,Wednesday,"December 14, 2016",9:00 AM,11:30 AM,MC 4020,,,,,,
MSCI 342,001,Monday,"December 12, 2016",7:30 PM,10:00 PM,TBA,,,,,,
MSCI 422,001,Wednesday,"December 21, 2016",9:00 AM,11:30 AM,MC 4045,,,,,,
MSCI 446,001,Saturday,"December 10, 2016",4:00 PM,6:30 PM,TBA,,,,,,
MTE 201,001,Friday,"December 16, 2016",4:00 PM,6:30 PM,TBA,,,,,,
MTE 202,001,Wednesday,"December 14, 2016",9:00 AM,11:30 AM,TBA,,,,,,
MTE 203,001,Tuesday,"December 13, 2016",12:30 PM,3:00 PM,TBA,,,,,,
MTE 204,001,Monday,"December 12, 2016",12:30 PM,3:00 PM,TBA,,,,,,
MTE 219,001,Monday,"December 19, 2016",4:00 PM,6:30 PM,TBA,,,,,,
MTE 220,001,Friday,"December 9, 2016",7:30 PM,10:00 PM,TBA,,,,,,
MTE 241,001,Thursday,"December 8, 2016",12:30 PM,3:00 PM,TBA,,,,,,
MTE 262,001,Monday,"December 12, 2016",4:00 PM,6:30 PM,TBA,,,,,,
MTHEL 131,001,Tuesday,"December 20, 2016",12:30 PM,2:30 PM,M3 1006,,,,,,
MUSIC 100,001,Thursday,"December 15, 2016",4:00 PM,6:30 PM,TBA,,,,,,
MUSIC 140,001,Saturday,"December 17, 2016",4:00 PM,6:30 PM,TBA,,,,,,
MUSIC 231,001,Monday,"December 19, 2016",12:30 PM,3:00 PM,TBA,,,,,,
MUSIC 232,001,Friday,"December 16, 2016",7:30 PM,10:00 PM,TBA,,,,,,
MUSIC 253,001,Monday,"December 12, 2016",9:00 AM,11:00 AM,TBA,,,,,,
MUSIC 256,001,Thursday,"December 8, 2016",9:00 AM,11:00 AM,TBA,,,,,,
MUSIC 275,001,Thursday,"December 8, 2016",9:00 AM,11:30 AM,TBA,,,,,,
MUSIC 364,001,Thursday,"December 8, 2016",4:00 PM,6:30 PM,TBA,,,,,,
MUSIC 370,001,Saturday,"December 10, 2016",4:00 PM,6:30 PM,TBA,,,,,,
NE 100,001,Friday,"December 16, 2016",4:00 PM,6:30 PM,"PAC 11,12",,,,,,
NE 109,001,Saturday,"December 10, 2016",12:30 PM,1:30 PM,DC 1351,,,,,,
NE 111,001,Monday,"December 19, 2016",9:00 AM,11:30 AM,TBA,,,,,,
NE 112,001,Monday,"December 12, 2016",12:30 PM,3:00 PM,"PAC 11,12",,,,,,
NE 121,001,Thursday,"December 15, 2016",9:00 AM,11:30 AM,"PAC 11,12",,,,,,
NE 201,001,Thursday,"December 8, 2016",12:30 PM,3:00 PM,"MC 2017,2054",,,,,,
NE 215,001,Friday,"December 16, 2016",4:00 PM,6:30 PM,"MC 2017,2054",,,,,,
NE 216,001,Wednesday,"December 14, 2016",12:30 PM,3:00 PM,"MC 4059,4061",,,,,,
NE 224,001,Monday,"December 12, 2016",9:00 AM,11:30 AM,"MC 2017,2054",,,,,,
NE 232,001,Tuesday,"December 20, 2016",12:30 PM,3:00 PM,"PAC 11,12",,,,,,
NE 241,001,Wednesday,"December 21, 2016",12:30 PM,3:00 PM,PAC 5,,,,,,
NE 335,001,Monday,"December 12, 2016",12:30 PM,3:00 PM,STC 0040,,,,,,
NE 336,001,Friday,"December 16, 2016",9:00 AM,11:30 AM,"MC 2035,2038",,,,,,
NE 345,001,Friday,"December 9, 2016",12:30 PM,3:00 PM,MC 4059,,,,,,
NE 352,001,Tuesday,"December 20, 2016",12:30 PM,3:00 PM,PAC 5,,,,,,
NE 353,001,Wednesday,"December 14, 2016",9:00 AM,11:30 AM,"PAC 9,10",,,,,,
NE 451,001,Friday,"December 16, 2016",9:00 AM,11:30 AM,MC 4045,,,,,,
NE 461,001,Friday,"December 9, 2016",9:00 AM,11:30 AM,STC 0050,,,,,,
NE 471,001,Tuesday,"December 13, 2016",4:00 PM,6:30 PM,MC 4059,,,,,,
NE 481,001,Wednesday,"December 14, 2016",9:00 AM,11:30 AM,MC 4021,,,,,,
NE 491,001,Monday,"December 19, 2016",9:00 AM,11:30 AM,MC 4021,,,,,,
OPTOM 104,001,Saturday,"December 10, 2016",9:00 AM,11:30 AM,REV 200,,,,,,
OPTOM 105,001,Monday,"December 12, 2016",9:00 AM,10:30 AM,REV 200,,,,,,
OPTOM 106,001,Thursday,"December 8, 2016",9:00 AM,11:30 AM,REV 200,,,,,,
OPTOM 108,001,Friday,"December 16, 2016",9:00 AM,11:30 AM,REV 200,,,,,,
OPTOM 124,001,Wednesday,"December 14, 2016",9:00 AM,11:00 AM,REV 200,,,,,,
OPTOM 215,001,Saturday,"December 10, 2016",12:30 PM,3:00 PM,REV 200,,,,,,
OPTOM 216,001,Wednesday,"December 14, 2016",12:30 PM,2:30 PM,REV 200,,,,,,
OPTOM 231,001,Thursday,"December 8, 2016",12:30 PM,2:30 PM,REV 200,,,,,,
OPTOM 245,001,Monday,"December 12, 2016",12:30 PM,2:30 PM,REV 200,,,,,,
OPTOM 252,001,Friday,"December 16, 2016",12:30 PM,2:30 PM,REV 200,,,,,,
OPTOM 342A,001,Wednesday,"December 14, 2016",4:00 PM,6:30 PM,REV 200,,,,,,
OPTOM 347,001,Thursday,"December 8, 2016",4:00 PM,6:30 PM,REV 200,,,,,,
OPTOM 375,001,Monday,"December 12, 2016",4:00 PM,6:30 PM,REV 200,,,,,,
OPTOM 387,001,Saturday,"December 10, 2016",4:00 PM,6:30 PM,REV 200,,,,,,
PACS 201,001,Wednesday,"December 21, 2016",9:00 AM,11:30 AM,TBA,,,,,,
PACS 202,001,Friday,"December 16, 2016",7:30 PM,10:00 PM,TBA,,,,,,
PACS 202,081 Online,See https://uwaterloo.ca/quest/help/students/how-do-i/online-exam-schedule,,,,,,,,,,
PHIL 100J,001,Wednesday,"December 14, 2016",7:30 PM,10:00 PM,TBA,,,,,,
PHIL 100J,002,Tuesday,"December 20, 2016",12:30 PM,3:00 PM,TBA,,,,,,
PHIL 110A,081 Online,See https://uwaterloo.ca/quest/help/students/how-do-i/online-exam-schedule,,,,,,,,,,
PHIL 118J,001,Thursday,"December 8, 2016",9:00 AM,11:30 AM,TBA,,,,,,
PHIL 145,001,Thursday,"December 22, 2016",12:30 PM,3:00 PM,TBA,,,,,,
PHIL 145,081 Online,See https://uwaterloo.ca/quest/help/students/how-do-i/online-exam-schedule,,,,,,,,,,
PHIL 202,081 Online,See https://uwaterloo.ca/quest/help/students/how-do-i/online-exam-schedule,,,,,,,,,,
PHIL 215,001,Thursday,"December 22, 2016",9:00 AM,11:30 AM,TBA,,,,,,
PHIL 215,081 Online,See https://uwaterloo.ca/quest/help/students/how-do-i/online-exam-schedule,,,,,,,,,,
PHIL 230J,001,Thursday,"December 8, 2016",9:00 AM,11:30 AM,TBA,,,,,,
PHIL 251,001,Wednesday,"December 14, 2016",7:30 PM,10:00 PM,TBA,,,,,,
PHIL 265,081 Online,See https://uwaterloo.ca/quest/help/students/how-do-i/online-exam-schedule,,,,,,,,,,
PHIL 283,001,Wednesday,"December 14, 2016",7:30 PM,10:00 PM,TBA,,,,,,
PHIL 284,001,Thursday,"December 8, 2016",7:30 PM,10:00 PM,TBA,,,,,,
PHIL 350,001,Thursday,"December 8, 2016",12:30 PM,3:00 PM,TBA,,,,,,
PHYS 111,001 to 004,Friday,"December 9, 2016",12:30 PM,3:00 PM,"PAC 1,2,3,4,5,6,7,8",,,,,,
PHYS 111L,001 to 020,Wednesday,"December 21, 2016",9:00 AM,10:00 AM,"PAC 1,2,3,4,5,6",,,,,,
PHYS 115,001 to 004,Wednesday,"December 14, 2016",9:00 AM,11:30 AM,"PAC 1,2,3,4,5",,,,,,
PHYS 121,"001,002",Saturday,"December 17, 2016",9:00 AM,11:30 AM,"PAC 1,2,3,4,5",,,,,,
PHYS 121L,001 to 004,Wednesday,"December 21, 2016",9:00 AM,10:00 AM,"PAC 11,12",,,,,,
PHYS 131L,001 to 007,Wednesday,"December 21, 2016",9:00 AM,10:00 AM,"PAC 7,8",,,,,,
PHYS 224,001,Friday,"December 9, 2016",12:30 PM,3:00 PM,MC 4040,,,,,,
PHYS 225,001,Monday,"December 19, 2016",7:30 PM,10:00 PM,MC 4021,,,,,,
PHYS 236,001,Wednesday,"December 14, 2016",9:00 AM,11:30 AM,TBA,,,,,,
PHYS 256,001,Tuesday,"December 20, 2016",4:00 PM,6:30 PM,M3 1006,,,,,,
PHYS 256L,001 to 006,Wednesday,"December 21, 2016",4:00 PM,5:30 PM,TBA,,,,,,
PHYS 363,001,Thursday,"December 15, 2016",9:00 AM,11:30 AM,"PAC 9,10",,,,,,
PHYS 364,001,Monday,"December 12, 2016",12:30 PM,3:00 PM,MC 4041,,,,,,
PHYS 380,001,Tuesday,"December 20, 2016",7:30 PM,10:00 PM,PAC 8,,,,,,
PHYS 434,001,Thursday,"December 8, 2016",9:00 AM,11:30 AM,MC 4061,,,,,,
PHYS 442,001,Saturday,"December 17, 2016",7:30 PM,10:00 PM,STC 0010,,,,,,
PHYS 454,001,Friday,"December 9, 2016",12:30 PM,3:00 PM,MC 4045,,,,,,
PHYS 461,001,Thursday,"December 15, 2016",4:00 PM,6:30 PM,TBA,,,,,,
PHYS 474,001,Thursday,"December 8, 2016",7:30 PM,10:00 PM,MC 4042,,,,,,
PHYS 475,001,Monday,"December 19, 2016",12:30 PM,3:00 PM,STC 0020,,,,,,
PHYS 491,001,Friday,"December 16, 2016",12:30 PM,3:00 PM,TBA,,,,,,
PLAN 100,001,Tuesday,"December 13, 2016",7:30 PM,9:30 PM,STC 1012,,,,,,
PLAN 102,001,Thursday,"December 8, 2016",12:30 PM,2:30 PM,"MC 2034,2035,2038",,,,,,
PLAN 105,001,Monday,"December 12, 2016",9:00 AM,11:30 AM,"RCH 301,302",,,,,,
PLAN 281,001,Monday,"December 19, 2016",12:30 PM,3:00 PM,STC 0010,,,,,,
PLAN 300,001,Monday,"December 12, 2016",12:30 PM,3:00 PM,"MC 2017,2054",,,,,,
PLAN 351,001,Saturday,"December 10, 2016",12:30 PM,3:00 PM,PAC 10,,,,,,
PLAN 362,001,Friday,"December 9, 2016",7:30 PM,10:00 PM,STC 0010,,,,,,
PMATH 330,001,Thursday,"December 8, 2016",12:30 PM,3:00 PM,MC 1085,,,,,,
PMATH 331,001,Friday,"December 16, 2016",4:00 PM,6:30 PM,MC 4020,,,,,,
PMATH 336,001,Tuesday,"December 13, 2016",12:30 PM,3:00 PM,MC 4040,,,,,,
PMATH 340,001,Saturday,"December 17, 2016",9:00 AM,11:30 AM,MC 4061,,,,,,
PMATH 347,001,Monday,"December 19, 2016",4:00 PM,6:30 PM,PAC 3,,,,,,
PMATH 351,001,Wednesday,"December 14, 2016",7:30 PM,10:00 PM,PAC 9,,,,,,
PMATH 433,001,Wednesday,"December 14, 2016",12:30 PM,3:00 PM,TBA,,,,,,
PMATH 445,001,Saturday,"December 10, 2016",12:30 PM,3:00 PM,MC 4064,,,,,,
PMATH 451,001,Tuesday,"December 13, 2016",4:00 PM,6:30 PM,MC 4040,,,,,,
PMATH 453,001,Thursday,"December 15, 2016",9:00 AM,11:30 AM,MC 4041,,,,,,
PMATH 465,001,Wednesday,"December 21, 2016",4:00 PM,6:30 PM,PAC 6,,,,,,
PMATH 651,001,Tuesday,"December 13, 2016",4:00 PM,6:30 PM,MC 4040,,,,,,
PMATH 665,001,Wednesday,"December 21, 2016",4:00 PM,6:30 PM,PAC 6,,,,,,
PORT 101,001,Saturday,"December 17, 2016",12:30 PM,2:30 PM,MC 4041,,,,,,
PSCI 255,001,Monday,"December 19, 2016",12:30 PM,2:00 PM,MC 2038,,,,,,
PSCI 264,001,Wednesday,"December 14, 2016",12:30 PM,3:00 PM,MC 1085,,,,,,
PSCI 283,001,Tuesday,"December 20, 2016",9:00 AM,11:30 AM,PAC 9,,,,,,
PSCI 331,001,Tuesday,"December 20, 2016",9:00 AM,11:30 AM,PAC 10,,,,,,
PSCI 353,001,Monday,"December 12, 2016",7:30 PM,10:00 PM,PAC 12,,,,,,
PSYCH 101,001,Tuesday,"December 13, 2016",7:30 PM,9:30 PM,"PAC 4,5,6,7",,,,,,
PSYCH 101,002,Tuesday,"December 13, 2016",7:30 PM,9:30 PM,"PAC 1,2,3,8",,,,,,
PSYCH 101,004,Tuesday,"December 13, 2016",7:30 PM,9:30 PM,"PAC 9,10",,,,,,
PSYCH 101,081 Online,See https://uwaterloo.ca/quest/help/students/how-do-i/online-exam-schedule,,,,,,,,,,
PSYCH 101R,001 to 003,Tuesday,"December 13, 2016",12:30 PM,3:00 PM,TBA,,,,,,
PSYCH 207,081 Online,See https://uwaterloo.ca/quest/help/students/how-do-i/online-exam-schedule,,,,,,,,,,
PSYCH 212R,001,Wednesday,"December 21, 2016",9:00 AM,11:30 AM,TBA,,,,,,
PSYCH 253,001,Monday,"December 19, 2016",7:30 PM,9:30 PM,"DC 1350,1351",,,,,,
PSYCH 253,081 Online,See https://uwaterloo.ca/quest/help/students/how-do-i/online-exam-schedule,,,,,,,,,,
PSYCH 257,001,Thursday,"December 22, 2016",4:00 PM,6:00 PM,"DC 1350,1351",,,,,,
PSYCH 291,001,Monday,"December 12, 2016",12:30 PM,2:30 PM,"M3 1006, MC 1085",,,,,,
PSYCH 306,001,Monday,"December 19, 2016",12:30 PM,2:30 PM,MC 4045,,,,,,
PSYCH 312R,001,Thursday,"December 8, 2016",4:00 PM,6:30 PM,TBA,,,,,,
PSYCH 318,001,Monday,"December 12, 2016",9:00 AM,11:30 AM,TBA,,,,,,
PSYCH 320,001,Tuesday,"December 13, 2016",7:30 PM,9:30 PM,"PAC 11,12",,,,,,
PSYCH 340,001,Tuesday,"December 13, 2016",9:00 AM,10:30 AM,STC 0040,,,,,,
PSYCH 349R,001,Thursday,"December 8, 2016",7:30 PM,10:00 PM,TBA,,,,,,
PSYCH 350,001,Tuesday,"December 20, 2016",4:00 PM,5:30 PM,STC 0040,,,,,,
PSYCH 391,001,Wednesday,"December 14, 2016",9:00 AM,11:30 AM,DC 1350,,,,,,
PSYCH 457,001,Thursday,"December 8, 2016",9:00 AM,11:30 AM,MC 4040,,,,,,
REC 100,081 Online,See https://uwaterloo.ca/quest/help/students/how-do-i/online-exam-schedule,,,,,,,,,,
REC 101,001,Wednesday,"December 14, 2016",4:00 PM,6:00 PM,M3 1006,,,,,,
REC 306,001,Friday,"December 9, 2016",9:00 AM,11:30 AM,TBA,,,,,,
REES 220,"001,002",Friday,"December 16, 2016",4:00 PM,6:30 PM,"STC 0010,0020",,,,,,
RS 114,081 Online,See https://uwaterloo.ca/quest/help/students/how-do-i/online-exam-schedule,,,,,,,,,,
RS 250,001,Monday,"December 12, 2016",9:00 AM,11:30 AM,TBA,,,,,,
RS 358,001,Thursday,"December 8, 2016",4:00 PM,6:30 PM,TBA,,,,,,
RUSS 101,001,Thursday,"December 15, 2016",12:30 PM,3:00 PM,TBA,,,,,,
SCI 200,001,Monday,"December 12, 2016",4:00 PM,6:30 PM,MC 4045,,,,,,
SCI 206,001,Friday,"December 16, 2016",7:30 PM,9:30 PM,"PAC 1,2,3,4,5",,,,,,
SCI 237,001,Thursday,"December 8, 2016",9:00 AM,11:30 AM,MC 2038,,,,,,
SCI 238,081 Online,See https://uwaterloo.ca/quest/help/students/how-do-i/online-exam-schedule,,,,,,,,,,
SDS 131R,081 Online,See https://uwaterloo.ca/quest/help/students/how-do-i/online-exam-schedule,,,,,,,,,,
SDS 150R,081 Online,See https://uwaterloo.ca/quest/help/students/how-do-i/online-exam-schedule,,,,,,,,,,
SDS 210R,081 Online,See https://uwaterloo.ca/quest/help/students/how-do-i/online-exam-schedule,,,,,,,,,,
SDS 250R,001 to 003,Monday,"December 19, 2016",12:30 PM,3:00 PM,TBA,,,,,,
SDS 355R,001,Monday,"December 12, 2016",9:00 AM,11:30 AM,TBA,,,,,,
SE 212,"001,002",Wednesday,"December 14, 2016",9:00 AM,11:30 AM,"PAC 11,12",,,,,,
SE 380,001,Friday,"December 9, 2016",12:30 PM,3:00 PM,M3 1006,,,,,,
SE 464,001,Tuesday,"December 13, 2016",12:30 PM,3:00 PM,"STC 0010,0020",,,,,,
SI 221R,001,Tuesday,"December 13, 2016",4:00 PM,6:30 PM,TBA,,,,,,
SI 250R,001,Thursday,"December 8, 2016",9:00 AM,11:30 AM,TBA,,,,,,
SMF 200,001,Tuesday,"December 20, 2016",9:00 AM,11:00 AM,TBA,,,,,,
SMF 204,001,Thursday,"December 15, 2016",9:00 AM,11:30 AM,TBA,,,,,,
SMF 214,001,Thursday,"December 8, 2016",9:00 AM,11:30 AM,TBA,,,,,,
SOC 101,001,Wednesday,"December 21, 2016",4:00 PM,6:30 PM,TBA,,,,,,
SOC 101,002,Thursday,"December 22, 2016",12:30 PM,3:00 PM,TBA,,,,,,
SOC 101,"003,004",Wednesday,"December 21, 2016",4:00 PM,6:30 PM,"PAC 1,2,3",,,,,,
SOC 101R,001 to 003,Saturday,"December 17, 2016",7:30 PM,10:00 PM,TBA,,,,,,
SOC 201,001,Monday,"December 12, 2016",9:00 AM,11:30 AM,TBA,,,,,,
SOC 221,001,Saturday,"December 17, 2016",7:30 PM,10:00 PM,TBA,,,,,,
SOC 227,001,Thursday,"December 8, 2016",9:00 AM,11:30 AM,MC 1085,,,,,,
SOC 248,001,Thursday,"December 22, 2016",4:00 PM,6:30 PM,TBA,,,,,,
SOC 280,001,Wednesday,"December 14, 2016",12:30 PM,3:00 PM,TBA,,,,,,
SOC 302,001,Monday,"December 19, 2016",12:30 PM,2:30 PM,TBA,,,,,,
SOC 306,001,Friday,"December 9, 2016",9:00 AM,11:00 AM,TBA,,,,,,
SOC 310,001,Tuesday,"December 13, 2016",7:30 PM,9:30 PM,TBA,,,,,,
SOC 370,001,Thursday,"December 15, 2016",9:00 AM,11:30 AM,TBA,,,,,,
SOCWK 120R,001 to 003,Friday,"December 9, 2016",12:30 PM,2:30 PM,TBA,,,,,,
SOCWK 120R,081 Online,See https://uwaterloo.ca/quest/help/students/how-do-i/online-exam-schedule,,,,,,,,,,
SOCWK 220R,001,Tuesday,"December 20, 2016",9:00 AM,11:30 AM,TBA,,,,,,
SOCWK 221R,001,Wednesday,"December 14, 2016",12:30 PM,3:00 PM,TBA,,,,,,
SOCWK 222R,001,Thursday,"December 8, 2016",9:00 AM,11:30 AM,TBA,,,,,,
SOCWK 300R,001,Friday,"December 16, 2016",9:00 AM,11:30 AM,TBA,,,,,,
SOCWK 357R,081 Online,See https://uwaterloo.ca/quest/help/students/how-do-i/online-exam-schedule,,,,,,,,,,
SPAN 101,001 to 006,Thursday,"December 8, 2016",12:30 PM,2:30 PM,"MC 4020,4059,4061",,,,,,
SPAN 101,081 Online,See https://uwaterloo.ca/quest/help/students/how-do-i/online-exam-schedule,,,,,,,,,,
SPAN 102,001,Monday,"December 12, 2016",4:00 PM,6:00 PM,MC 4040,,,,,,
SPAN 201A,"001,002",Thursday,"December 15, 2016",4:00 PM,6:00 PM,STC 0040,,,,,,
SPCOM 401,001,Monday,"December 12, 2016",12:30 PM,3:00 PM,TBA,,,,,,
STAT 202,"001,002",Saturday,"December 17, 2016",4:00 PM,6:30 PM,"PAC 1,2,3,4,5",,,,,,
STAT 206,001,Friday,"December 9, 2016",12:30 PM,3:00 PM,"PAC 11,12",,,,,,
STAT 220,001,Friday,"December 16, 2016",12:30 PM,3:00 PM,MC 4040,,,,,,
STAT 221,001,Tuesday,"December 13, 2016",4:00 PM,6:30 PM,"PAC 4,5,6,7,8",,,,,,
STAT 230,001 to 005,Tuesday,"December 13, 2016",12:30 PM,3:00 PM,"PAC 1,2,3,4,5,6,7,8",,,,,,
STAT 230,081 Online,See https://uwaterloo.ca/quest/help/students/how-do-i/online-exam-schedule,,,,,,,,,,
STAT 231,"001,002",Tuesday,"December 13, 2016",4:00 PM,6:30 PM,"PAC 4,5,6,7,8",,,,,,
STAT 231,081 Online,See https://uwaterloo.ca/quest/help/students/how-do-i/online-exam-schedule,,,,,,,,,,
STAT 240,001,Tuesday,"December 13, 2016",12:30 PM,3:00 PM,PAC 10,,,,,,
STAT 330,"001,002",Friday,"December 9, 2016",9:00 AM,11:30 AM,"STC 0060,1012",,,,,,
STAT 331,"001,002",Thursday,"December 22, 2016",4:00 PM,6:30 PM,M3 1006,,,,,,
STAT 333,"001,002",Wednesday,"December 14, 2016",12:30 PM,3:00 PM,"PAC 8,11,12",,,,,,
STAT 334,001,Friday,"December 9, 2016",12:30 PM,3:00 PM,MC 4061,,,,,,
STAT 337,001,Saturday,"December 17, 2016",4:00 PM,6:30 PM,PAC 6,,,,,,
STAT 341,001,Saturday,"December 17, 2016",7:30 PM,10:00 PM,"PAC 11,12",,,,,,
STAT 371,001,Tuesday,"December 13, 2016",9:00 AM,11:30 AM,M3 1006,,,,,,
STAT 373,001,Thursday,"December 8, 2016",9:00 AM,11:30 AM,MC 4059,,,,,,
STAT 430,001,Thursday,"December 8, 2016",4:00 PM,6:30 PM,PAC 12,,,,,,
STAT 431,001,Tuesday,"December 13, 2016",12:30 PM,3:00 PM,"PAC 9,11,12",,,,,,
STAT 433,001,Wednesday,"December 14, 2016",9:00 AM,11:30 AM,DC 1351,,,,,,
STAT 442,001,Wednesday,"December 21, 2016",7:30 PM,10:00 PM,DC 1351,,,,,,
STAT 443,001,Friday,"December 16, 2016",9:00 AM,11:30 AM,M3 1006,,,,,,
STAT 830,001,Thursday,"December 8, 2016",4:00 PM,6:30 PM,PAC 12,,,,,,
STAT 831,001,Tuesday,"December 13, 2016",12:30 PM,3:00 PM,"PAC 9,11,12",,,,,,
STAT 833,001,Wednesday,"December 14, 2016",9:00 AM,11:30 AM,DC 1351,,,,,,
STAT 842,001,Wednesday,"December 21, 2016",7:30 PM,10:00 PM,DC 1351,,,,,,
SWREN 120R,081 Online,See https://uwaterloo.ca/quest/help/students/how-do-i/online-exam-schedule,,,,,,,,,,
SWREN 221R,001,Wednesday,"December 14, 2016",12:30 PM,3:00 PM,TBA,,,,,,
SWREN 250R,"002,003",Monday,"December 19, 2016",12:30 PM,3:00 PM,TBA,,,,,,
SWREN 300R,001,Friday,"December 16, 2016",9:00 AM,11:30 AM,TBA,,,,,,
SYDE 101L,001,Monday,"December 12, 2016",12:30 PM,3:00 PM,TBA,,,,,,
SYDE 111,"001,002",Friday,"December 16, 2016",9:00 AM,11:30 AM,TBA,,,,,,
SYDE 113,"001,002",Monday,"December 19, 2016",9:00 AM,11:30 AM,TBA,,,,,,
SYDE 121,001,Wednesday,"December 14, 2016",9:00 AM,11:30 AM,TBA,,,,,,
SYDE 161,001,Thursday,"December 8, 2016",9:00 AM,11:30 AM,TBA,,,,,,
SYDE 181,001,Tuesday,"December 20, 2016",9:00 AM,11:30 AM,TBA,,,,,,
SYDE 182,001,Friday,"December 9, 2016",12:30 PM,3:00 PM,TBA,,,,,,
SYDE 212,001,Friday,"December 9, 2016",12:30 PM,3:00 PM,TBA,,,,,,
SYDE 252,001,Monday,"December 19, 2016",12:30 PM,3:00 PM,TBA,,,,,,
SYDE 252,002,Friday,"December 9, 2016",9:00 AM,11:30 AM,TBA,,,,,,
SYDE 262,001,Friday,"December 9, 2016",7:30 PM,10:00 PM,TBA,,,,,,
SYDE 286,001,Thursday,"December 15, 2016",12:30 PM,3:00 PM,TBA,,,,,,
SYDE 292,001,Tuesday,"December 13, 2016",9:00 AM,11:30 AM,TBA,,,,,,
SYDE 411,001,Thursday,"December 15, 2016",9:00 AM,11:30 AM,TBA,,,,,,
SYDE 553,001,Thursday,"December 8, 2016",12:30 PM,3:00 PM,TBA,,,,,,
SYDE 575,001,Monday,"December 12, 2016",12:30 PM,3:00 PM,TBA,,,,,,
VCULT 100,001,Monday,"December 12, 2016",7:30 PM,10:00 PM,M3 1006,,,,,,
WS 108E,001,Wednesday,"December 14, 2016",4:00 PM,6:30 PM,TBA,,,,,,
WS 205,001,Wednesday,"December 21, 2016",12:30 PM,3:00 PM,TBA,,,,,,
WS 206,001,Monday,"December 12, 2016",7:30 PM,10:00 PM,TBA,,,,,,
WS 222,081 Online,See https://uwaterloo.ca/quest/help/students/how-do-i/online-exam-schedule,,,,,,,,,,
WS 306,001,Friday,"December 9, 2016",9:00 AM,11:30 AM,TBA,,,,,,
