Exam,Section(s),Day,Date,Start,End,Location,,,,,,,,,,
ACTSC 221,081 Online,See https://uwaterloo.ca/quest/help/students/how-do-i/online-exam-schedule,,,,,,,,,,,,,,
ACTSC 231,"001,002",Thursday,"April 20, 2017",7:30 PM,10:00 PM,"PAC 1,2",,,,,,,,,,
ACTSC 232,001,Monday,"April 17, 2017",9:00 AM,11:30 AM,DC 1350,,,,,,,,,,
ACTSC 331,001,Exam removed from the schedule. Contact instructor for further information,,,,,,,,,,,,,,
ACTSC 371,"001,002",Thursday,"April 13, 2017",7:30 PM,10:00 PM,"PAC 1,2,3",,,,,,,,,,
ACTSC 372,"001,002",Thursday,"April 13, 2017",9:00 AM,11:30 AM,M3 1006,,,,,,,,,,
ACTSC 433,001,Saturday,"April 8, 2017",12:30 PM,3:00 PM,PAC 4,,,,,,,,,,
ACTSC 446,001,Tuesday,"April 11, 2017",9:00 AM,11:30 AM,M3 1006,,,,,,,,,,
ACTSC 453,001,Monday,"April 17, 2017",9:00 AM,11:30 AM,MC 4058,,,,,,,,,,
ACTSC 462,001,Thursday,"April 13, 2017",12:30 PM,3:00 PM,DC 1350,,,,,,,,,,
ACTSC 833,001,Saturday,"April 8, 2017",12:30 PM,3:00 PM,PAC 4,,,,,,,,,,
ACTSC 846,001,Tuesday,"April 11, 2017",9:00 AM,11:30 AM,M3 1006,,,,,,,,,,
AFM 101,"001,002",Wednesday,"April 12, 2017",4:00 PM,6:30 PM,"PAC 4,5,6,7",,,,,,,,,,
AFM 102,001 to 005,Wednesday,"April 12, 2017",12:30 PM,3:00 PM,"PAC 1,2,3,4,5,6,7",,,,,,,,,,
AFM 121,001 to 007,Exam removed from the schedule. Contact instructor for further information,,,,,,,,,,,,,,
AFM 123,003,Thursday,"April 13, 2017",7:30 PM,10:00 PM,"PAC 4,5,6,7,8",,,,,,,,,,
AFM 131,001,Saturday,"April 8, 2017",12:30 PM,3:00 PM,PAC 5,,,,,,,,,,
AFM 131,081 Online,See https://uwaterloo.ca/quest/help/students/how-do-i/online-exam-schedule,,,,,,,,,,,,,,
AFM 231,001,Tuesday,"April 18, 2017",7:30 PM,9:30 PM,"PAC 4,5",,,,,,,,,,
AFM 323,001,Monday,"April 10, 2017",9:00 AM,11:30 AM,TBA,,,,,,,,,,
AFM 333,"001,002",Friday,"April 21, 2017",4:00 PM,6:30 PM,PAC 4,,,,,,,,,,
AFM 341,"001,002",Friday,"April 7, 2017",12:30 PM,3:00 PM,"MC 2034,2035",,,,,,,,,,
AFM 362,"001,002",Tuesday,"April 11, 2017",9:00 AM,11:30 AM,PAC 8,,,,,,,,,,
AFM 372,001,Saturday,"April 8, 2017",12:30 PM,3:00 PM,PAC 6,,,,,,,,,,
AFM 373,"001,002",Monday,"April 17, 2017",12:30 PM,2:30 PM,DC 1350,,,,,,,,,,
AFM 391,"001,002",Thursday,"April 13, 2017",9:00 AM,11:30 AM,DC 1350,,,,,,,,,,
AFM 433,"001,002",Monday,"April 24, 2017",9:00 AM,11:30 AM,TBA,,,,,,,,,,
AFM 476,001,Monday,"April 17, 2017",12:30 PM,2:30 PM,DC 1350,,,,,,,,,,
AFM 491,001,Wednesday,"April 12, 2017",12:30 PM,3:00 PM,PAC 8,,,,,,,,,,
AHS 150,081 Online,See https://uwaterloo.ca/quest/help/students/how-do-i/online-exam-schedule,,,,,,,,,,,,,,
AMATH 231,001,Monday,"April 24, 2017",7:30 PM,10:00 PM,MC 4059,,,,,,,,,,
AMATH 242,001,Tuesday,"April 25, 2017",7:30 PM,10:00 PM,MC 1085,,,,,,,,,,
AMATH 250,"001,002",Saturday,"April 22, 2017",12:30 PM,3:00 PM,"PAC 1,2",,,,,,,,,,
AMATH 331,001,Wednesday,"April 19, 2017",9:00 AM,11:30 AM,TBA,,,,,,,,,,
AMATH 332,001,Friday,"April 7, 2017",12:30 PM,3:00 PM,PAC 12,,,,,,,,,,
AMATH 342,001,Tuesday,"April 18, 2017",9:00 AM,11:30 AM,TBA,,,,,,,,,,
AMATH 350,001,Wednesday,"April 12, 2017",9:00 AM,11:30 AM,"PAC 11,12",,,,,,,,,,
AMATH 353,001,Friday,"April 21, 2017",7:30 PM,10:00 PM,MC 4059,,,,,,,,,,
AMATH 361,001,Wednesday,"April 12, 2017",7:30 PM,10:00 PM,TBA,,,,,,,,,,
AMATH 373,001,Thursday,"April 13, 2017",12:30 PM,3:00 PM,MC 4059,,,,,,,,,,
AMATH 383,001,Saturday,"April 8, 2017",12:30 PM,3:00 PM,MC 4042,,,,,,,,,,
AMATH 451,001,Monday,"April 24, 2017",7:30 PM,10:00 PM,MC 4040,,,,,,,,,,
AMATH 455,001,Friday,"April 7, 2017",4:00 PM,6:30 PM,TBA,,,,,,,,,,
AMATH 475,001,Monday,"April 10, 2017",9:00 AM,11:30 AM,"MC 2017,2054",,,,,,,,,,
AMATH 495,001,Saturday,"April 8, 2017",12:30 PM,3:00 PM,MC 4064,,,,,,,,,,
AMATH 655,001,Friday,"April 7, 2017",4:00 PM,6:30 PM,TBA,,,,,,,,,,
AMATH 675,001,Monday,"April 10, 2017",9:00 AM,11:30 AM,"MC 2017,2054",,,,,,,,,,
AMATH 900,001,Saturday,"April 8, 2017",12:30 PM,3:00 PM,MC 4042,,,,,,,,,,
ANTH 100,001,Tuesday,"April 11, 2017",4:00 PM,6:30 PM,"PAC 1,2",,,,,,,,,,
ANTH 201,001,Monday,"April 17, 2017",7:30 PM,9:30 PM,TBA,,,,,,,,,,
ANTH 320,001,Tuesday,"April 11, 2017",12:30 PM,3:00 PM,TBA,,,,,,,,,,
ANTH 348,001,Saturday,"April 8, 2017",12:30 PM,3:00 PM,TBA,,,,,,,,,,
ANTH 355,001,Wednesday,"April 19, 2017",4:00 PM,6:00 PM,TBA,,,,,,,,,,
ANTH 365,001,Friday,"April 21, 2017",9:00 AM,11:30 AM,TBA,,,,,,,,,,
ANTH 400,002,Saturday,"April 8, 2017",12:30 PM,3:00 PM,TBA,,,,,,,,,,
ARBUS 102,"001,002",Thursday,"April 13, 2017",7:30 PM,10:00 PM,"PAC 4,5,6,7,8",,,,,,,,,,
ARBUS 200,001,Saturday,"April 22, 2017",7:30 PM,10:00 PM,TBA,,,,,,,,,,
ARBUS 202,001,Wednesday,"April 12, 2017",9:00 AM,11:30 AM,PAC 1,,,,,,,,,,
ARBUS 202,002,Wednesday,"April 12, 2017",9:00 AM,11:30 AM,"PAC 2,3",,,,,,,,,,
ARBUS 202,003,Wednesday,"April 12, 2017",9:00 AM,11:30 AM,PAC 4,,,,,,,,,,
ARBUS 301,"001,002",Friday,"April 21, 2017",4:00 PM,6:30 PM,PAC 4,,,,,,,,,,
AVIA 100,001,Thursday,"April 13, 2017",9:00 AM,11:30 AM,MC 4040,,,,,,,,,,
AVIA 310,001,Friday,"April 21, 2017",7:30 PM,10:00 PM,MC 4040,,,,,,,,,,
BIOL 120,001,Wednesday,"April 12, 2017",12:30 PM,3:00 PM,"MC 4020,4021,4059,4061",,,,,,,,,,
BIOL 130,001,Monday,"April 17, 2017",9:00 AM,11:30 AM,"PAC 7,8",,,,,,,,,,
BIOL 165,001,Saturday,"April 8, 2017",12:30 PM,3:00 PM,"PAC 1,2,3",,,,,,,,,,
BIOL 211,001,Thursday,"April 13, 2017",12:30 PM,3:00 PM,M3 1006,,,,,,,,,,
BIOL 239,"001,002",Monday,"April 10, 2017",4:00 PM,6:30 PM,"PAC 1,2,3,4,5,6,7,8",,,,,,,,,,
BIOL 241,001,Saturday,"April 22, 2017",4:00 PM,6:30 PM,"PAC 1,2,3",,,,,,,,,,
BIOL 273,"001,002",Monday,"April 17, 2017",9:00 AM,11:30 AM,"PAC 1,2,3,4,5,6,11,12",,,,,,,,,,
BIOL 273L,001 to 009,Wednesday,"April 12, 2017",9:00 AM,10:00 AM,"STC 0060,1012",,,,,,,,,,
BIOL 280,001,Monday,"April 24, 2017",4:00 PM,6:30 PM,"PAC 11,12",,,,,,,,,,
BIOL 302,001,Thursday,"April 20, 2017",12:30 PM,3:00 PM,"DC 1350,1351",,,,,,,,,,
BIOL 331,001,Tuesday,"April 11, 2017",4:00 PM,6:30 PM,"PAC 7,8",,,,,,,,,,
BIOL 335L,"001,002",Wednesday,"April 19, 2017",9:00 AM,11:30 AM,MC 2017,,,,,,,,,,
BIOL 341,001,Friday,"April 7, 2017",9:00 AM,11:30 AM,STC 1012,,,,,,,,,,
BIOL 346,001,Monday,"April 24, 2017",12:30 PM,3:00 PM,PAC 7,,,,,,,,,,
BIOL 351,001,Tuesday,"April 11, 2017",9:00 AM,11:30 AM,STC 0020,,,,,,,,,,
BIOL 355,001,Tuesday,"April 11, 2017",9:00 AM,11:30 AM,"STC 0060,1012",,,,,,,,,,
BIOL 359,001,Monday,"April 10, 2017",12:30 PM,3:00 PM,"PAC 4,5,6,11",,,,,,,,,,
BIOL 360,001,Thursday,"April 20, 2017",7:30 PM,10:00 PM,"PAC 4,5",,,,,,,,,,
BIOL 361,001,Wednesday,"April 19, 2017",4:00 PM,6:30 PM,"PAC 7,8",,,,,,,,,,
BIOL 365,001,Friday,"April 21, 2017",4:00 PM,6:30 PM,"PAC 7,8",,,,,,,,,,
BIOL 371,001,Thursday,"April 13, 2017",9:00 AM,11:30 AM,MC 4020,,,,,,,,,,
BIOL 373,001,Tuesday,"April 18, 2017",9:00 AM,11:30 AM,"PAC 1,2,3,4,5,6,7",,,,,,,,,,
BIOL 373L,001 to 007,Thursday,"April 13, 2017",7:30 PM,8:30 PM,STC 1012,,,,,,,,,,
BIOL 383,001,Friday,"April 21, 2017",4:00 PM,6:30 PM,TBA,,,,,,,,,,
BIOL 414,001,Monday,"April 10, 2017",9:00 AM,11:30 AM,STC 0010,,,,,,,,,,
BIOL 428,001,Monday,"April 17, 2017",9:00 AM,11:30 AM,MC 4040,,,,,,,,,,
BIOL 431,001,Tuesday,"April 11, 2017",9:00 AM,11:30 AM,STC 0050,,,,,,,,,,
BIOL 432,001,Friday,"April 7, 2017",12:30 PM,3:00 PM,MC 1085,,,,,,,,,,
BIOL 438,001,Saturday,"April 8, 2017",12:30 PM,3:00 PM,MC 4040,,,,,,,,,,
BIOL 441,001,Monday,"April 10, 2017",12:30 PM,3:00 PM,PAC 12,,,,,,,,,,
BIOL 442,001,Wednesday,"April 12, 2017",12:30 PM,3:00 PM,MC 4040,,,,,,,,,,
BIOL 449,001,Saturday,"April 8, 2017",12:30 PM,3:00 PM,PAC 8,,,,,,,,,,
BIOL 450,001,Monday,"April 24, 2017",12:30 PM,3:00 PM,PAC 8,,,,,,,,,,
BIOL 457,001,Friday,"April 7, 2017",12:30 PM,3:00 PM,MC 2038,,,,,,,,,,
BIOL 465,001,Monday,"April 24, 2017",4:00 PM,6:30 PM,PAC 8,,,,,,,,,,
BIOL 467,001,Monday,"April 17, 2017",7:30 PM,10:00 PM,MC 4040,,,,,,,,,,
BIOL 477L,001,Tuesday,"April 18, 2017",7:30 PM,8:30 PM,MC 4042,,,,,,,,,,
BIOL 484,001,Saturday,"April 22, 2017",7:30 PM,10:00 PM,TBA,,,,,,,,,,
BIOL 485,001,Tuesday,"April 11, 2017",4:00 PM,6:30 PM,PAC 12,,,,,,,,,,
BME 122,001,Friday,"April 21, 2017",12:30 PM,3:00 PM,"PAC 7,8",,,,,,,,,,
BME 182,001,Tuesday,"April 11, 2017",9:00 AM,11:30 AM,TBA,,,,,,,,,,
BME 186,001,Thursday,"April 13, 2017",9:00 AM,11:30 AM,TBA,,,,,,,,,,
BME 353,001,Friday,"April 7, 2017",7:30 PM,10:00 PM,TBA,,,,,,,,,,
BME 355,001,Thursday,"April 20, 2017",9:00 AM,11:30 AM,TBA,,,,,,,,,,
BME 361,001,Wednesday,"April 12, 2017",12:30 PM,3:00 PM,TBA,,,,,,,,,,
BME 381,001,Thursday,"April 13, 2017",12:30 PM,3:00 PM,TBA,,,,,,,,,,
BUS 111W,,See https://students.wlu.ca/academics/exams/exam-schedules/index.html,,,,,,,,,,,,,,
BUS 121W,,Wednesday,"April 12, 2017",7:30 PM,10:00 PM,"PAC 4,5,6",,,,,,,,,,
BUS 127W,,See https://students.wlu.ca/academics/exams/exam-schedules/index.html,,,,,,,,,,,,,,
BUS 231W,,See https://students.wlu.ca/academics/exams/exam-schedules/index.html,,,,,,,,,,,,,,
BUS 247W,,See https://students.wlu.ca/academics/exams/exam-schedules/index.html,,,,,,,,,,,,,,
BUS 352W,,See https://students.wlu.ca/academics/exams/exam-schedules/index.html,,,,,,,,,,,,,,
BUS 353W,,See https://students.wlu.ca/academics/exams/exam-schedules/index.html,,,,,,,,,,,,,,
BUS 354W,,See https://students.wlu.ca/academics/exams/exam-schedules/index.html,,,,,,,,,,,,,,
BUS 357W,,See https://students.wlu.ca/academics/exams/exam-schedules/index.html,,,,,,,,,,,,,,
BUS 362W,,See https://students.wlu.ca/academics/exams/exam-schedules/index.html,,,,,,,,,,,,,,
BUS 385W,,See https://students.wlu.ca/academics/exams/exam-schedules/index.html,,,,,,,,,,,,,,
BUS 387W,,See https://students.wlu.ca/academics/exams/exam-schedules/index.html,,,,,,,,,,,,,,
BUS 393W,,See https://students.wlu.ca/academics/exams/exam-schedules/index.html,,,,,,,,,,,,,,
BUS 395W,,See https://students.wlu.ca/academics/exams/exam-schedules/index.html,,,,,,,,,,,,,,
BUS 397W,,See https://students.wlu.ca/academics/exams/exam-schedules/index.html,,,,,,,,,,,,,,
BUS 398W,,See https://students.wlu.ca/academics/exams/exam-schedules/index.html,,,,,,,,,,,,,,
BUS 403W,,See https://students.wlu.ca/academics/exams/exam-schedules/index.html,,,,,,,,,,,,,,
BUS 413W,,See https://students.wlu.ca/academics/exams/exam-schedules/index.html,,,,,,,,,,,,,,
BUS 418W,,See https://students.wlu.ca/academics/exams/exam-schedules/index.html,,,,,,,,,,,,,,
BUS 419W,,See https://students.wlu.ca/academics/exams/exam-schedules/index.html,,,,,,,,,,,,,,
BUS 423W,,See https://students.wlu.ca/academics/exams/exam-schedules/index.html,,,,,,,,,,,,,,
BUS 433W,,See https://students.wlu.ca/academics/exams/exam-schedules/index.html,,,,,,,,,,,,,,
BUS 435W,,See https://students.wlu.ca/academics/exams/exam-schedules/index.html,,,,,,,,,,,,,,
BUS 443W,,See https://students.wlu.ca/academics/exams/exam-schedules/index.html,,,,,,,,,,,,,,
BUS 448W,,See https://students.wlu.ca/academics/exams/exam-schedules/index.html,,,,,,,,,,,,,,
BUS 449W,,See https://students.wlu.ca/academics/exams/exam-schedules/index.html,,,,,,,,,,,,,,
BUS 451W,,See https://students.wlu.ca/academics/exams/exam-schedules/index.html,,,,,,,,,,,,,,
BUS 453W,,See https://students.wlu.ca/academics/exams/exam-schedules/index.html,,,,,,,,,,,,,,
BUS 462W,,See https://students.wlu.ca/academics/exams/exam-schedules/index.html,,,,,,,,,,,,,,
BUS 463W,,See https://students.wlu.ca/academics/exams/exam-schedules/index.html,,,,,,,,,,,,,,
BUS 466W,,See https://students.wlu.ca/academics/exams/exam-schedules/index.html,,,,,,,,,,,,,,
BUS 467W,,See https://students.wlu.ca/academics/exams/exam-schedules/index.html,,,,,,,,,,,,,,
BUS 473W,,See https://students.wlu.ca/academics/exams/exam-schedules/index.html,,,,,,,,,,,,,,
BUS 477W,,See https://students.wlu.ca/academics/exams/exam-schedules/index.html,,,,,,,,,,,,,,
BUS 481W,,See https://students.wlu.ca/academics/exams/exam-schedules/index.html,,,,,,,,,,,,,,
BUS 483W,,See https://students.wlu.ca/academics/exams/exam-schedules/index.html,,,,,,,,,,,,,,
BUS 486W,,See https://students.wlu.ca/academics/exams/exam-schedules/index.html,,,,,,,,,,,,,,
BUS 487W,,See https://students.wlu.ca/academics/exams/exam-schedules/index.html,,,,,,,,,,,,,,
BUS 495QW,,See https://students.wlu.ca/academics/exams/exam-schedules/index.html,,,,,,,,,,,,,,
CHE 101,001,Friday,"April 7, 2017",9:00 AM,11:30 AM,MC 1085,,,,,,,,,,
CHE 121,001,Wednesday,"April 19, 2017",12:30 PM,3:00 PM,PAC 3,,,,,,,,,,
CHE 161,001,Monday,"April 17, 2017",9:00 AM,11:30 AM,MC 1085,,,,,,,,,,
CHE 200,001,Thursday,"April 13, 2017",9:00 AM,11:30 AM,TBA,,,,,,,,,,
CHE 220,001,Tuesday,"April 11, 2017",4:00 PM,6:30 PM,TBA,,,,,,,,,,
CHE 230,001,Monday,"April 10, 2017",12:30 PM,3:00 PM,TBA,,,,,,,,,,
CHE 312,001,Wednesday,"April 12, 2017",7:30 PM,10:00 PM,TBA,,,,,,,,,,
CHE 313,001,Monday,"April 17, 2017",4:00 PM,6:30 PM,PAC 8,,,,,,,,,,
CHE 314,001,Monday,"April 10, 2017",9:00 AM,11:30 AM,TBA,,,,,,,,,,
CHE 322,001,Monday,"April 17, 2017",9:00 AM,11:30 AM,TBA,,,,,,,,,,
CHE 330,001,Friday,"April 7, 2017",12:30 PM,3:00 PM,TBA,,,,,,,,,,
CHE 331,001,Wednesday,"April 12, 2017",9:00 AM,11:30 AM,PAC 8,,,,,,,,,,
CHE 361,001,Monday,"April 24, 2017",9:00 AM,11:30 AM,PAC 7,,,,,,,,,,
CHE 425,001,Friday,"April 7, 2017",9:00 AM,11:30 AM,DC 1350,,,,,,,,,,
CHE 522,001,Thursday,"April 13, 2017",12:30 PM,3:00 PM,TBA,,,,,,,,,,
CHE 543,001,Monday,"April 17, 2017",9:00 AM,11:30 AM,TBA,,,,,,,,,,
CHE 562,001,Saturday,"April 22, 2017",9:00 AM,11:30 AM,TBA,,,,,,,,,,
CHE 564,001,Wednesday,"April 19, 2017",4:00 PM,6:30 PM,TBA,,,,,,,,,,
CHE 572,001,Tuesday,"April 18, 2017",12:30 PM,3:00 PM,"PAC 11,12",,,,,,,,,,
CHE 574,001,Monday,"April 10, 2017",9:00 AM,11:30 AM,DC 1350,,,,,,,,,,
CHE 622,001,Friday,"April 7, 2017",9:00 AM,11:30 AM,DC 1350,,,,,,,,,,
CHE 624,001,Thursday,"April 13, 2017",12:30 PM,3:00 PM,TBA,,,,,,,,,,
CHE 672,001,Tuesday,"April 18, 2017",12:30 PM,3:00 PM,"PAC 11,12",,,,,,,,,,
CHE 674,001,Monday,"April 10, 2017",9:00 AM,11:30 AM,DC 1350,,,,,,,,,,
CHEM 120,001,Tuesday,"April 25, 2017",12:30 PM,3:00 PM,"DC 1350,1351",,,,,,,,,,
CHEM 123,001 to 003,Wednesday,"April 19, 2017",9:00 AM,11:30 AM,"PAC 1,2,3,4,5,6,7,8,11,12, STC 1012",,,,,,,,,,
CHEM 123L,001 to 012,Thursday,"April 20, 2017",9:00 AM,11:00 AM,"PAC 1,2,3,4,5,6,7,8,11,12, DC 1350",,,,,,,,,,
CHEM 212,001,Friday,"April 21, 2017",9:00 AM,11:30 AM,STC 0020,,,,,,,,,,
CHEM 221,001,Monday,"April 17, 2017",7:30 PM,10:00 PM,MC 4059,,,,,,,,,,
CHEM 233,001,Wednesday,"April 19, 2017",4:00 PM,6:30 PM,PAC 12,,,,,,,,,,
CHEM 237,001,Wednesday,"April 12, 2017",7:30 PM,10:00 PM,"PAC 1,2,3",,,,,,,,,,
CHEM 237L,001 to 004,Tuesday,"April 25, 2017",9:00 AM,11:00 AM,M3 1006,,,,,,,,,,
CHEM 254,001,Friday,"April 7, 2017",12:30 PM,3:00 PM,DC 1350,,,,,,,,,,
CHEM 262,001,Saturday,"April 8, 2017",12:30 PM,3:00 PM,PAC 7,,,,,,,,,,
CHEM 265,001,Monday,"April 10, 2017",9:00 AM,11:30 AM,STC 0050,,,,,,,,,,
CHEM 267,001,Monday,"April 24, 2017",9:00 AM,11:30 AM,"PAC 4,5,6,11",,,,,,,,,,
CHEM 313,001,Tuesday,"April 11, 2017",7:30 PM,10:00 PM,PAC 11,,,,,,,,,,
CHEM 350,001,Friday,"April 7, 2017",7:30 PM,10:00 PM,"MC 2017,2054",,,,,,,,,,
CHEM 357,001,Wednesday,"April 12, 2017",4:00 PM,6:30 PM,DC 1350,,,,,,,,,,
CHEM 360,001,Tuesday,"April 18, 2017",7:30 PM,10:00 PM,DC 1350,,,,,,,,,,
CHEM 360L,001 to 003,Monday,"April 24, 2017",9:00 AM,11:00 AM,DC 1350,,,,,,,,,,
CHEM 381,001,Saturday,"April 22, 2017",12:30 PM,3:00 PM,PAC 4,,,,,,,,,,
CHEM 420,001,Thursday,"April 13, 2017",12:30 PM,3:00 PM,MC 4040,,,,,,,,,,
CHEM 433,001,Wednesday,"April 12, 2017",7:30 PM,10:00 PM,"PAC 1,2,3",,,,,,,,,,
CHEM 460,001,Monday,"April 10, 2017",9:00 AM,11:30 AM,STC 0060,,,,,,,,,,
CHEM 470,001,Friday,"April 7, 2017",12:30 PM,3:00 PM,TBA,,,,,,,,,,
CHEM 773,001,Friday,"April 7, 2017",12:30 PM,3:00 PM,TBA,,,,,,,,,,
CHINA 101R,"001,002",Monday,"April 24, 2017",7:30 PM,10:00 PM,TBA,,,,,,,,,,
CHINA 102R,001,Tuesday,"April 18, 2017",7:30 PM,10:00 PM,TBA,,,,,,,,,,
CHINA 120R,001,Friday,"April 7, 2017",4:00 PM,6:30 PM,TBA,,,,,,,,,,
CHINA 120R,002,Friday,"April 7, 2017",4:00 PM,6:30 PM,TBA,,,,,,,,,,
CHINA 201R,001,Monday,"April 10, 2017",9:00 AM,11:30 AM,TBA,,,,,,,,,,
CHINA 202R,001,Monday,"April 24, 2017",7:30 PM,10:00 PM,TBA,,,,,,,,,,
CHINA 302R,001,Monday,"April 10, 2017",9:00 AM,11:30 AM,TBA,,,,,,,,,,
CIVE 105,001,Tuesday,"April 18, 2017",12:30 PM,3:00 PM,M3 1006,,,,,,,,,,
CIVE 121,001,Friday,"April 21, 2017",12:30 PM,3:00 PM,M3 1006,,,,,,,,,,
CIVE 303,001,Friday,"April 7, 2017",9:00 AM,11:30 AM,TBA,,,,,,,,,,
CIVE 331,001,Tuesday,"April 11, 2017",9:00 AM,11:30 AM,TBA,,,,,,,,,,
CIVE 342,001,Thursday,"April 13, 2017",9:00 AM,11:30 AM,TBA,,,,,,,,,,
CIVE 353,001,Thursday,"April 20, 2017",9:00 AM,11:30 AM,TBA,,,,,,,,,,
CIVE 375,001,Tuesday,"April 18, 2017",9:00 AM,11:30 AM,TBA,,,,,,,,,,
CIVE 381,001,Monday,"April 17, 2017",9:00 AM,11:30 AM,TBA,,,,,,,,,,
CIVE 415,001,Monday,"April 10, 2017",9:00 AM,11:30 AM,TBA,,,,,,,,,,
CIVE 422,001,Monday,"April 17, 2017",7:30 PM,10:00 PM,TBA,,,,,,,,,,
CIVE 440,001,Thursday,"April 20, 2017",9:00 AM,11:30 AM,TBA,,,,,,,,,,
CIVE 460,001,Friday,"April 7, 2017",9:00 AM,11:30 AM,TBA,,,,,,,,,,
CIVE 484,001,Friday,"April 7, 2017",4:00 PM,6:30 PM,TBA,,,,,,,,,,
CIVE 497,001,Saturday,"April 22, 2017",4:00 PM,6:30 PM,TBA,,,,,,,,,,
CIVE 497,002,Friday,"April 7, 2017",9:00 AM,11:30 AM,TBA,,,,,,,,,,
CIVE 505,001,Thursday,"April 13, 2017",12:30 PM,3:00 PM,TBA,,,,,,,,,,
CIVE 507,001,Monday,"April 24, 2017",9:00 AM,11:30 AM,TBA,,,,,,,,,,
CIVE 542,001,Tuesday,"April 11, 2017",12:30 PM,3:00 PM,TBA,,,,,,,,,,
CIVE 554,001,Wednesday,"April 19, 2017",9:00 AM,11:30 AM,TBA,,,,,,,,,,
CIVE 583,001,Monday,"April 17, 2017",9:00 AM,11:30 AM,TBA,,,,,,,,,,
CIVE 596,001,Monday,"April 10, 2017",4:00 PM,6:30 PM,TBA,,,,,,,,,,
CLAS 104,001,Thursday,"April 20, 2017",4:00 PM,6:00 PM,"PAC 1,2,3,4,5,6,7",,,,,,,,,,
CLAS 105,001,Tuesday,"April 25, 2017",9:00 AM,11:00 AM,MC 4021,,,,,,,,,,
CLAS 201,001,Tuesday,"April 18, 2017",7:30 PM,9:30 PM,"PAC 1,2,3",,,,,,,,,,
CLAS 205,001,Thursday,"April 13, 2017",4:00 PM,6:00 PM,MC 1085,,,,,,,,,,
CLAS 221,001,Monday,"April 17, 2017",7:30 PM,9:30 PM,TBA,,,,,,,,,,
CLAS 232,001,Wednesday,"April 12, 2017",12:30 PM,2:30 PM,MC 4041,,,,,,,,,,
CLAS 252,001,Thursday,"April 13, 2017",12:30 PM,2:30 PM,MC 4045,,,,,,,,,,
CLAS 341,001,Thursday,"April 13, 2017",9:00 AM,11:00 AM,MC 4041,,,,,,,,,,
CLAS 361,081 Online,See https://uwaterloo.ca/quest/help/students/how-do-i/online-exam-schedule,,,,,,,,,,,,,,
CM 730,001,Friday,"April 7, 2017",12:30 PM,3:00 PM,MC 4041,,,,,,,,,,
CM 764,001,Monday,"April 10, 2017",4:00 PM,6:30 PM,PAC 12,,,,,,,,,,
CO 227,001,Tuesday,"April 18, 2017",7:30 PM,10:00 PM,MC 1085,,,,,,,,,,
CO 250,"001,002",Monday,"April 17, 2017",12:30 PM,3:00 PM,"PAC 4,5,6",,,,,,,,,,
CO 250,081 Online,See https://uwaterloo.ca/quest/help/students/how-do-i/online-exam-schedule,,,,,,,,,,,,,,
CO 255,001,Friday,"April 21, 2017",4:00 PM,6:30 PM,PAC 5,,,,,,,,,,
CO 327,001,Monday,"April 17, 2017",9:00 AM,11:30 AM,MC 4041,,,,,,,,,,
CO 331,001,Friday,"April 7, 2017",7:30 PM,10:00 PM,PAC 12,,,,,,,,,,
CO 353,001,Thursday,"April 13, 2017",12:30 PM,3:00 PM,MC 4041,,,,,,,,,,
CO 370,001,Monday,"April 17, 2017",12:30 PM,3:00 PM,"PAC 11,12",,,,,,,,,,
CO 372,001,Monday,"April 24, 2017",12:30 PM,3:00 PM,PAC 6,,,,,,,,,,
CO 430,001,Saturday,"April 8, 2017",12:30 PM,3:00 PM,TBA,,,,,,,,,,
CO 452,001,Friday,"April 7, 2017",12:30 PM,3:00 PM,MC 4040,,,,,,,,,,
CO 463,001,Friday,"April 7, 2017",7:30 PM,10:00 PM,MC 4040,,,,,,,,,,
CO 481,001,Monday,"April 17, 2017",9:00 AM,11:30 AM,STC 0010,,,,,,,,,,
CO 487,001,Monday,"April 10, 2017",7:30 PM,10:00 PM,"PAC 7,8",,,,,,,,,,
CO 630,001,Saturday,"April 8, 2017",12:30 PM,3:00 PM,TBA,,,,,,,,,,
CO 652,001,Friday,"April 7, 2017",12:30 PM,3:00 PM,MC 4040,,,,,,,,,,
CO 663,001,Friday,"April 7, 2017",7:30 PM,10:00 PM,MC 4040,,,,,,,,,,
CO 687,001,Monday,"April 10, 2017",7:30 PM,10:00 PM,"PAC 7,8",,,,,,,,,,
COMM 231,001,Friday,"April 21, 2017",4:00 PM,6:30 PM,"PAC 1,2",,,,,,,,,,
COMM 321,001,Saturday,"April 22, 2017",12:30 PM,3:00 PM,PAC 3,,,,,,,,,,
COMM 421,001,Friday,"April 7, 2017",12:30 PM,3:00 PM,MC 1056,,,,,,,,,,
COMM 432,001,Monday,"April 10, 2017",12:30 PM,3:00 PM,MC 4040,,,,,,,,,,
CROAT 102,081 Online,See https://uwaterloo.ca/quest/help/students/how-do-i/online-exam-schedule,,,,,,,,,,,,,,
CROAT 202,001,Monday,"April 10, 2017",9:00 AM,11:30 AM,TBA,,,,,,,,,,
CS 100,081 Online,See https://uwaterloo.ca/quest/help/students/how-do-i/online-exam-schedule,,,,,,,,,,,,,,
CS 106,"001,002",Saturday,"April 8, 2017",12:30 PM,3:00 PM,"PAC 11,12",,,,,,,,,,
CS 115,001 to 004,Thursday,"April 13, 2017",12:30 PM,3:00 PM,"STC 0050,0060,1012",,,,,,,,,,
CS 116,001 to 010,Thursday,"April 13, 2017",12:30 PM,3:00 PM,"PAC 1,2,3,4,5,6,7,8",,,,,,,,,,
CS 135,"001,002",Thursday,"April 13, 2017",9:00 AM,11:30 AM,STC 1012,,,,,,,,,,
CS 136,001 to 011,Thursday,"April 13, 2017",4:00 PM,6:30 PM,"PAC 1,2,3,4,5,6,7,8",,,,,,,,,,
CS 138,001,Wednesday,"April 19, 2017",12:30 PM,3:00 PM,DC 1350,,,,,,,,,,
CS 146,001,Thursday,"April 20, 2017",12:30 PM,3:00 PM,MC 1085,,,,,,,,,,
CS 230,001,Wednesday,"April 19, 2017",7:30 PM,10:00 PM,"PAC 1,2",,,,,,,,,,
CS 240,001 to 004,Wednesday,"April 19, 2017",7:30 PM,10:00 PM,"PAC 4,5,6",,,,,,,,,,
CS 240,005,Wednesday,"April 19, 2017",7:30 PM,10:00 PM,PAC 3,,,,,,,,,,
CS 241,001 to 005,Thursday,"April 13, 2017",9:00 AM,11:30 AM,"PAC 4,5,6,7",,,,,,,,,,
CS 245,001 to 003,Monday,"April 10, 2017",4:00 PM,6:30 PM,"DC 1350,1351",,,,,,,,,,
CS 246,001 to 003,Monday,"April 24, 2017",12:30 PM,3:00 PM,"PAC 4,5",,,,,,,,,,
CS 251,001 to 004,Thursday,"April 20, 2017",12:30 PM,3:00 PM,"PAC 4,5,6",,,,,,,,,,
CS 330,001,Monday,"April 10, 2017",12:30 PM,3:00 PM,M3 1006,,,,,,,,,,
CS 335,001,Friday,"April 7, 2017",7:30 PM,10:00 PM,"MC 2034,2035",,,,,,,,,,
CS 338,001,Saturday,"April 22, 2017",4:00 PM,6:30 PM,M3 1006,,,,,,,,,,
CS 341,001 to 005,Wednesday,"April 19, 2017",4:00 PM,6:30 PM,"PAC 4,5,6,11",,,,,,,,,,
CS 343,001,Thursday,"April 20, 2017",12:30 PM,3:00 PM,PAC 3,,,,,,,,,,
CS 348,"001,002",Monday,"April 10, 2017",12:30 PM,3:00 PM,DC 1350,,,,,,,,,,
CS 349,001 to 004,Saturday,"April 22, 2017",4:00 PM,6:30 PM,"DC 1350,1351",,,,,,,,,,
CS 350,001 to 004,Friday,"April 7, 2017",7:30 PM,10:00 PM,"DC 1350,1351",,,,,,,,,,
CS 360,001,Tuesday,"April 11, 2017",4:00 PM,6:30 PM,PAC 11,,,,,,,,,,
CS 365,001,Friday,"April 21, 2017",9:00 AM,11:30 AM,MC 4059,,,,,,,,,,
CS 370,001 to 003,Wednesday,"April 12, 2017",12:30 PM,3:00 PM,"DC 1350,1351",,,,,,,,,,
CS 371,001,Tuesday,"April 25, 2017",7:30 PM,10:00 PM,MC 1085,,,,,,,,,,
CS 430,001,Friday,"April 21, 2017",7:30 PM,10:00 PM,TBA,,,,,,,,,,
CS 436,001,Tuesday,"April 18, 2017",9:00 AM,11:30 AM,MC 4061,,,,,,,,,,
CS 442,001,Thursday,"April 13, 2017",12:30 PM,3:00 PM,MC 4061,,,,,,,,,,
CS 444,001,Tuesday,"April 18, 2017",4:00 PM,6:30 PM,PAC 8,,,,,,,,,,
CS 445,001,Wednesday,"April 19, 2017",7:30 PM,10:00 PM,PAC 8,,,,,,,,,,
CS 446,001,Monday,"April 24, 2017",4:00 PM,6:30 PM,PAC 6,,,,,,,,,,
CS 447,001,Friday,"April 21, 2017",12:30 PM,3:00 PM,"PAC 1,2,3",,,,,,,,,,
CS 448,001,Monday,"April 10, 2017",9:00 AM,11:30 AM,TBA,,,,,,,,,,
CS 450,001,Monday,"April 24, 2017",9:00 AM,11:30 AM,PAC 12,,,,,,,,,,
CS 452,001,Friday,"April 7, 2017",12:30 PM,3:00 PM,TBA,,,,,,,,,,
CS 454,"001,002",Tuesday,"April 11, 2017",9:00 AM,11:30 AM,"PAC 11,12",,,,,,,,,,
CS 456,"001,002",Monday,"April 17, 2017",9:00 AM,11:30 AM,"MC 4020,4021",,,,,,,,,,
CS 458,"001,002",Thursday,"April 13, 2017",7:30 PM,10:00 PM,"DC 1350,1351",,,,,,,,,,
CS 467,001,Monday,"April 17, 2017",9:00 AM,11:30 AM,STC 0010,,,,,,,,,,
CS 476,001,Friday,"April 7, 2017",12:30 PM,3:00 PM,MC 4061,,,,,,,,,,
CS 482,001,Monday,"April 17, 2017",7:30 PM,10:00 PM,TBA,,,,,,,,,,
CS 486,"001,002",Wednesday,"April 12, 2017",7:30 PM,10:00 PM,"PAC 7,8",,,,,,,,,,
CS 487,001,Friday,"April 7, 2017",12:30 PM,3:00 PM,MC 4041,,,,,,,,,,
CS 488,001,Friday,"April 7, 2017",7:30 PM,10:00 PM,MC 4020,,,,,,,,,,
CS 489,001,Monday,"April 10, 2017",9:00 AM,11:30 AM,MC 4040,,,,,,,,,,
CS 489,002,Thursday,"April 20, 2017",7:30 PM,10:00 PM,PAC 3,,,,,,,,,,
CS 489,003,Wednesday,"April 19, 2017",12:30 PM,3:00 PM,"PAC 11,12",,,,,,,,,,
CS 490,001,Wednesday,"April 12, 2017",9:00 AM,11:30 AM,PAC 6,,,,,,,,,,
CS 642,001,Thursday,"April 13, 2017",12:30 PM,3:00 PM,MC 4061,,,,,,,,,,
CS 644,001,Tuesday,"April 18, 2017",4:00 PM,6:30 PM,PAC 8,,,,,,,,,,
CS 645,001,Wednesday,"April 19, 2017",7:30 PM,10:00 PM,PAC 8,,,,,,,,,,
CS 646,001,Monday,"April 24, 2017",4:00 PM,6:30 PM,PAC 6,,,,,,,,,,
CS 647,001,Friday,"April 21, 2017",12:30 PM,3:00 PM,"PAC 1,2,3",,,,,,,,,,
CS 648,001,Monday,"April 10, 2017",9:00 AM,11:30 AM,TBA,,,,,,,,,,
CS 654,"001,002",Tuesday,"April 11, 2017",9:00 AM,11:30 AM,"PAC 11,12",,,,,,,,,,
CS 656,"001,002",Monday,"April 17, 2017",9:00 AM,11:30 AM,"MC 4020,4021",,,,,,,,,,
CS 658,"001,002",Thursday,"April 13, 2017",7:30 PM,10:00 PM,"DC 1350,1351",,,,,,,,,,
CS 676,001,Friday,"April 7, 2017",12:30 PM,3:00 PM,MC 4061,,,,,,,,,,
CS 682,001,Monday,"April 17, 2017",7:30 PM,10:00 PM,TBA,,,,,,,,,,
CS 686,"001,002",Wednesday,"April 12, 2017",7:30 PM,10:00 PM,"PAC 7,8",,,,,,,,,,
CS 687,001,Friday,"April 7, 2017",12:30 PM,3:00 PM,MC 4041,,,,,,,,,,
CS 688,001,Friday,"April 7, 2017",7:30 PM,10:00 PM,MC 4020,,,,,,,,,,
CS 698,001,Monday,"April 10, 2017",9:00 AM,11:30 AM,MC 4040,,,,,,,,,,
CS 698,002,Thursday,"April 20, 2017",7:30 PM,10:00 PM,PAC 3,,,,,,,,,,
CS 698,003,Wednesday,"April 19, 2017",12:30 PM,3:00 PM,"PAC 11,12",,,,,,,,,,
DRAMA 387,081 Online,See https://uwaterloo.ca/quest/help/students/how-do-i/online-exam-schedule,,,,,,,,,,,,,,
DUTCH 101,081 Online,See https://uwaterloo.ca/quest/help/students/how-do-i/online-exam-schedule,,,,,,,,,,,,,,
DUTCH 102,001,Friday,"April 7, 2017",12:30 PM,3:00 PM,TBA,,,,,,,,,,
EARTH 122,001,Tuesday,"April 25, 2017",12:30 PM,3:00 PM,"STC 0060,1012",,,,,,,,,,
EARTH 122L,001 to 004,Thursday,"April 13, 2017",7:30 PM,10:00 PM,M3 1006,,,,,,,,,,
EARTH 221,001,Thursday,"April 13, 2017",9:00 AM,11:30 AM,MC 4045,,,,,,,,,,
EARTH 232,001,Saturday,"April 8, 2017",12:30 PM,3:00 PM,MC 4045,,,,,,,,,,
EARTH 238,001,Tuesday,"April 11, 2017",7:30 PM,10:00 PM,PAC 8,,,,,,,,,,
EARTH 270,001,Monday,"April 10, 2017",9:00 AM,11:30 AM,STC 1012,,,,,,,,,,
EARTH 281,001,Monday,"April 17, 2017",12:30 PM,3:00 PM,PAC 7,,,,,,,,,,
EARTH 332,001,Tuesday,"April 18, 2017",12:30 PM,3:00 PM,MC 4040,,,,,,,,,,
EARTH 333,001,Wednesday,"April 19, 2017",4:00 PM,6:30 PM,DC 1350,,,,,,,,,,
EARTH 336,001,Thursday,"April 20, 2017",7:30 PM,10:00 PM,"PAC 4,5",,,,,,,,,,
EARTH 358,001,Monday,"April 10, 2017",7:30 PM,10:00 PM,DC 1350,,,,,,,,,,
EARTH 437,001,Monday,"April 10, 2017",9:00 AM,11:30 AM,MC 4041,,,,,,,,,,
EARTH 438,001,Wednesday,"April 12, 2017",12:30 PM,3:00 PM,MC 4045,,,,,,,,,,
EARTH 456,001,Tuesday,"April 11, 2017",9:00 AM,11:30 AM,STC 0040,,,,,,,,,,
EARTH 459,001,Wednesday,"April 19, 2017",9:00 AM,11:30 AM,MC 2054,,,,,,,,,,
EARTH 460,001,Wednesday,"April 12, 2017",12:30 PM,3:00 PM,MC 4064,,,,,,,,,,
EARTH 471,001,Friday,"April 7, 2017",12:30 PM,3:00 PM,MC 4059,,,,,,,,,,
EARTH 656,001,Tuesday,"April 11, 2017",9:00 AM,11:30 AM,STC 0040,,,,,,,,,,
EARTH 659,001,Wednesday,"April 19, 2017",9:00 AM,11:30 AM,MC 2054,,,,,,,,,,
EASIA 120R,001,Thursday,"April 20, 2017",9:00 AM,11:30 AM,TBA,,,,,,,,,,
EASIA 291R,001,Thursday,"April 20, 2017",9:00 AM,11:30 AM,TBA,,,,,,,,,,
ECE 103,001,Thursday,"April 20, 2017",9:00 AM,11:30 AM,M3 1006,,,,,,,,,,
ECE 106,"001,002",Thursday,"April 13, 2017",4:00 PM,6:30 PM,"DC 1350,1351, MC 1056",,,,,,,,,,
ECE 124,"001,002",Monday,"April 17, 2017",12:30 PM,3:00 PM,"PAC 1,2,3",,,,,,,,,,
ECE 155,001,Monday,"April 10, 2017",12:30 PM,3:00 PM,"MC 2034,2035,2038",,,,,,,,,,
ECE 205,"001,002",Saturday,"April 22, 2017",9:00 AM,11:30 AM,"DC 1350,1351",,,,,,,,,,
ECE 222,"001,002",Friday,"April 7, 2017",12:30 PM,3:00 PM,"STC 0010,0020,0040",,,,,,,,,,
ECE 224,001,Wednesday,"April 12, 2017",4:00 PM,6:30 PM,"PAC 3,8",,,,,,,,,,
ECE 240,"001,002",Tuesday,"April 11, 2017",12:30 PM,3:00 PM,"STC 0060,1012",,,,,,,,,,
ECE 250,"001,002",Thursday,"April 20, 2017",12:30 PM,3:00 PM,"PAC 1,2",,,,,,,,,,
ECE 290,"001,002",Wednesday,"April 12, 2017",12:30 PM,3:00 PM,"STC 0010,0020,0040",,,,,,,,,,
ECE 316,001,Friday,"April 7, 2017",9:00 AM,11:30 AM,"STC 0050,0060",,,,,,,,,,
ECE 318,"001,002",Monday,"April 17, 2017",9:00 AM,11:30 AM,M3 1006,,,,,,,,,,
ECE 327,001,Thursday,"April 13, 2017",7:30 PM,10:00 PM,"PAC 11,12",,,,,,,,,,
ECE 331,001,Tuesday,"April 18, 2017",12:30 PM,3:00 PM,MC 4059,,,,,,,,,,
ECE 351,001,Monday,"April 24, 2017",9:00 AM,11:30 AM,PAC 8,,,,,,,,,,
ECE 356,001,Thursday,"April 13, 2017",12:30 PM,3:00 PM,"PAC 11,12",,,,,,,,,,
ECE 358,001,Tuesday,"April 11, 2017",9:00 AM,11:30 AM,DC 1350,,,,,,,,,,
ECE 361,001,Thursday,"April 13, 2017",9:00 AM,11:30 AM,MC 4021,,,,,,,,,,
ECE 375,001,Wednesday,"April 19, 2017",4:00 PM,6:30 PM,MC 2017,,,,,,,,,,
ECE 380,001,Wednesday,"April 12, 2017",12:30 PM,3:00 PM,"MC 2034,2035,2038",,,,,,,,,,
ECE 390,"001,002",Wednesday,"April 19, 2017",4:00 PM,6:30 PM,"PAC 2,3",,,,,,,,,,
ECE 404,001,Tuesday,"April 18, 2017",9:00 AM,11:30 AM,MC 4040,,,,,,,,,,
ECE 405,001,Monday,"April 24, 2017",9:00 AM,11:30 AM,MC 4045,,,,,,,,,,
ECE 406,001,Thursday,"April 13, 2017",9:00 AM,11:30 AM,DC 1351,,,,,,,,,,
ECE 409,001,Monday,"April 17, 2017",9:00 AM,11:30 AM,MC 4060,,,,,,,,,,
ECE 415,001,Tuesday,"April 11, 2017",7:30 PM,10:00 PM,MC 4064,,,,,,,,,,
ECE 416,001,Monday,"April 17, 2017",12:30 PM,3:00 PM,MC 4045,,,,,,,,,,
ECE 423,001,Monday,"April 24, 2017",12:30 PM,3:00 PM,PAC 12,,,,,,,,,,
ECE 433,001,Thursday,"April 13, 2017",7:30 PM,10:00 PM,MC 4040,,,,,,,,,,
ECE 444,001,Friday,"April 21, 2017",9:00 AM,11:30 AM,MC 4061,,,,,,,,,,
ECE 451,001,Wednesday,"April 19, 2017",7:30 PM,10:00 PM,PAC 8,,,,,,,,,,
ECE 452,001,Monday,"April 24, 2017",4:00 PM,6:30 PM,PAC 6,,,,,,,,,,
ECE 453,001,Friday,"April 21, 2017",12:30 PM,3:00 PM,"PAC 1,2,3",,,,,,,,,,
ECE 457B,001,Monday,"April 10, 2017",9:00 AM,11:30 AM,STC 0020,,,,,,,,,,
ECE 459,001,Tuesday,"April 18, 2017",9:00 AM,11:30 AM,M3 1006,,,,,,,,,,
ECE 464,001,Thursday,"April 13, 2017",7:30 PM,10:00 PM,MC 2034,,,,,,,,,,
ECE 467,001,Monday,"April 17, 2017",9:00 AM,11:30 AM,MC 2038,,,,,,,,,,
ECE 474,001,Saturday,"April 22, 2017",12:30 PM,3:00 PM,PAC 6,,,,,,,,,,
ECE 477,001,Saturday,"April 8, 2017",12:30 PM,3:00 PM,MC 4041,,,,,,,,,,
ECE 488,001,Tuesday,"April 11, 2017",4:00 PM,6:30 PM,PAC 6,,,,,,,,,,
ECE 493,001,Friday,"April 7, 2017",12:30 PM,3:00 PM,MC 4064,,,,,,,,,,
ECE 493,002,Tuesday,"April 18, 2017",7:30 PM,10:00 PM,MC 4041,,,,,,,,,,
ECE 676,001,Friday,"April 7, 2017",9:00 AM,11:30 AM,TBA,,,,,,,,,,
ECE 730,001,Thursday,"April 13, 2017",7:30 PM,10:00 PM,MC 4040,,,,,,,,,,
ECE 770,001,Saturday,"April 8, 2017",12:30 PM,3:00 PM,MC 4041,,,,,,,,,,
ECON 100,001,Tuesday,"April 18, 2017",9:00 AM,11:30 AM,PAC 11,,,,,,,,,,
ECON 101,001 to 003,Tuesday,"April 11, 2017",7:30 PM,10:00 PM,"PAC 1,2,3,4,5,6,7",,,,,,,,,,
ECON 101,004,Tuesday,"April 11, 2017",7:30 PM,10:00 PM,"DC 1350,1351",,,,,,,,,,
ECON 101,"005,006",Tuesday,"April 11, 2017",7:30 PM,10:00 PM,STC 1012,,,,,,,,,,
ECON 101,081 Online,See https://uwaterloo.ca/quest/help/students/how-do-i/online-exam-schedule,,,,,,,,,,,,,,
ECON 102,001,Monday,"April 17, 2017",4:00 PM,6:30 PM,"PAC 1,2,3",,,,,,,,,,
ECON 102,002,Monday,"April 17, 2017",4:00 PM,6:30 PM,M3 1006,,,,,,,,,,
ECON 102,003,Monday,"April 17, 2017",4:00 PM,6:30 PM,"PAC 7,11,12",,,,,,,,,,
ECON 102,004,Monday,"April 17, 2017",4:00 PM,6:30 PM,"PAC 4,5,6",,,,,,,,,,
ECON 102,081 Online,See https://uwaterloo.ca/quest/help/students/how-do-i/online-exam-schedule,,,,,,,,,,,,,,
ECON 140W,,See https://students.wlu.ca/academics/exams/exam-schedules/index.html,,,,,,,,,,,,,,
ECON 201,001,Tuesday,"April 25, 2017",7:30 PM,10:00 PM,DC 1350,,,,,,,,,,
ECON 201,002,Tuesday,"April 25, 2017",7:30 PM,10:00 PM,DC 1351,,,,,,,,,,
ECON 206,"001,002",Tuesday,"April 11, 2017",7:30 PM,10:00 PM,M3 1006,,,,,,,,,,
ECON 206,003,Tuesday,"April 11, 2017",7:30 PM,10:00 PM,MC 1085,,,,,,,,,,
ECON 207,"001,002",Wednesday,"April 19, 2017",4:00 PM,6:30 PM,PAC 1,,,,,,,,,,
ECON 211,001,Tuesday,"April 18, 2017",9:00 AM,11:30 AM,PAC 12,,,,,,,,,,
ECON 221,001,Monday,"April 24, 2017",9:00 AM,11:30 AM,STC 0010,,,,,,,,,,
ECON 231,001,Thursday,"April 20, 2017",12:30 PM,3:00 PM,M3 1006,,,,,,,,,,
ECON 262,001,Tuesday,"April 18, 2017",12:30 PM,3:00 PM,MC 4041,,,,,,,,,,
ECON 290,"001,002",Monday,"April 24, 2017",9:00 AM,11:30 AM,STC 0020,,,,,,,,,,
ECON 301,"001,002",Friday,"April 7, 2017",12:30 PM,3:00 PM,PAC 8,,,,,,,,,,
ECON 302,001,Tuesday,"April 18, 2017",9:00 AM,10:30 AM,MC 4059,,,,,,,,,,
ECON 322,"001,002",Wednesday,"April 12, 2017",12:30 PM,3:00 PM,"MC 2017,2054",,,,,,,,,,
ECON 323,001,Saturday,"April 22, 2017",12:30 PM,2:30 PM,PAC 12,,,,,,,,,,
ECON 332,"001,002",Monday,"April 17, 2017",9:00 AM,11:00 AM,"MC 2017,2054",,,,,,,,,,
ECON 361,081 Online,See https://uwaterloo.ca/quest/help/students/how-do-i/online-exam-schedule,,,,,,,,,,,,,,
ECON 363,001,Tuesday,"April 11, 2017",12:30 PM,2:30 PM,PAC 11,,,,,,,,,,
ECON 371,001,Thursday,"April 20, 2017",9:00 AM,11:30 AM,DC 1351,,,,,,,,,,
ECON 372,001,Monday,"April 10, 2017",7:30 PM,10:00 PM,PAC 12,,,,,,,,,,
ECON 391,001,Monday,"April 24, 2017",7:30 PM,10:00 PM,MC 4041,,,,,,,,,,
ECON 392,001,Saturday,"April 8, 2017",12:30 PM,3:00 PM,MC 4058,,,,,,,,,,
ECON 401,001,Monday,"April 17, 2017",7:30 PM,10:00 PM,MC 4061,,,,,,,,,,
ECON 421,001,Wednesday,"April 12, 2017",12:30 PM,3:00 PM,MC 4042,,,,,,,,,,
ECON 483,001,Thursday,"April 13, 2017",9:00 AM,11:30 AM,MC 4042,,,,,,,,,,
EMLS 129R,081 Online,See https://uwaterloo.ca/quest/help/students/how-do-i/online-exam-schedule,,,,,,,,,,,,,,
ENBUS 112,001,Thursday,"April 20, 2017",12:30 PM,3:00 PM,"PAC 7,8",,,,,,,,,,
ENGL 101A,001,Wednesday,"April 12, 2017",9:00 AM,11:30 AM,TBA,,,,,,,,,,
ENGL 101B,081 Online,See https://uwaterloo.ca/quest/help/students/how-do-i/online-exam-schedule,,,,,,,,,,,,,,
ENGL 108A,001,Thursday,"April 13, 2017",9:00 AM,10:00 AM,TBA,,,,,,,,,,
ENGL 108D,002,Friday,"April 21, 2017",7:30 PM,10:00 PM,MC 4061,,,,,,,,,,
ENGL 108F,001,Thursday,"April 13, 2017",9:00 AM,11:30 AM,TBA,,,,,,,,,,
ENGL 108P,001,Monday,"April 24, 2017",9:00 AM,10:00 AM,TBA,,,,,,,,,,
ENGL 109,008,Monday,"April 17, 2017",9:00 AM,11:30 AM,MC 4042,,,,,,,,,,
ENGL 109,081 Online,See https://uwaterloo.ca/quest/help/students/how-do-i/online-exam-schedule,,,,,,,,,,,,,,
ENGL 109,082 Online,See https://uwaterloo.ca/quest/help/students/how-do-i/online-exam-schedule,,,,,,,,,,,,,,
ENGL 190,001,Saturday,"April 22, 2017",12:30 PM,3:00 PM,TBA,,,,,,,,,,
ENGL 200A,081 Online,See https://uwaterloo.ca/quest/help/students/how-do-i/online-exam-schedule,,,,,,,,,,,,,,
ENGL 200B,002,Saturday,"April 8, 2017",12:30 PM,3:00 PM,TBA,,,,,,,,,,
ENGL 200B,081 Online,See https://uwaterloo.ca/quest/help/students/how-do-i/online-exam-schedule,,,,,,,,,,,,,,
ENGL 201,001,Friday,"April 21, 2017",4:00 PM,6:30 PM,TBA,,,,,,,,,,
ENGL 208B,001,Thursday,"April 20, 2017",7:30 PM,8:30 PM,TBA,,,,,,,,,,
ENGL 208C,001,Saturday,"April 8, 2017",7:30 PM,10:00 PM,TBA,,,,,,,,,,
ENGL 208C,081 Online,See https://uwaterloo.ca/quest/help/students/how-do-i/online-exam-schedule,,,,,,,,,,,,,,
ENGL 210F,081 Online,See https://uwaterloo.ca/quest/help/students/how-do-i/online-exam-schedule,,,,,,,,,,,,,,
ENGL 251A,081 Online,See https://uwaterloo.ca/quest/help/students/how-do-i/online-exam-schedule,,,,,,,,,,,,,,
ENGL 251B,001,Monday,"April 10, 2017",9:00 AM,11:30 AM,TBA,,,,,,,,,,
ENGL 251B,002,Tuesday,"April 11, 2017",9:00 AM,11:30 AM,TBA,,,,,,,,,,
ENGL 251B,081 Online,See https://uwaterloo.ca/quest/help/students/how-do-i/online-exam-schedule,,,,,,,,,,,,,,
ENGL 292,081 Online,See https://uwaterloo.ca/quest/help/students/how-do-i/online-exam-schedule,,,,,,,,,,,,,,
ENGL 306A,001,Friday,"April 7, 2017",9:00 AM,11:30 AM,TBA,,,,,,,,,,
ENGL 306A,002,Monday,"April 10, 2017",4:00 PM,6:30 PM,PAC 11,,,,,,,,,,
ENGL 309C,081 Online,See https://uwaterloo.ca/quest/help/students/how-do-i/online-exam-schedule,,,,,,,,,,,,,,
ENGL 318,001,Friday,"April 7, 2017",9:00 AM,11:30 AM,TBA,,,,,,,,,,
ENGL 325,001,Wednesday,"April 19, 2017",4:00 PM,6:30 PM,TBA,,,,,,,,,,
ENGL 343,001,Thursday,"April 13, 2017",4:00 PM,6:30 PM,MC 4042,,,,,,,,,,
ENGL 350B,081 Online,See https://uwaterloo.ca/quest/help/students/how-do-i/online-exam-schedule,,,,,,,,,,,,,,
ENGL 363,001,Tuesday,"April 11, 2017",12:30 PM,2:30 PM,PAC 12,,,,,,,,,,
ENGL 363,081 Online,See https://uwaterloo.ca/quest/help/students/how-do-i/online-exam-schedule,,,,,,,,,,,,,,
ENGL 376R,001,Friday,"April 7, 2017",9:00 AM,11:30 AM,TBA,,,,,,,,,,
ENVE 223,001,Thursday,"April 13, 2017",9:00 AM,11:30 AM,TBA,,,,,,,,,,
ENVE 224,001,Tuesday,"April 18, 2017",9:00 AM,11:30 AM,TBA,,,,,,,,,,
ENVE 275,001,Saturday,"April 8, 2017",12:30 PM,3:00 PM,TBA,,,,,,,,,,
ENVE 280,001,Tuesday,"April 11, 2017",9:00 AM,11:30 AM,TBA,,,,,,,,,,
ENVE 375,001,Monday,"April 24, 2017",4:00 PM,6:30 PM,TBA,,,,,,,,,,
ENVE 391,001,Thursday,"April 13, 2017",7:30 PM,10:00 PM,MC 1085,,,,,,,,,,
ENVE 573,001,Saturday,"April 8, 2017",9:00 AM,11:30 AM,TBA,,,,,,,,,,
ENVE 577,001,Thursday,"April 20, 2017",12:30 PM,3:00 PM,TBA,,,,,,,,,,
ENVS 178,001,Tuesday,"April 11, 2017",9:00 AM,11:30 AM,"PAC 5,6,7",,,,,,,,,,
ENVS 200,001,Monday,"April 10, 2017",4:00 PM,6:30 PM,STC 1012,,,,,,,,,,
ENVS 220,001,Wednesday,"April 12, 2017",12:30 PM,3:00 PM,M3 1006,,,,,,,,,,
ENVS 278,001,Friday,"April 7, 2017",9:00 AM,11:30 AM,M3 1006,,,,,,,,,,
ERS 275,001,Saturday,"April 8, 2017",9:00 AM,11:30 AM,TBA,,,,,,,,,,
ERS 365,001,Tuesday,"April 11, 2017",4:00 PM,6:30 PM,TBA,,,,,,,,,,
ERS 383,001,Friday,"April 21, 2017",4:00 PM,6:30 PM,TBA,,,,,,,,,,
FINE 204,001,Monday,"April 17, 2017",9:00 AM,11:30 AM,MC 4045,,,,,,,,,,
FINE 245,001,Friday,"April 21, 2017",12:30 PM,2:30 PM,TBA,,,,,,,,,,
FINE 359,001,Friday,"April 7, 2017",12:30 PM,3:00 PM,TBA,,,,,,,,,,
FR 151,001 to 003,Wednesday,"April 19, 2017",4:00 PM,6:00 PM,"MC 4020,4021",,,,,,,,,,
FR 151,081 Online,See https://uwaterloo.ca/quest/help/students/how-do-i/online-exam-schedule,,,,,,,,,,,,,,
FR 152,001 to 003,Monday,"April 24, 2017",7:30 PM,9:30 PM,TBA,,,,,,,,,,
FR 152,081 Online,See https://uwaterloo.ca/quest/help/students/how-do-i/online-exam-schedule,,,,,,,,,,,,,,
FR 192A,"001,002,004",Friday,"April 21, 2017",4:00 PM,6:00 PM,TBA,,,,,,,,,,
FR 192A,003,Friday,"April 21, 2017",4:00 PM,6:00 PM,TBA,,,,,,,,,,
FR 192A,081 Online,See https://uwaterloo.ca/quest/help/students/how-do-i/online-exam-schedule,,,,,,,,,,,,,,
FR 192B,001 to 003,Monday,"April 10, 2017",7:30 PM,9:30 PM,TBA,,,,,,,,,,
FR 192B,004,Monday,"April 10, 2017",7:30 PM,9:30 PM,TBA,,,,,,,,,,
FR 192B,081 Online,See https://uwaterloo.ca/quest/help/students/how-do-i/online-exam-schedule,,,,,,,,,,,,,,
FR 251,001,Tuesday,"April 18, 2017",9:00 AM,11:00 AM,TBA,,,,,,,,,,
FR 251,081 Online,See https://uwaterloo.ca/quest/help/students/how-do-i/online-exam-schedule,,,,,,,,,,,,,,
FR 252,"001,002",Thursday,"April 13, 2017",7:30 PM,9:30 PM,TBA,,,,,,,,,,
FR 252,081 Online,See https://uwaterloo.ca/quest/help/students/how-do-i/online-exam-schedule,,,,,,,,,,,,,,
FR 292,081 Online,See https://uwaterloo.ca/quest/help/students/how-do-i/online-exam-schedule,,,,,,,,,,,,,,
FR 296,001,Monday,"April 24, 2017",7:30 PM,10:00 PM,TBA,,,,,,,,,,
FR 296,081 Online,See https://uwaterloo.ca/quest/help/students/how-do-i/online-exam-schedule,,,,,,,,,,,,,,
FR 297,001,Monday,"April 17, 2017",12:30 PM,2:30 PM,TBA,,,,,,,,,,
FR 355,081 Online,See https://uwaterloo.ca/quest/help/students/how-do-i/online-exam-schedule,,,,,,,,,,,,,,
FR 410,001,Monday,"April 10, 2017",9:00 AM,11:30 AM,TBA,,,,,,,,,,
FR 452,001,Tuesday,"April 18, 2017",4:00 PM,6:00 PM,TBA,,,,,,,,,,
FR 473,001,Monday,"April 17, 2017",7:30 PM,10:00 PM,TBA,,,,,,,,,,
GBDA 102,"001,002",Monday,"April 10, 2017",4:00 PM,6:30 PM,M3 1006,,,,,,,,,,
GBDA 204,"001,002",Monday,"April 17, 2017",12:30 PM,3:00 PM,TBA,,,,,,,,,,
GBDA 205,"001,002",Thursday,"April 20, 2017",12:30 PM,2:30 PM,"MC 2017,2054",,,,,,,,,,
GENE 123,001 to 004,Thursday,"April 13, 2017",9:00 AM,11:30 AM,"PAC 1,2,3,8",,,,,,,,,,
GENE 411,001,Thursday,"April 13, 2017",7:30 PM,10:00 PM,MC 1085,,,,,,,,,,
GEOG 102,001,Wednesday,"April 19, 2017",12:30 PM,3:00 PM,"PAC 7,8",,,,,,,,,,
GEOG 202,001,Thursday,"April 20, 2017",12:30 PM,3:00 PM,"PAC 11,12",,,,,,,,,,
GEOG 209,001,Wednesday,"April 12, 2017",4:00 PM,6:30 PM,MC 4020,,,,,,,,,,
GEOG 222,001,Friday,"April 21, 2017",9:00 AM,11:30 AM,"PAC 11,12",,,,,,,,,,
GEOG 271,001,Wednesday,"April 12, 2017",4:00 PM,6:30 PM,"PAC 11,12",,,,,,,,,,
GEOG 281,001,Tuesday,"April 18, 2017",12:30 PM,3:00 PM,"PAC 7,8",,,,,,,,,,
GEOG 318,001,Monday,"April 10, 2017",12:30 PM,3:00 PM,STC 0050,,,,,,,,,,
GEOG 325,001,Monday,"April 17, 2017",4:00 PM,6:30 PM,"DC 1350,1351",,,,,,,,,,
GEOG 368,001,Tuesday,"April 11, 2017",4:00 PM,6:30 PM,"PAC 4,5",,,,,,,,,,
GEOG 407,001,Tuesday,"April 11, 2017",9:00 AM,11:30 AM,MC 4040,,,,,,,,,,
GER 101,001 to 003,Thursday,"April 20, 2017",7:30 PM,10:00 PM,TBA,,,,,,,,,,
GER 101,081 Online,See https://uwaterloo.ca/quest/help/students/how-do-i/online-exam-schedule,,,,,,,,,,,,,,
GER 102,"001,002",Monday,"April 10, 2017",7:30 PM,10:00 PM,TBA,,,,,,,,,,
GER 102,081 Online,See https://uwaterloo.ca/quest/help/students/how-do-i/online-exam-schedule,,,,,,,,,,,,,,
GER 201,081 Online,See https://uwaterloo.ca/quest/help/students/how-do-i/online-exam-schedule,,,,,,,,,,,,,,
GER 202,081 Online,See https://uwaterloo.ca/quest/help/students/how-do-i/online-exam-schedule,,,,,,,,,,,,,,
GER 359,001,Friday,"April 7, 2017",12:30 PM,3:00 PM,TBA,,,,,,,,,,
GERON 245,001,Thursday,"April 13, 2017",4:00 PM,6:30 PM,"STC 0060,1012",,,,,,,,,,
GERON 352,001,Tuesday,"April 18, 2017",4:00 PM,5:30 PM,STC 1012,,,,,,,,,,
GERON 355,001,Tuesday,"April 11, 2017",9:00 AM,11:30 AM,"STC 0060,1012",,,,,,,,,,
GRK 102,001,Monday,"April 10, 2017",9:00 AM,11:00 AM,TBA,,,,,,,,,,
GRK 202,001,Friday,"April 7, 2017",9:00 AM,11:00 AM,TBA,,,,,,,,,,
GRK 341,001,Friday,"April 7, 2017",12:30 PM,2:30 PM,MC 4042,,,,,,,,,,
GRK 490,001,Friday,"April 7, 2017",12:30 PM,2:30 PM,MC 4042,,,,,,,,,,
GRK 600,001,Friday,"April 7, 2017",12:30 PM,2:30 PM,MC 4042,,,,,,,,,,
HIST 102,001,Friday,"April 7, 2017",4:00 PM,6:30 PM,TBA,,,,,,,,,,
HIST 103,001,Friday,"April 7, 2017",12:30 PM,3:00 PM,TBA,,,,,,,,,,
HIST 111,001,Saturday,"April 8, 2017",4:00 PM,6:30 PM,TBA,,,,,,,,,,
HIST 113,001,Thursday,"April 20, 2017",12:30 PM,3:00 PM,TBA,,,,,,,,,,
HIST 230,001,Monday,"April 17, 2017",7:30 PM,10:00 PM,TBA,,,,,,,,,,
HIST 232,001,Friday,"April 7, 2017",9:00 AM,11:30 AM,TBA,,,,,,,,,,
HIST 252,001,Thursday,"April 13, 2017",12:30 PM,2:30 PM,MC 4045,,,,,,,,,,
HIST 263,001,Wednesday,"April 12, 2017",4:00 PM,6:30 PM,TBA,,,,,,,,,,
HIST 275,001,Tuesday,"April 11, 2017",4:00 PM,6:30 PM,TBA,,,,,,,,,,
HIST 291,001,Monday,"April 17, 2017",9:00 AM,11:30 AM,TBA,,,,,,,,,,
HIST 304,001,Friday,"April 7, 2017",9:00 AM,11:30 AM,TBA,,,,,,,,,,
HIST 321,001,Friday,"April 7, 2017",7:30 PM,10:00 PM,TBA,,,,,,,,,,
HIST 348,001,Monday,"April 10, 2017",9:00 AM,11:30 AM,TBA,,,,,,,,,,
HIST 369,001,Exam removed from the schedule. Contact instructor for further information,,,,,,,,,,,,,,
HIST 380,001,Friday,"April 7, 2017",4:00 PM,6:30 PM,TBA,,,,,,,,,,
HLTH 102,"001,002",Monday,"April 24, 2017",12:30 PM,3:00 PM,"PAC 1,2,3",,,,,,,,,,
HLTH 230,001,Saturday,"April 22, 2017",4:00 PM,6:30 PM,"PAC 4,5,6",,,,,,,,,,
HLTH 245,001,Thursday,"April 13, 2017",4:00 PM,6:30 PM,"STC 0060,1012",,,,,,,,,,
HLTH 273,002,Wednesday,"April 12, 2017",7:30 PM,10:00 PM,MC 4040,,,,,,,,,,
HLTH 280,001,Wednesday,"April 19, 2017",4:00 PM,5:30 PM,DC 1351,,,,,,,,,,
HLTH 340,001,Monday,"April 10, 2017",9:00 AM,11:00 AM,"MC 2034,2035",,,,,,,,,,
HLTH 352,001,Tuesday,"April 18, 2017",4:00 PM,5:30 PM,STC 1012,,,,,,,,,,
HLTH 370,001,Monday,"April 17, 2017",4:00 PM,6:30 PM,"DC 1350,1351",,,,,,,,,,
HLTH 433,001,Wednesday,"April 12, 2017",12:30 PM,3:00 PM,MC 1085,,,,,,,,,,
HLTH 451,001,Tuesday,"April 11, 2017",7:30 PM,10:00 PM,TBA,,,,,,,,,,
HLTH 620,005,Tuesday,"April 11, 2017",7:30 PM,10:00 PM,TBA,,,,,,,,,,
HRM 200,081 Online,See https://uwaterloo.ca/quest/help/students/how-do-i/online-exam-schedule,,,,,,,,,,,,,,
HRM 301,001,Monday,"April 10, 2017",9:00 AM,11:00 AM,MC 2038,,,,,,,,,,
HRM 303,001,Wednesday,"April 19, 2017",4:00 PM,6:00 PM,MC 4042,,,,,,,,,,
HRM 307,001,Tuesday,"April 11, 2017",12:30 PM,2:30 PM,PAC 8,,,,,,,,,,
HUMSC 102,001,Saturday,"April 8, 2017",7:30 PM,10:00 PM,TBA,,,,,,,,,,
INDEV 101,001,Thursday,"April 13, 2017",7:30 PM,10:00 PM,MC 2035,,,,,,,,,,
INDEV 300,001,Monday,"April 10, 2017",12:30 PM,3:00 PM,MC 4045,,,,,,,,,,
INTEG 275,001,Monday,"April 17, 2017",9:00 AM,11:30 AM,MC 4045,,,,,,,,,,
INTST 101,001,Tuesday,"April 18, 2017",9:00 AM,11:00 AM,DC 1350,,,,,,,,,,
JAPAN 101R,"001,002",Monday,"April 24, 2017",7:30 PM,9:30 PM,TBA,,,,,,,,,,
JAPAN 101R,003 to 005,Monday,"April 24, 2017",7:30 PM,9:30 PM,TBA,,,,,,,,,,
JAPAN 102R,001,Saturday,"April 8, 2017",12:30 PM,2:30 PM,TBA,,,,,,,,,,
JAPAN 201R,001,Friday,"April 7, 2017",7:30 PM,9:30 PM,TBA,,,,,,,,,,
JAPAN 202R,001,Tuesday,"April 11, 2017",4:00 PM,6:30 PM,TBA,,,,,,,,,,
JAPAN 301R,001,Monday,"April 24, 2017",9:00 AM,11:30 AM,TBA,,,,,,,,,,
JS 215,081 Online,See https://uwaterloo.ca/quest/help/students/how-do-i/online-exam-schedule,,,,,,,,,,,,,,
KIN 100,001,Friday,"April 21, 2017",12:30 PM,3:00 PM,"PAC 4,5,6,11",,,,,,,,,,
KIN 100L,001 to 010,Friday,"April 21, 2017",7:30 PM,10:00 PM,M3 1006,,,,,,,,,,
KIN 101,001 to 018,Friday,"April 7, 2017",12:30 PM,3:00 PM,"STC 0050,0060,1012",,,,,,,,,,
KIN 205,001,Friday,"April 7, 2017",9:00 AM,11:30 AM,DC 1351,,,,,,,,,,
KIN 242,001,Monday,"April 10, 2017",4:00 PM,6:30 PM,"STC 0050,0060",,,,,,,,,,
KIN 307,001,Tuesday,"April 11, 2017",12:30 PM,3:00 PM,MC 4064,,,,,,,,,,
KIN 330,001,Wednesday,"April 12, 2017",4:00 PM,6:30 PM,"PAC 1,2",,,,,,,,,,
KIN 332,001,Wednesday,"April 12, 2017",9:00 AM,11:30 AM,DC 1350,,,,,,,,,,
KIN 342,001,Thursday,"April 13, 2017",7:30 PM,10:00 PM,MC 2017,,,,,,,,,,
KIN 352,001,Tuesday,"April 18, 2017",4:00 PM,5:30 PM,STC 1012,,,,,,,,,,
KIN 356,001,Thursday,"April 20, 2017",4:00 PM,6:00 PM,PAC 8,,,,,,,,,,
KIN 402,001,Monday,"April 24, 2017",9:00 AM,11:00 AM,MC 4041,,,,,,,,,,
KIN 408,001,Monday,"April 17, 2017",9:00 AM,11:30 AM,STC 1012,,,,,,,,,,
KIN 415,001,Tuesday,"April 11, 2017",7:30 PM,10:00 PM,PAC 12,,,,,,,,,,
KIN 420,001,Exam removed from the schedule. Contact instructor for further information,,,,,,,,,,,,,,
KIN 446,001,Exam removed from the schedule. Contact instructor for further information,,,,,,,,,,,,,,
KIN 646,001,Exam removed from the schedule. Contact instructor for further information,,,,,,,,,,,,,,
LAT 102,001,Monday,"April 17, 2017",9:00 AM,11:00 AM,MC 4063,,,,,,,,,,
LAT 202,001,Tuesday,"April 11, 2017",9:00 AM,11:00 AM,MC 4064,,,,,,,,,,
LS 101,081 Online,See https://uwaterloo.ca/quest/help/students/how-do-i/online-exam-schedule,,,,,,,,,,,,,,
LS 202,002,Tuesday,"April 11, 2017",9:00 AM,11:30 AM,TBA,,,,,,,,,,
LS 206,001,Friday,"April 7, 2017",7:30 PM,10:00 PM,MC 4021,,,,,,,,,,
LS 222,001,Wednesday,"April 19, 2017",9:00 AM,11:30 AM,TBA,,,,,,,,,,
LS 227,001,Monday,"April 24, 2017",9:00 AM,11:00 AM,MC 1085,,,,,,,,,,
LS 229,001,Thursday,"April 13, 2017",9:00 AM,11:00 AM,TBA,,,,,,,,,,
LS 229,081 Online,See https://uwaterloo.ca/quest/help/students/how-do-i/online-exam-schedule,,,,,,,,,,,,,,
LS 240,001,Monday,"April 17, 2017",9:00 AM,11:00 AM,TBA,,,,,,,,,,
LS 263,001,Monday,"April 10, 2017",12:30 PM,2:30 PM,STC 1012,,,,,,,,,,
LS 271,001,Saturday,"April 22, 2017",9:00 AM,11:30 AM,TBA,,,,,,,,,,
LS 283,001,Tuesday,"April 18, 2017",7:30 PM,9:30 PM,"PAC 4,5",,,,,,,,,,
LS 300,001,Saturday,"April 22, 2017",12:30 PM,3:00 PM,TBA,,,,,,,,,,
LS 327,081 Online,See https://uwaterloo.ca/quest/help/students/how-do-i/online-exam-schedule,,,,,,,,,,,,,,
LS 331,001,Friday,"April 7, 2017",7:30 PM,10:00 PM,TBA,,,,,,,,,,
MATBUS 470,001,Tuesday,"April 11, 2017",12:30 PM,3:00 PM,"MC 2034,2035",,,,,,,,,,
MATBUS 471,001,Monday,"April 10, 2017",4:00 PM,6:30 PM,MC 1085,,,,,,,,,,
MATBUS 472,001,Friday,"April 7, 2017",12:30 PM,3:00 PM,MC 2017,,,,,,,,,,
MATH 103,081 Online,See https://uwaterloo.ca/quest/help/students/how-do-i/online-exam-schedule,,,,,,,,,,,,,,
MATH 104,001,Saturday,"April 22, 2017",7:30 PM,10:00 PM,PAC 5,,,,,,,,,,
MATH 104,081 Online,See https://uwaterloo.ca/quest/help/students/how-do-i/online-exam-schedule,,,,,,,,,,,,,,
MATH 106,001,Monday,"April 10, 2017",12:30 PM,3:00 PM,"MC 2017,2054",,,,,,,,,,
MATH 118,001 to 005,Monday,"April 10, 2017",12:30 PM,3:00 PM,"PAC 1,2,3,7,8",,,,,,,,,,
MATH 119,001 to 003,Friday,"April 7, 2017",7:30 PM,10:00 PM,"PAC 1,2,3,4",,,,,,,,,,
MATH 127,001 to 003,Friday,"April 7, 2017",7:30 PM,10:00 PM,"PAC 5,6,11",,,,,,,,,,
MATH 127,081 Online,See https://uwaterloo.ca/quest/help/students/how-do-i/online-exam-schedule,,,,,,,,,,,,,,
MATH 128,001 to 007,Friday,"April 7, 2017",12:30 PM,3:00 PM,"PAC 1,2,3,4,5,6,11",,,,,,,,,,
MATH 128,081 Online,See https://uwaterloo.ca/quest/help/students/how-do-i/online-exam-schedule,,,,,,,,,,,,,,
MATH 135,001 to 010,Monday,"April 10, 2017",7:30 PM,10:00 PM,"PAC 1,2,3,4,5,6,11",,,,,,,,,,
MATH 136,001 to 009,Monday,"April 10, 2017",9:00 AM,11:30 AM,"PAC 1,2,3,4,5,6,7,8,11,12, DC 1351",,,,,,,,,,
MATH 136,081 Online,See https://uwaterloo.ca/quest/help/students/how-do-i/online-exam-schedule,,,,,,,,,,,,,,
MATH 137,001 to 003,Friday,"April 7, 2017",7:30 PM,10:00 PM,"PAC 7,8",,,,,,,,,,
MATH 138,"001 to 004,
006 to 009",Friday,"April 7, 2017",9:00 AM,11:30 AM,"PAC 1,2,3,4,5,6,7,8,11,12
MC 4020,4021,4045,4059,4061",,,,,,,,,,
MATH 138,005,Friday,"April 7, 2017",9:00 AM,11:30 AM,"MC 2017,2054",,,,,,,,,,
MATH 146,"001,002",Monday,"April 10, 2017",12:30 PM,3:00 PM,DC 1351,,,,,,,,,,
MATH 148,"001,002",Friday,"April 7, 2017",12:30 PM,3:00 PM,M3 1006,,,,,,,,,,
MATH 207,001,Tuesday,"April 11, 2017",12:30 PM,3:00 PM,MC 2038,,,,,,,,,,
MATH 215,"001,002",Monday,"April 17, 2017",12:30 PM,3:00 PM,STC 1012,,,,,,,,,,
MATH 217,001,Monday,"April 17, 2017",12:30 PM,3:00 PM,PAC 8,,,,,,,,,,
MATH 225,081 Online,See https://uwaterloo.ca/quest/help/students/how-do-i/online-exam-schedule,,,,,,,,,,,,,,
MATH 228,001,Monday,"April 24, 2017",7:30 PM,10:00 PM,MC 4042,,,,,,,,,,
MATH 235,"001,002",Wednesday,"April 19, 2017",12:30 PM,3:00 PM,"PAC 4,5,6",,,,,,,,,,
MATH 237,"001,002",Friday,"April 7, 2017",9:00 AM,11:30 AM,"STC 0010,0020,0040",,,,,,,,,,
MATH 239,001 to 003,Tuesday,"April 11, 2017",9:00 AM,11:30 AM,"PAC 1,2,3,4",,,,,,,,,,
MATH 247,001,Monday,"April 24, 2017",9:00 AM,11:30 AM,TBA,,,,,,,,,,
MATH 249,001,Tuesday,"April 11, 2017",9:00 AM,11:30 AM,MC 4045,,,,,,,,,,
ME 101,001,Friday,"April 21, 2017",9:00 AM,11:30 AM,DC 1350,,,,,,,,,,
ME 115,001,Monday,"April 17, 2017",9:00 AM,11:30 AM,DC 1351,,,,,,,,,,
ME 201,001,Tuesday,"April 18, 2017",9:00 AM,11:30 AM,TBA,,,,,,,,,,
ME 202,001,Thursday,"April 13, 2017",9:00 AM,11:30 AM,TBA,,,,,,,,,,
ME 219,001,Thursday,"April 20, 2017",9:00 AM,11:30 AM,TBA,,,,,,,,,,
ME 230,001,Friday,"April 7, 2017",9:00 AM,11:30 AM,TBA,,,,,,,,,,
ME 269,001,Tuesday,"April 11, 2017",9:00 AM,11:30 AM,TBA,,,,,,,,,,
ME 303,001,Tuesday,"April 11, 2017",4:00 PM,6:30 PM,TBA,,,,,,,,,,
ME 321,001,Friday,"April 7, 2017",4:00 PM,6:30 PM,TBA,,,,,,,,,,
ME 321,002,Monday,"April 17, 2017",9:00 AM,11:30 AM,TBA,,,,,,,,,,
ME 322,001,Friday,"April 21, 2017",9:00 AM,11:30 AM,TBA,,,,,,,,,,
ME 340,001,Tuesday,"April 18, 2017",4:00 PM,6:30 PM,TBA,,,,,,,,,,
ME 351,001,Thursday,"April 13, 2017",4:00 PM,6:30 PM,TBA,,,,,,,,,,
ME 351,002,Monday,"April 17, 2017",12:30 PM,3:00 PM,TBA,,,,,,,,,,
ME 353,001,Monday,"April 10, 2017",9:00 AM,11:30 AM,TBA,,,,,,,,,,
ME 354,001,Thursday,"April 20, 2017",4:00 PM,6:30 PM,TBA,,,,,,,,,,
ME 360,001,Wednesday,"April 12, 2017",9:00 AM,11:30 AM,TBA,,,,,,,,,,
ME 362,001,Wednesday,"April 19, 2017",9:00 AM,11:30 AM,TBA,,,,,,,,,,
ME 452,001,Wednesday,"April 12, 2017",7:30 PM,10:00 PM,TBA,,,,,,,,,,
ME 524,001,Monday,"April 10, 2017",7:30 PM,10:00 PM,TBA,,,,,,,,,,
ME 526,001,Monday,"April 17, 2017",9:00 AM,11:30 AM,TBA,,,,,,,,,,
ME 535,001,Thursday,"April 13, 2017",12:30 PM,3:00 PM,TBA,,,,,,,,,,
ME 538,001,Saturday,"April 8, 2017",7:30 PM,10:00 PM,TBA,,,,,,,,,,
ME 555,001,Tuesday,"April 18, 2017",12:30 PM,3:00 PM,TBA,,,,,,,,,,
ME 557,001,Wednesday,"April 19, 2017",9:00 AM,11:30 AM,TBA,,,,,,,,,,
ME 563,001,Friday,"April 21, 2017",12:30 PM,3:00 PM,TBA,,,,,,,,,,
ME 564,001,Monday,"April 24, 2017",9:00 AM,11:30 AM,TBA,,,,,,,,,,
ME 567,001,Monday,"April 10, 2017",9:00 AM,11:30 AM,TBA,,,,,,,,,,
ME 595,001,Friday,"April 7, 2017",12:30 PM,3:00 PM,TBA,,,,,,,,,,
ME 596,001,Wednesday,"April 19, 2017",4:00 PM,6:30 PM,TBA,,,,,,,,,,
ME 597,002,Monday,"April 10, 2017",9:00 AM,11:30 AM,TBA,,,,,,,,,,
ME 598,001,Friday,"April 7, 2017",9:00 AM,11:30 AM,TBA,,,,,,,,,,
ME 599,001,Saturday,"April 22, 2017",4:00 PM,6:30 PM,TBA,,,,,,,,,,
ME 599,002,Wednesday,"April 12, 2017",12:30 PM,3:00 PM,TBA,,,,,,,,,,
ME 760,001,Saturday,"April 22, 2017",4:00 PM,6:30 PM,TBA,,,,,,,,,,
MEDVL 105,001,Tuesday,"April 25, 2017",9:00 AM,11:00 AM,MC 4021,,,,,,,,,,
MEDVL 205,001,Thursday,"April 13, 2017",4:00 PM,6:00 PM,MC 1085,,,,,,,,,,
MEDVL 304,001,Friday,"April 7, 2017",9:00 AM,11:30 AM,TBA,,,,,,,,,,
MNS 102,001,Tuesday,"April 11, 2017",12:30 PM,3:00 PM,TBA,,,,,,,,,,
MNS 221,001,Monday,"April 10, 2017",9:00 AM,11:30 AM,MC 4045,,,,,,,,,,
MNS 322,001,Wednesday,"April 19, 2017",9:00 AM,11:30 AM,TBA,,,,,,,,,,
MNS 410,001,Thursday,"April 13, 2017",12:30 PM,3:00 PM,MC 4064,,,,,,,,,,
MNS 431,001,Saturday,"April 8, 2017",12:30 PM,3:00 PM,MC 4060,,,,,,,,,,
MSCI 121,001,Friday,"April 21, 2017",9:00 AM,11:30 AM,STC 0050,,,,,,,,,,
MSCI 131,001,Friday,"April 7, 2017",9:00 AM,11:30 AM,"MC 2034,2035",,,,,,,,,,
MSCI 211,081 Online,See https://uwaterloo.ca/quest/help/students/how-do-i/online-exam-schedule,,,,,,,,,,,,,,
MSCI 261,"001,002",Wednesday,"April 19, 2017",12:30 PM,3:00 PM,"PAC 1,2",,,,,,,,,,
MSCI 311,"001,002",Saturday,"April 22, 2017",9:00 AM,11:30 AM,"PAC 7,8",,,,,,,,,,
MSCI 331,001,Tuesday,"April 18, 2017",7:30 PM,10:00 PM,DC 1351,,,,,,,,,,
MSCI 334,001,Wednesday,"April 12, 2017",9:00 AM,11:30 AM,PAC 7,,,,,,,,,,
MSCI 423,001,Thursday,"April 13, 2017",7:30 PM,10:00 PM,MC 4041,,,,,,,,,,
MSCI 431,"001,002",Monday,"April 10, 2017",9:00 AM,11:30 AM,MC 1085,,,,,,,,,,
MSCI 432,001,Tuesday,"April 11, 2017",12:30 PM,3:00 PM,MC 1085,,,,,,,,,,
MSCI 433,001,Wednesday,"April 12, 2017",7:30 PM,10:00 PM,MC 4041,,,,,,,,,,
MSCI 541,001,Friday,"April 7, 2017",9:00 AM,11:30 AM,TBA,,,,,,,,,,
MSCI 555,001,Thursday,"April 20, 2017",12:30 PM,3:00 PM,TBA,,,,,,,,,,
MSCI 720,001,Friday,"April 7, 2017",9:00 AM,11:30 AM,TBA,,,,,,,,,,
MTE 111,001,Wednesday,"April 12, 2017",12:30 PM,3:00 PM,"PAC 11,12",,,,,,,,,,
MTE 119,001,Monday,"April 17, 2017",4:00 PM,6:30 PM,"MC 4059,4061",,,,,,,,,,
MTE 120,001,Friday,"April 7, 2017",12:30 PM,3:00 PM,DC 1351,,,,,,,,,,
MTE 140,001,Friday,"April 21, 2017",12:30 PM,3:00 PM,"PAC 7,8",,,,,,,,,,
MTE 201,001,Tuesday,"April 18, 2017",12:30 PM,3:00 PM,TBA,,,,,,,,,,
MTE 202,001,Thursday,"April 20, 2017",12:30 PM,3:00 PM,TBA,,,,,,,,,,
MTE 219,001,Friday,"April 7, 2017",12:30 PM,3:00 PM,TBA,,,,,,,,,,
MTE 262,001,Tuesday,"April 11, 2017",12:30 PM,3:00 PM,TBA,,,,,,,,,,
MTE 309,001,Friday,"April 7, 2017",9:00 AM,11:30 AM,TBA,,,,,,,,,,
MTE 320,001,Saturday,"April 8, 2017",7:30 PM,10:00 PM,TBA,,,,,,,,,,
MTE 322,001,Wednesday,"April 12, 2017",12:30 PM,3:00 PM,TBA,,,,,,,,,,
MTE 325,001,Wednesday,"April 12, 2017",4:00 PM,6:30 PM,"PAC 3,8",,,,,,,,,,
MTE 360,001,Monday,"April 10, 2017",4:00 PM,6:30 PM,TBA,,,,,,,,,,
MTHEL 131,001,Wednesday,"April 19, 2017",4:00 PM,6:00 PM,M3 1006,,,,,,,,,,
MUSIC 100,001,Friday,"April 21, 2017",12:30 PM,3:00 PM,TBA,,,,,,,,,,
MUSIC 246,001,Friday,"April 21, 2017",7:30 PM,10:00 PM,TBA,,,,,,,,,,
MUSIC 270,001,Monday,"April 24, 2017",7:30 PM,10:00 PM,TBA,,,,,,,,,,
MUSIC 361,001,Friday,"April 7, 2017",9:00 AM,11:30 AM,TBA,,,,,,,,,,
NE 113,001,Monday,"April 17, 2017",12:30 PM,3:00 PM,DC 1351,,,,,,,,,,
NE 122,001,Monday,"April 10, 2017",9:00 AM,11:30 AM,"MC 4020,4021",,,,,,,,,,
NE 125,001,Thursday,"April 13, 2017",9:00 AM,11:30 AM,"PAC 11,12",,,,,,,,,,
NE 131,001,Friday,"April 21, 2017",9:00 AM,11:30 AM,DC 1351,,,,,,,,,,
NE 469,001,Friday,"April 7, 2017",7:30 PM,10:00 PM,MC 4041,,,,,,,,,,
NE 469,002,Tuesday,"April 11, 2017",9:00 AM,11:30 AM,MC 4041,,,,,,,,,,
NE 479,001,Monday,"April 10, 2017",12:30 PM,3:00 PM,MC 4020,,,,,,,,,,
NE 479,002,Monday,"April 17, 2017",7:30 PM,10:00 PM,MC 4041,,,,,,,,,,
NE 489,001,Friday,"April 21, 2017",12:30 PM,2:30 PM,MC 4045,,,,,,,,,,
NE 499,001,Wednesday,"April 12, 2017",4:00 PM,6:30 PM,MC 4021,,,,,,,,,,
NE 499,002,Monday,"April 24, 2017",9:00 AM,11:30 AM,MC 4042,,,,,,,,,,
OPTOM 103,001,Wednesday,"April 19, 2017",9:00 AM,10:30 AM,REV 200,,,,,,,,,,
OPTOM 114,001,Monday,"April 17, 2017",9:00 AM,11:30 AM,REV 200,,,,,,,,,,
OPTOM 134,001,Friday,"April 21, 2017",9:00 AM,10:30 AM,REV 200,,,,,,,,,,
OPTOM 143,001,Wednesday,"April 12, 2017",9:00 AM,11:00 AM,REV 200,,,,,,,,,,
OPTOM 152,001,Monday,"April 10, 2017",9:00 AM,11:30 AM,REV 200,,,,,,,,,,
OPTOM 246,001,Wednesday,"April 19, 2017",12:30 PM,2:30 PM,REV 200,,,,,,,,,,
OPTOM 250,001,Friday,"April 7, 2017",4:00 PM,5:30 PM,REV 200,,,,,,,,,,
OPTOM 255,001,Monday,"April 24, 2017",9:00 AM,11:00 AM,REV 200,,,,,,,,,,
OPTOM 261,001,Wednesday,"April 12, 2017",12:30 PM,3:00 PM,REV 200,,,,,,,,,,
OPTOM 262,001,Monday,"April 17, 2017",12:30 PM,1:30 PM,REV 200,,,,,,,,,,
OPTOM 270,001,Monday,"April 10, 2017",12:30 PM,2:30 PM,REV 200,,,,,,,,,,
OPTOM 272,001,Friday,"April 21, 2017",12:30 PM,2:30 PM,REV 200,,,,,,,,,,
OPTOM 339,001,Friday,"April 7, 2017",9:00 AM,11:00 AM,REV 200,,,,,,,,,,
OPTOM 342B,001,Wednesday,"April 12, 2017",4:00 PM,6:30 PM,REV 200,,,,,,,,,,
OPTOM 365,001,Wednesday,"April 19, 2017",4:00 PM,6:30 PM,REV 200,,,,,,,,,,
OPTOM 367,001,Monday,"April 10, 2017",4:00 PM,6:30 PM,REV 200,,,,,,,,,,
OPTOM 377,001,Friday,"April 7, 2017",12:30 PM,3:00 PM,REV 200,,,,,,,,,,
OPTOM 385,001,Monday,"April 17, 2017",4:00 PM,6:30 PM,REV 200,,,,,,,,,,
PACS 201,081 Online,See https://uwaterloo.ca/quest/help/students/how-do-i/online-exam-schedule,,,,,,,,,,,,,,
PACS 202,001,Saturday,"April 22, 2017",9:00 AM,11:30 AM,TBA,,,,,,,,,,
PACS 203,001,Friday,"April 7, 2017",9:00 AM,11:30 AM,TBA,,,,,,,,,,
PHIL 100J,002,Wednesday,"April 12, 2017",12:30 PM,3:00 PM,TBA,,,,,,,,,,
PHIL 110B,001,Friday,"April 21, 2017",7:30 PM,10:00 PM,TBA,,,,,,,,,,
PHIL 110B,081 Online,See https://uwaterloo.ca/quest/help/students/how-do-i/online-exam-schedule,,,,,,,,,,,,,,
PHIL 145,002,Monday,"April 24, 2017",12:30 PM,3:00 PM,TBA,,,,,,,,,,
PHIL 145,081 Online,See https://uwaterloo.ca/quest/help/students/how-do-i/online-exam-schedule,,,,,,,,,,,,,,
PHIL 201,081 Online,See https://uwaterloo.ca/quest/help/students/how-do-i/online-exam-schedule,,,,,,,,,,,,,,
PHIL 207J,001,Thursday,"April 20, 2017",9:00 AM,11:30 AM,TBA,,,,,,,,,,
PHIL 215,001,Wednesday,"April 12, 2017",9:00 AM,11:30 AM,PAC 1,,,,,,,,,,
PHIL 215,002,Wednesday,"April 12, 2017",9:00 AM,11:30 AM,"PAC 2,3",,,,,,,,,,
PHIL 215,003,Wednesday,"April 12, 2017",9:00 AM,11:30 AM,PAC 4,,,,,,,,,,
PHIL 215,004,Wednesday,"April 12, 2017",9:00 AM,11:30 AM,PAC 5,,,,,,,,,,
PHIL 220,081 Online,See https://uwaterloo.ca/quest/help/students/how-do-i/online-exam-schedule,,,,,,,,,,,,,,
PHIL 221,081 Online,See https://uwaterloo.ca/quest/help/students/how-do-i/online-exam-schedule,,,,,,,,,,,,,,
PHIL 240,001,Saturday,"April 22, 2017",9:00 AM,11:30 AM,TBA,,,,,,,,,,
PHIL 256,081 Online,See https://uwaterloo.ca/quest/help/students/how-do-i/online-exam-schedule,,,,,,,,,,,,,,
PHIL 284,001,Friday,"April 7, 2017",9:00 AM,11:30 AM,TBA,,,,,,,,,,
PHIL 380,081 Online,See https://uwaterloo.ca/quest/help/students/how-do-i/online-exam-schedule,,,,,,,,,,,,,,
PHYS 111,"001,002",Monday,"April 24, 2017",4:00 PM,6:30 PM,"PAC 1,2,3,4,5",,,,,,,,,,
PHYS 111,081 Online,See https://uwaterloo.ca/quest/help/students/how-do-i/online-exam-schedule,,,,,,,,,,,,,,
PHYS 112,"001,002",Saturday,"April 22, 2017",9:00 AM,11:30 AM,"PAC 1,2,3,4,5,6",,,,,,,,,,
PHYS 112L,001 to 014,Monday,"April 17, 2017",7:30 PM,8:30 PM,"PAC 1,2,3,4,5",,,,,,,,,,
PHYS 121,081 Online,See https://uwaterloo.ca/quest/help/students/how-do-i/online-exam-schedule,,,,,,,,,,,,,,
PHYS 122,"001,002",Monday,"April 24, 2017",9:00 AM,11:30 AM,"PAC 1,2,3",,,,,,,,,,
PHYS 122L,001 to 005,Monday,"April 17, 2017",7:30 PM,8:30 PM,PAC 7,,,,,,,,,,
PHYS 124,001,Wednesday,"April 12, 2017",12:30 PM,3:00 PM,STC 1012,,,,,,,,,,
PHYS 125,001,Monday,"April 17, 2017",9:00 AM,11:30 AM,"MC 2034,2035",,,,,,,,,,
PHYS 132L,001 to 007,Monday,"April 17, 2017",7:30 PM,8:30 PM,"PAC 11,12",,,,,,,,,,
PHYS 175,001,Friday,"April 21, 2017",9:00 AM,11:30 AM,"PAC 5,6",,,,,,,,,,
PHYS 233,001,Tuesday,"April 18, 2017",7:30 PM,10:00 PM,TBA,,,,,,,,,,
PHYS 239,001,Exam removed from the schedule. Contact instructor for further information,,,,,,,,,,,,,,
PHYS 242,001,Saturday,"April 22, 2017",12:30 PM,3:00 PM,PAC 5,,,,,,,,,,
PHYS 263,001,Monday,"April 10, 2017",12:30 PM,3:00 PM,STC 0060,,,,,,,,,,
PHYS 270,001,Saturday,"April 8, 2017",7:30 PM,10:00 PM,TBA,,,,,,,,,,
PHYS 280,001,Monday,"April 24, 2017",4:00 PM,6:30 PM,"PAC 11,12",,,,,,,,,,
PHYS 334,001,Tuesday,"April 11, 2017",9:00 AM,11:30 AM,STC 0010,,,,,,,,,,
PHYS 335,001,Tuesday,"April 18, 2017",12:30 PM,3:00 PM,MC 4061,,,,,,,,,,
PHYS 359,001,Tuesday,"April 25, 2017",4:00 PM,6:30 PM,M3 1006,,,,,,,,,,
PHYS 365,001,Saturday,"April 8, 2017",12:30 PM,3:00 PM,TBA,,,,,,,,,,
PHYS 383,001,Monday,"April 10, 2017",7:30 PM,10:00 PM,TBA,,,,,,,,,,
PHYS 392,001,Saturday,"April 22, 2017",4:00 PM,6:30 PM,PAC 12,,,,,,,,,,
PHYS 394,001,Wednesday,"April 19, 2017",12:30 PM,3:00 PM,TBA,,,,,,,,,,
PHYS 396,001,Exam removed from the schedule. Contact instructor for further information,,,,,,,,,,,,,,
PHYS 435,001,Thursday,"April 13, 2017",12:30 PM,3:00 PM,TBA,,,,,,,,,,
PHYS 444,001,Friday,"April 21, 2017",9:00 AM,11:30 AM,TBA,,,,,,,,,,
PHYS 467,001,Monday,"April 17, 2017",9:00 AM,11:30 AM,STC 0010,,,,,,,,,,
PHYS 468,001,Friday,"April 7, 2017",9:00 AM,11:30 AM,TBA,,,,,,,,,,
PHYS 476,001,Monday,"April 10, 2017",9:00 AM,11:30 AM,"MC 2017,2054",,,,,,,,,,
PHYS 483,001,Friday,"April 7, 2017",12:30 PM,3:00 PM,TBA,,,,,,,,,,
PHYS 768,002,Friday,"April 7, 2017",9:00 AM,11:30 AM,TBA,,,,,,,,,,
PLAN 203,001,Friday,"April 7, 2017",12:30 PM,3:00 PM,PAC 7,,,,,,,,,,
PLAN 233,001,Wednesday,"April 12, 2017",9:00 AM,11:30 AM,DC 1351,,,,,,,,,,
PLAN 281,001,Tuesday,"April 18, 2017",12:30 PM,3:00 PM,"PAC 7,8",,,,,,,,,,
PLAN 341,001,Tuesday,"April 11, 2017",4:00 PM,6:30 PM,"PAC 4,5",,,,,,,,,,
PLAN 353,001,Monday,"April 10, 2017",12:30 PM,3:00 PM,STC 0050,,,,,,,,,,
PLAN 471,001,Wednesday,"April 12, 2017",7:30 PM,10:00 PM,"PAC 11,12",,,,,,,,,,
PLAN 478,001,Thursday,"April 20, 2017",9:00 AM,11:30 AM,TBA,,,,,,,,,,
PLAN 484,001,Friday,"April 7, 2017",4:00 PM,6:30 PM,TBA,,,,,,,,,,
PLAN 630,001,Wednesday,"April 12, 2017",7:30 PM,10:00 PM,"PAC 11,12",,,,,,,,,,
PLAN 684,001,Friday,"April 7, 2017",4:00 PM,6:30 PM,TBA,,,,,,,,,,
PMATH 331,001,Wednesday,"April 19, 2017",9:00 AM,11:30 AM,TBA,,,,,,,,,,
PMATH 332,001,Friday,"April 7, 2017",12:30 PM,3:00 PM,PAC 12,,,,,,,,,,
PMATH 333,001,Monday,"April 24, 2017",4:00 PM,6:30 PM,PAC 7,,,,,,,,,,
PMATH 334,001,Wednesday,"April 12, 2017",4:00 PM,6:30 PM,TBA,,,,,,,,,,
PMATH 340,001,Saturday,"April 22, 2017",7:30 PM,10:00 PM,PAC 4,,,,,,,,,,
PMATH 348,001,Saturday,"April 22, 2017",4:00 PM,6:30 PM,PAC 11,,,,,,,,,,
PMATH 352,001,Friday,"April 7, 2017",12:30 PM,3:00 PM,MC 4060,,,,,,,,,,
PMATH 365,001,Thursday,"April 13, 2017",7:30 PM,10:00 PM,MC 2054,,,,,,,,,,
PMATH 441,001,Friday,"April 7, 2017",7:30 PM,10:00 PM,MC 4064,,,,,,,,,,
PMATH 446,001,Wednesday,"April 19, 2017",9:00 AM,11:30 AM,MC 4042,,,,,,,,,,
PMATH 450,001,Tuesday,"April 11, 2017",12:30 PM,3:00 PM,MC 4041,,,,,,,,,,
PMATH 451,001,Monday,"April 17, 2017",9:00 AM,11:30 AM,MC 4064,,,,,,,,,,
PMATH 467,001,Wednesday,"April 12, 2017",7:30 PM,10:00 PM,MC 4042,,,,,,,,,,
PMATH 641,001,Friday,"April 7, 2017",7:30 PM,10:00 PM,MC 4064,,,,,,,,,,
PMATH 646,001,Wednesday,"April 19, 2017",9:00 AM,11:30 AM,MC 4042,,,,,,,,,,
PMATH 651,001,Monday,"April 17, 2017",9:00 AM,11:30 AM,MC 4064,,,,,,,,,,
PMATH 667,001,Wednesday,"April 12, 2017",7:30 PM,10:00 PM,MC 4042,,,,,,,,,,
PSCI 150,"001,002",Tuesday,"April 18, 2017",4:00 PM,6:30 PM,"PAC 1,2,3",,,,,,,,,,
PSCI 226,001,Thursday,"April 13, 2017",12:30 PM,2:30 PM,MC 1085,,,,,,,,,,
PSCI 250,001,Saturday,"April 22, 2017",12:30 PM,3:00 PM,PAC 8,,,,,,,,,,
PSCI 257,001,Monday,"April 17, 2017",7:30 PM,10:00 PM,TBA,,,,,,,,,,
PSCI 260,001,Friday,"April 7, 2017",7:30 PM,10:00 PM,MC 4021,,,,,,,,,,
PSCI 281,001,Thursday,"April 20, 2017",7:30 PM,10:00 PM,PAC 7,,,,,,,,,,
PSCI 355,001,Tuesday,"April 11, 2017",4:00 PM,6:30 PM,PAC 3,,,,,,,,,,
PSCI 369,001,Exam removed from the schedule. Contact instructor for further information,,,,,,,,,,,,,,
PSCI 373,001,Monday,"April 10, 2017",12:30 PM,2:30 PM,MC 4021,,,,,,,,,,
PSYCH 101,001,Tuesday,"April 11, 2017",12:30 PM,2:30 PM,"PAC 4,5,6,7",,,,,,,,,,
PSYCH 101,002,Tuesday,"April 11, 2017",12:30 PM,2:30 PM,"PAC 1,2,3",,,,,,,,,,
PSYCH 101,081 Online,See https://uwaterloo.ca/quest/help/students/how-do-i/online-exam-schedule,,,,,,,,,,,,,,
PSYCH 211,081 Online,See https://uwaterloo.ca/quest/help/students/how-do-i/online-exam-schedule,,,,,,,,,,,,,,
PSYCH 253,001,Wednesday,"April 12, 2017",7:30 PM,9:30 PM,M3 1006,,,,,,,,,,
PSYCH 256,081 Online,See https://uwaterloo.ca/quest/help/students/how-do-i/online-exam-schedule,,,,,,,,,,,,,,
PSYCH 257R,001,Monday,"April 17, 2017",7:30 PM,10:00 PM,TBA,,,,,,,,,,
PSYCH 261,001,Tuesday,"April 11, 2017",12:30 PM,3:00 PM,"DC 1350,1351",,,,,,,,,,
PSYCH 261,081 Online,See https://uwaterloo.ca/quest/help/students/how-do-i/online-exam-schedule,,,,,,,,,,,,,,
PSYCH 292,001,Tuesday,"April 18, 2017",12:30 PM,3:00 PM,STC 1012,,,,,,,,,,
PSYCH 317,001,Monday,"April 10, 2017",7:30 PM,10:00 PM,M3 1006,,,,,,,,,,
PSYCH 334R,001,Thursday,"April 13, 2017",4:00 PM,6:30 PM,TBA,,,,,,,,,,
PSYCH 340,001,Friday,"April 21, 2017",4:00 PM,5:30 PM,"PAC 11,12",,,,,,,,,,
PSYCH 353,001,Wednesday,"April 12, 2017",9:00 AM,11:00 AM,"MC 4059,4061",,,,,,,,,,
PSYCH 380,001,Wednesday,"April 12, 2017",9:00 AM,11:30 AM,MC 4042,,,,,,,,,,
PSYCH 391,001,Friday,"April 21, 2017",4:00 PM,6:30 PM,PAC 3,,,,,,,,,,
PSYCH 398,001,Wednesday,"April 12, 2017",7:30 PM,10:00 PM,TBA,,,,,,,,,,
PSYCH 492,001,Saturday,"April 22, 2017",12:30 PM,2:30 PM,PAC 11,,,,,,,,,,
QIC 750,001,Friday,"April 7, 2017",9:00 AM,11:30 AM,TBA,,,,,,,,,,
REC 100,081 Online,See https://uwaterloo.ca/quest/help/students/how-do-i/online-exam-schedule,,,,,,,,,,,,,,
REC 100,082 Online,See https://uwaterloo.ca/quest/help/students/how-do-i/online-exam-schedule,,,,,,,,,,,,,,
REC 251,081 Online,See https://uwaterloo.ca/quest/help/students/how-do-i/online-exam-schedule,,,,,,,,,,,,,,
REC 362,001,Tuesday,"April 18, 2017",4:00 PM,5:30 PM,STC 1012,,,,,,,,,,
REES 274,001,Wednesday,"April 12, 2017",4:00 PM,6:30 PM,TBA,,,,,,,,,,
REES 360,001,Friday,"April 7, 2017",12:30 PM,3:00 PM,TBA,,,,,,,,,,
RS 100,001,Monday,"April 24, 2017",9:00 AM,11:00 AM,TBA,,,,,,,,,,
RS 100,081 Online,See https://uwaterloo.ca/quest/help/students/how-do-i/online-exam-schedule,,,,,,,,,,,,,,
RS 110,081 Online,See https://uwaterloo.ca/quest/help/students/how-do-i/online-exam-schedule,,,,,,,,,,,,,,
RS 123,001,Thursday,"April 20, 2017",9:00 AM,11:30 AM,TBA,,,,,,,,,,
RS 152,001,Thursday,"April 13, 2017",7:30 PM,10:00 PM,TBA,,,,,,,,,,
RS 230,081 Online,See https://uwaterloo.ca/quest/help/students/how-do-i/online-exam-schedule,,,,,,,,,,,,,,
RS 235,081 Online,See https://uwaterloo.ca/quest/help/students/how-do-i/online-exam-schedule,,,,,,,,,,,,,,
RS 342,001,Friday,"April 7, 2017",9:00 AM,11:30 AM,TBA,,,,,,,,,,
RS 344,001,Monday,"April 10, 2017",9:00 AM,11:30 AM,TBA,,,,,,,,,,
RUSS 101,001,Friday,"April 7, 2017",12:30 PM,3:00 PM,TBA,,,,,,,,,,
RUSS 102,001,Friday,"April 7, 2017",4:00 PM,6:00 PM,TBA,,,,,,,,,,
SCI 201,001,Monday,"April 17, 2017",7:30 PM,10:00 PM,M3 1006,,,,,,,,,,
SCI 207,001,Exam removed from the schedule. Contact instructor for further information,,,,,,,,,,,,,,
SCI 238,001,Saturday,"April 22, 2017",7:30 PM,10:00 PM,"PAC 1,2,3",,,,,,,,,,
SCI 250,001,Thursday,"April 20, 2017",7:30 PM,10:00 PM,PAC 6,,,,,,,,,,
SDS 150R,001,Monday,"April 10, 2017",9:00 AM,11:00 AM,TBA,,,,,,,,,,
SDS 150R,"002,003",Monday,"April 10, 2017",9:00 AM,11:00 AM,TBA,,,,,,,,,,
SDS 150R,081 Online,See https://uwaterloo.ca/quest/help/students/how-do-i/online-exam-schedule,,,,,,,,,,,,,,
SDS 231R,001,Tuesday,"April 18, 2017",12:30 PM,3:00 PM,TBA,,,,,,,,,,
SDS 250R,081 Online,See https://uwaterloo.ca/quest/help/students/how-do-i/online-exam-schedule,,,,,,,,,,,,,,
SDS 322R,001,Tuesday,"April 11, 2017",9:00 AM,11:30 AM,TBA,,,,,,,,,,
SE 350,001,Monday,"April 10, 2017",9:00 AM,11:30 AM,"MC 4059,4061",,,,,,,,,,
SE 465,001,Friday,"April 21, 2017",12:30 PM,3:00 PM,"PAC 1,2,3",,,,,,,,,,
SMF 204,001,Thursday,"April 13, 2017",9:00 AM,11:30 AM,TBA,,,,,,,,,,
SMF 366,001,Friday,"April 7, 2017",9:00 AM,11:00 AM,TBA,,,,,,,,,,
SOC 101,001,Wednesday,"April 12, 2017",4:00 PM,6:30 PM,TBA,,,,,,,,,,
SOC 101,002,Saturday,"April 22, 2017",7:30 PM,10:00 PM,TBA,,,,,,,,,,
SOC 200,001,Wednesday,"April 12, 2017",7:30 PM,10:00 PM,TBA,,,,,,,,,,
SOC 202,001,Thursday,"April 13, 2017",7:30 PM,10:00 PM,TBA,,,,,,,,,,
SOC 205,001,Tuesday,"April 11, 2017",9:00 AM,11:30 AM,TBA,,,,,,,,,,
SOC 222,001,Wednesday,"April 19, 2017",9:00 AM,11:30 AM,TBA,,,,,,,,,,
SOC 224R,081 Online,See https://uwaterloo.ca/quest/help/students/how-do-i/online-exam-schedule,,,,,,,,,,,,,,
SOC 227,001,Monday,"April 24, 2017",9:00 AM,11:00 AM,MC 1085,,,,,,,,,,
SOC 229,001,Thursday,"April 13, 2017",9:00 AM,11:00 AM,TBA,,,,,,,,,,
SOC 229,081 Online,See https://uwaterloo.ca/quest/help/students/how-do-i/online-exam-schedule,,,,,,,,,,,,,,
SOC 240,001,Monday,"April 17, 2017",9:00 AM,11:00 AM,TBA,,,,,,,,,,
SOC 256,001,Wednesday,"April 19, 2017",12:30 PM,2:30 PM,TBA,,,,,,,,,,
SOC 263,001,Monday,"April 10, 2017",12:30 PM,2:30 PM,STC 1012,,,,,,,,,,
SOC 327,081 Online,See https://uwaterloo.ca/quest/help/students/how-do-i/online-exam-schedule,,,,,,,,,,,,,,
SOC 352,001,Tuesday,"April 18, 2017",4:00 PM,5:30 PM,STC 1012,,,,,,,,,,
SOC 370,001,Saturday,"April 22, 2017",12:30 PM,3:00 PM,TBA,,,,,,,,,,
SOCWK 120R,001,Friday,"April 21, 2017",9:00 AM,11:00 AM,TBA,,,,,,,,,,
SOCWK 221R,001,Tuesday,"April 18, 2017",7:30 PM,10:00 PM,TBA,,,,,,,,,,
SOCWK 222R,001,Saturday,"April 8, 2017",7:30 PM,10:00 PM,TBA,,,,,,,,,,
SOCWK 300R,001,Friday,"April 7, 2017",7:30 PM,10:00 PM,TBA,,,,,,,,,,
SOCWK 320R,081 Online,See https://uwaterloo.ca/quest/help/students/how-do-i/online-exam-schedule,,,,,,,,,,,,,,
SPAN 101,001 to 005,Thursday,"April 20, 2017",12:30 PM,2:30 PM,STC 1012,,,,,,,,,,
SPAN 102,"001,002",Wednesday,"April 19, 2017",4:00 PM,6:00 PM,MC 2054,,,,,,,,,,
SPAN 102,081 Online,See https://uwaterloo.ca/quest/help/students/how-do-i/online-exam-schedule,,,,,,,,,,,,,,
SPAN 201B,001,Thursday,"April 13, 2017",12:30 PM,2:30 PM,MC 4042,,,,,,,,,,
STAT 202,"001,002",Tuesday,"April 25, 2017",4:00 PM,6:30 PM,"DC 1350,1351",,,,,,,,,,
STAT 211,001 to 003,Friday,"April 21, 2017",9:00 AM,11:30 AM,"PAC 1,2,3,4",,,,,,,,,,
STAT 220,001,Tuesday,"April 18, 2017",4:00 PM,6:30 PM,"PAC 4,5,6,7",,,,,,,,,,
STAT 221,001,Thursday,"April 20, 2017",7:30 PM,10:00 PM,PAC 8,,,,,,,,,,
STAT 230,001 to 003,Tuesday,"April 18, 2017",4:00 PM,6:30 PM,"PAC 4,5,6,7",,,,,,,,,,
STAT 230,081 Online,See https://uwaterloo.ca/quest/help/students/how-do-i/online-exam-schedule,,,,,,,,,,,,,,
STAT 231,001 to 004,Tuesday,"April 18, 2017",12:30 PM,3:00 PM,"PAC 1,2,3,4,5,6",,,,,,,,,,
STAT 231,081 Online,See https://uwaterloo.ca/quest/help/students/how-do-i/online-exam-schedule,,,,,,,,,,,,,,
STAT 241,001,Tuesday,"April 18, 2017",12:30 PM,3:00 PM,MC 4045,,,,,,,,,,
STAT 316,001,Monday,"April 24, 2017",9:00 AM,11:30 AM,DC 1351,,,,,,,,,,
STAT 321,001,Monday,"April 24, 2017",12:30 PM,3:00 PM,PAC 11,,,,,,,,,,
STAT 330,"001,002",Friday,"April 21, 2017",9:00 AM,11:30 AM,"PAC 7,8",,,,,,,,,,
STAT 331,001,Thursday,"April 20, 2017",9:00 AM,11:30 AM,STC 1012,,,,,,,,,,
STAT 332,001,Monday,"April 24, 2017",9:00 AM,11:30 AM,M3 1006,,,,,,,,,,
STAT 333,"001,002",Monday,"April 10, 2017",9:00 AM,11:30 AM,M3 1006,,,,,,,,,,
STAT 371,001,Tuesday,"April 18, 2017",12:30 PM,3:00 PM,MC 1085,,,,,,,,,,
STAT 431,001,Tuesday,"April 18, 2017",4:00 PM,6:30 PM,M3 1006,,,,,,,,,,
STAT 435,001,Tuesday,"April 18, 2017",9:00 AM,11:30 AM,MC 4041,,,,,,,,,,
STAT 436,001,Tuesday,"April 11, 2017",12:30 PM,3:00 PM,MC 4042,,,,,,,,,,
STAT 437,001,Monday,"April 17, 2017",9:00 AM,11:30 AM,MC 1056,,,,,,,,,,
STAT 443,001,Saturday,"April 22, 2017",4:00 PM,6:30 PM,"PAC 7,8",,,,,,,,,,
STAT 444,001,Monday,"April 10, 2017",4:00 PM,6:30 PM,PAC 12,,,,,,,,,,
STAT 450,001,Wednesday,"April 12, 2017",4:00 PM,6:30 PM,M3 1006,,,,,,,,,,
STAT 835,001,Tuesday,"April 18, 2017",9:00 AM,11:30 AM,MC 4041,,,,,,,,,,
STAT 837,001,Monday,"April 17, 2017",9:00 AM,11:30 AM,MC 1056,,,,,,,,,,
STAT 844,001,Monday,"April 10, 2017",4:00 PM,6:30 PM,PAC 12,,,,,,,,,,
SWREN 120R,001,Friday,"April 21, 2017",9:00 AM,11:00 AM,TBA,,,,,,,,,,
SWREN 222R,001,Saturday,"April 8, 2017",7:30 PM,10:00 PM,TBA,,,,,,,,,,
SWREN 300R,001,Friday,"April 7, 2017",7:30 PM,10:00 PM,TBA,,,,,,,,,,
SYDE 112,001,Tuesday,"April 18, 2017",9:00 AM,11:30 AM,TBA,,,,,,,,,,
SYDE 114,001,Friday,"April 7, 2017",9:00 AM,11:30 AM,TBA,,,,,,,,,,
SYDE 182,001,Thursday,"April 13, 2017",12:30 PM,3:00 PM,TBA,,,,,,,,,,
SYDE 211,001,Tuesday,"April 11, 2017",12:30 PM,3:00 PM,TBA,,,,,,,,,,
SYDE 223,001,Monday,"April 10, 2017",4:00 PM,6:30 PM,TBA,,,,,,,,,,
SYDE 261,001,Wednesday,"April 19, 2017",12:30 PM,3:00 PM,TBA,,,,,,,,,,
SYDE 283,001,Monday,"April 17, 2017",12:30 PM,3:00 PM,TBA,,,,,,,,,,
SYDE 285,001,Friday,"April 7, 2017",4:00 PM,6:30 PM,TBA,,,,,,,,,,
SYDE 312,001,Friday,"April 7, 2017",12:30 PM,3:00 PM,TBA,,,,,,,,,,
SYDE 322,001,Wednesday,"April 19, 2017",9:00 AM,11:30 AM,TBA,,,,,,,,,,
SYDE 332,001,Tuesday,"April 18, 2017",12:30 PM,3:00 PM,TBA,,,,,,,,,,
SYDE 334,001,Thursday,"April 20, 2017",9:00 AM,11:30 AM,STC 1012,,,,,,,,,,
SYDE 348,001,Monday,"April 10, 2017",12:30 PM,3:00 PM,TBA,,,,,,,,,,
SYDE 351,001,Wednesday,"April 19, 2017",4:00 PM,6:30 PM,TBA,,,,,,,,,,
SYDE 352,001,Wednesday,"April 12, 2017",9:00 AM,11:30 AM,TBA,,,,,,,,,,
SYDE 372,001,Monday,"April 17, 2017",9:00 AM,11:30 AM,TBA,,,,,,,,,,
SYDE 384,001,Friday,"April 21, 2017",9:00 AM,11:30 AM,TBA,,,,,,,,,,
WS 325,001,Wednesday,"April 19, 2017",4:00 PM,6:30 PM,TBA,,,,,,,,,,
