Exam,Section(s),Day,Date,Start,Finish,Location,
ACTSC  221,001,Friday,"August 11, 2017",4:00 PM,6:30 PM,MC 1085,
ACTSC  231,001,Thursday,"August 3, 2017",7:30 PM,10:00 PM,"PAC 1,2",
ACTSC  232,001,Thursday,"August 3, 2017",7:30 PM,10:00 PM,PAC 3,
ACTSC  232,081 Online,See https://uwaterloo.ca/quest/help/students/how-do-i/online-exam-schedule,,,,,
ACTSC  331,001,Wednesday,"August 9, 2017",9:00 AM,11:30 AM,MC 4020,
ACTSC  371,001,Friday,"August 4, 2017",7:30 PM,10:00 PM,"PAC 1,2",
ACTSC  372,001,Friday,"August 4, 2017",4:00 PM,6:30 PM,M3 1006,
ACTSC  431,001,Monday,"July 31, 2017",9:00 AM,11:30 AM,M3 1006,
ACTSC  432,001,Friday,"August 4, 2017",9:00 AM,11:30 AM,"PAC 9,10,11",
ACTSC  445,001,Wednesday,"August 2, 2017",12:30 PM,3:00 PM,"PAC 9,10,11",
ACTSC  831,001,Monday,"July 31, 2017",9:00 AM,11:30 AM,M3 1006,
ACTSC  832,001,Friday,"August 4, 2017",9:00 AM,11:30 AM,"PAC 9,10,11",
ACTSC  845,001,Wednesday,"August 2, 2017",12:30 PM,3:00 PM,"PAC 9,10,11",
AFM  101,001,Wednesday,"August 9, 2017",7:30 PM,10:00 PM,"PAC 1,2",
AFM  102,001,Wednesday,"August 9, 2017",7:30 PM,10:00 PM,"PAC 4,5",
AFM  211,001,Wednesday,"August 9, 2017",9:00 AM,11:30 AM,Sched Only,
AFM  231,001 to 006,Monday,"July 31, 2017",4:00 PM,6:30 PM,"PAC 4,5,6,7",
AFM  241,"001,002",Tuesday,"August 8, 2017",9:00 AM,11:30 AM,"PAC 4,5,6,7",
AFM  273,001,Thursday,"August 3, 2017",12:30 PM,3:00 PM,PAC 6,
AFM  274,001 to 006,Wednesday,"August 2, 2017",4:00 PM,6:30 PM,"PAC 4,5,6,7",
AFM  280,001 to 006,Friday,"August 4, 2017",9:00 AM,11:30 AM,"PAC 4,5,6,7",
AFM  291,001,Friday,"July 28, 2017",7:30 PM,10:00 PM,PAC 3,
AFM  322,"001,002",Wednesday,"August 2, 2017",9:00 AM,11:30 AM,STC 0010,
AFM  333,"001,002",Friday,"July 28, 2017",9:00 AM,11:30 AM,"PAC 9,10",
AFM  351,001 to 005,Thursday,"August 10, 2017",9:00 AM,11:30 AM,Sched Only,
AFM  363,001 to 005,Friday,"August 4, 2017",4:00 PM,6:30 PM,"PAC 4,5,6",
AFM  372,001,Wednesday,"August 2, 2017",4:00 PM,6:30 PM,PAC 8,
AFM  391,001,Tuesday,"August 8, 2017",7:30 PM,10:00 PM,PAC 4,
AFM  433,"001,002",Wednesday,"August 2, 2017",12:30 PM,3:00 PM,Sched Only,
AFM  481,001 to 005,Tuesday,"August 1, 2017",4:00 PM,6:30 PM,"PAC 4,5,6",
AFM  491,"001,002",Monday,"July 31, 2017",7:30 PM,10:00 PM,PAC 7,
AMATH  231,001,Friday,"August 4, 2017",12:30 PM,3:00 PM,MC 4059,
AMATH  242,001,Thursday,"August 10, 2017",12:30 PM,3:00 PM,Sched Only,
AMATH  250,001,Monday,"July 31, 2017",12:30 PM,3:00 PM,"PAC 1,2",
AMATH  332,001,Wednesday,"August 2, 2017",4:00 PM,6:30 PM,MC 4045,
AMATH  351,001,Saturday,"July 29, 2017",7:30 PM,10:00 PM,Sched Only,
AMATH  353,001,Friday,"August 4, 2017",9:00 AM,11:30 AM,MC 4041,
ANTH  100,001,Thursday,"August 3, 2017",7:30 PM,9:30 PM,Sched Only,
ANTH  202,001,Friday,"August 11, 2017",9:00 AM,11:00 AM,Sched Only,
ARBUS  202,001,Tuesday,"August 1, 2017",4:00 PM,6:30 PM,"PAC 9,10",
ARBUS  301,"001,002",Friday,"July 28, 2017",9:00 AM,11:30 AM,"PAC 9,10",
ARTS  280,081 Online,See https://uwaterloo.ca/quest/help/students/how-do-i/online-exam-schedule,,,,,
BIOL  120,001,Wednesday,"August 2, 2017",7:30 PM,10:00 PM,PAC 9,
BIOL  130,001,Friday,"July 28, 2017",12:30 PM,3:00 PM,DC 1350,
BIOL  239,001,Wednesday,"August 9, 2017",7:30 PM,10:00 PM,"PAC 7,8",
BIOL  240,081 Online,See https://uwaterloo.ca/quest/help/students/how-do-i/online-exam-schedule,,,,,
BIOL  240L,001 to 003,Thursday,"August 10, 2017",4:00 PM,5:00 PM,"PAC 9,10",
BIOL  241,001,Thursday,"August 10, 2017",4:00 PM,6:30 PM,"PAC 1,2",
BIOL  273,001,Friday,"August 4, 2017",9:00 AM,11:30 AM,"STC 0010,1012",
BIOL  273L,001 to 003,Tuesday,"August 1, 2017",9:00 AM,10:00 AM,STC 1012,
BIOL  303,001,Monday,"July 31, 2017",12:30 PM,3:00 PM,"PAC 9,10,11",
BIOL  308,001,Tuesday,"August 1, 2017",4:00 PM,6:30 PM,M3 1006,
BIOL  309,001,Thursday,"August 3, 2017",7:30 PM,10:00 PM,PAC 7,
BIOL  354,001,Thursday,"August 10, 2017",9:00 AM,11:30 AM,"PAC 7,8",
BME  282,001,Monday,"July 31, 2017",12:30 PM,3:00 PM,Sched Only,
BME  284,001,Friday,"August 4, 2017",12:30 PM,3:00 PM,Sched Only,
BME  294,001,Wednesday,"August 2, 2017",9:00 AM,11:30 AM,Sched Only,
BUS 111W,,See https://students.wlu.ca/academics/exams/exam-schedules/index.html,,,,WLU,
BUS 121W,,See https://students.wlu.ca/academics/exams/exam-schedules/index.html,,,,WLU,
BUS 127W,,See https://students.wlu.ca/academics/exams/exam-schedules/index.html,,,,WLU,
BUS 231W,,See https://students.wlu.ca/academics/exams/exam-schedules/index.html,,,,WLU,
BUS 247W,,See https://students.wlu.ca/academics/exams/exam-schedules/index.html,,,,WLU,
BUS 321W,,See https://students.wlu.ca/academics/exams/exam-schedules/index.html,,,,WLU,
BUS 352W,,See https://students.wlu.ca/academics/exams/exam-schedules/index.html,,,,WLU,
BUS 353W,,See https://students.wlu.ca/academics/exams/exam-schedules/index.html,,,,WLU,
BUS 357W,,See https://students.wlu.ca/academics/exams/exam-schedules/index.html,,,,WLU,
BUS 362W,,See https://students.wlu.ca/academics/exams/exam-schedules/index.html,,,,WLU,
BUS 385W,,See https://students.wlu.ca/academics/exams/exam-schedules/index.html,,,,WLU,
BUS 387W,,See https://students.wlu.ca/academics/exams/exam-schedules/index.html,,,,WLU,
BUS 393W,,See https://students.wlu.ca/academics/exams/exam-schedules/index.html,,,,WLU,
BUS 395W,,See https://students.wlu.ca/academics/exams/exam-schedules/index.html,,,,WLU,
BUS 397W,,See https://students.wlu.ca/academics/exams/exam-schedules/index.html,,,,WLU,
BUS 398W,,See https://students.wlu.ca/academics/exams/exam-schedules/index.html,,,,WLU,
BUS 408W,,See https://students.wlu.ca/academics/exams/exam-schedules/index.html,,,,WLU,
BUS 412W,,See https://students.wlu.ca/academics/exams/exam-schedules/index.html,,,,WLU,
BUS 413W,,See https://students.wlu.ca/academics/exams/exam-schedules/index.html,,,,WLU,
BUS 419W,,See https://students.wlu.ca/academics/exams/exam-schedules/index.html,,,,WLU,
BUS 423W,,See https://students.wlu.ca/academics/exams/exam-schedules/index.html,,,,WLU,
BUS 443W,,See https://students.wlu.ca/academics/exams/exam-schedules/index.html,,,,WLU,
BUS 453W,,See https://students.wlu.ca/academics/exams/exam-schedules/index.html,,,,WLU,
BUS 463W,,See https://students.wlu.ca/academics/exams/exam-schedules/index.html,,,,WLU,
BUS 466W,,See https://students.wlu.ca/academics/exams/exam-schedules/index.html,,,,WLU,
BUS 467W,,See https://students.wlu.ca/academics/exams/exam-schedules/index.html,,,,WLU,
BUS 473W,,See https://students.wlu.ca/academics/exams/exam-schedules/index.html,,,,WLU,
BUS 477W,,See https://students.wlu.ca/academics/exams/exam-schedules/index.html,,,,WLU,
BUS 481W,,See https://students.wlu.ca/academics/exams/exam-schedules/index.html,,,,WLU,
BUS 486W,,See https://students.wlu.ca/academics/exams/exam-schedules/index.html,,,,WLU,
BUS 487W,,See https://students.wlu.ca/academics/exams/exam-schedules/index.html,,,,WLU,
BUS 493UW,,See https://students.wlu.ca/academics/exams/exam-schedules/index.html,,,,WLU,
CHE  101,001,Friday,"July 28, 2017",9:00 AM,11:30 AM,STC 0010,
CHE  102,001,Saturday,"July 29, 2017",12:30 PM,3:00 PM,PAC 3,
CHE  121,001,Wednesday,"August 9, 2017",9:00 AM,11:30 AM,PAC 8,
CHE  161,001,Monday,"July 31, 2017",4:00 PM,6:30 PM,PAC 8,
CHE  211,001,Saturday,"July 29, 2017",12:30 PM,3:00 PM,Sched Only,
CHE  231,001,Tuesday,"August 8, 2017",4:00 PM,6:30 PM,Sched Only,
CHE  241,001,Thursday,"August 3, 2017",9:00 AM,11:30 AM,Sched Only,
CHE  312,001,Tuesday,"August 1, 2017",9:00 AM,11:30 AM,Sched Only,
CHE  314,001,Tuesday,"August 8, 2017",9:00 AM,11:30 AM,Sched Only,
CHE  322,001,Friday,"August 4, 2017",9:00 AM,11:30 AM,Sched Only,
CHE  330,001,Wednesday,"August 2, 2017",12:30 PM,3:00 PM,Sched Only,
CHE  420,001,Friday,"July 28, 2017",9:00 AM,11:30 AM,Sched Only,
CHE  480,001,Tuesday,"August 1, 2017",4:00 PM,6:30 PM,Sched Only,
CHEM  120,081 Online,See https://uwaterloo.ca/quest/help/students/how-do-i/online-exam-schedule,,,,,
CHEM  123,001,Friday,"August 4, 2017",4:00 PM,6:30 PM,PAC 7,
CHEM  212,001,Tuesday,"August 8, 2017",4:00 PM,6:30 PM,"PAC 1,2",
CHEM  233,001,Tuesday,"August 1, 2017",9:00 AM,11:30 AM,PAC 3,
CHEM  237,001,Tuesday,"August 8, 2017",9:00 AM,11:30 AM,"PAC 1,2",
CHEM  237,081 Online,See https://uwaterloo.ca/quest/help/students/how-do-i/online-exam-schedule,,,,,
CHEM  237L,001 to 003,Friday,"July 28, 2017",9:00 AM,11:00 AM,DC 1350,
CHEM  254,001,Wednesday,"August 2, 2017",4:00 PM,6:30 PM,"PAC 9,10,11",
CHEM  264,001,Friday,"August 4, 2017",4:00 PM,6:30 PM,"PAC 9,10",
CHEM  265,001,Friday,"August 4, 2017",4:00 PM,6:30 PM,PAC 8,
CHEM  266,081 Online,See https://uwaterloo.ca/quest/help/students/how-do-i/online-exam-schedule,,,,,
CHEM  267,081 Online,See https://uwaterloo.ca/quest/help/students/how-do-i/online-exam-schedule,,,,,
CHINA  101R,001,Tuesday,"August 8, 2017",9:00 AM,11:00 AM,Sched Only,
CHINA  102R,001,Friday,"August 11, 2017",7:30 PM,9:30 PM,Sched Only,
CHINA  120R,001,Tuesday,"August 8, 2017",9:00 AM,11:30 AM,Sched Only,
CHINA  201R,001,Thursday,"August 3, 2017",9:00 AM,11:30 AM,Sched Only,
CHINA  202R,001,Friday,"July 28, 2017",9:00 AM,11:30 AM,Sched Only,
CIVE  105,001,Wednesday,"August 9, 2017",9:00 AM,11:30 AM,PAC 7,
CIVE  121,001,Friday,"July 28, 2017",12:30 PM,3:00 PM,DC 1351,
CIVE  205,001,Tuesday,"August 1, 2017",9:00 AM,11:30 AM,Sched Only,
CIVE  222,001,Friday,"July 28, 2017",9:00 AM,11:30 AM,Sched Only,
CIVE  230,001,Wednesday,"August 9, 2017",4:00 PM,6:30 PM,Sched Only,
CIVE  280,001,Friday,"August 4, 2017",9:00 AM,11:30 AM,Sched Only,
CIVE  353,001,Friday,"July 28, 2017",7:30 PM,10:00 PM,Sched Only,
CIVE  392,001,Friday,"August 11, 2017",9:00 AM,11:30 AM,Sched Only,
CIVE  413,001,Tuesday,"August 1, 2017",9:00 AM,11:30 AM,Sched Only,
CIVE  414,001,Tuesday,"August 8, 2017",9:00 AM,11:30 AM,Sched Only,
CIVE  444,001,Wednesday,"August 9, 2017",4:00 PM,6:30 PM,Sched Only,
CIVE  484,001,Tuesday,"August 1, 2017",4:00 PM,6:30 PM,STC 0020,
CIVE  486,001,Wednesday,"August 2, 2017",9:00 AM,11:30 AM,Sched Only,
CIVE  491,001,Thursday,"August 3, 2017",4:00 PM,6:30 PM,Sched Only,
CIVE  497,001,Friday,"August 4, 2017",9:00 AM,11:30 AM,Sched Only,
CIVE  512,001,Friday,"July 28, 2017",9:00 AM,11:30 AM,Sched Only,
CIVE  572,001,Thursday,"August 10, 2017",4:00 PM,6:30 PM,Sched Only,
CLAS  104,081 Online,See https://uwaterloo.ca/quest/help/students/how-do-i/online-exam-schedule,,,,,
CLAS  261,081 Online,See https://uwaterloo.ca/quest/help/students/how-do-i/online-exam-schedule,,,,,
CO  250,"001,002",Tuesday,"August 1, 2017",4:00 PM,6:30 PM,STC 1012,
CO  250,081 Online,See https://uwaterloo.ca/quest/help/students/how-do-i/online-exam-schedule,,,,,
CO  327,001,Friday,"July 28, 2017",9:00 AM,11:30 AM,MC 4041,
CO  342,001,Thursday,"August 10, 2017",7:30 PM,10:00 PM,MC 1085,
CO  351,001,Tuesday,"August 8, 2017",9:00 AM,11:30 AM,MC 4059,
CO  446,001,Tuesday,"August 1, 2017",12:30 PM,3:00 PM,PAC 3,
CO  454,001,Tuesday,"August 1, 2017",4:00 PM,6:30 PM,STC 0010,
CO  471,001,Friday,"August 4, 2017",7:30 PM,10:00 PM,PAC 8,
CO  646,001,Tuesday,"August 1, 2017",12:30 PM,3:00 PM,PAC 3,
CO  671,001,Friday,"August 4, 2017",7:30 PM,10:00 PM,PAC 8,
COMM  321,001,Wednesday,"August 2, 2017",7:30 PM,10:00 PM,PAC 6,
CS  100,081 Online,See https://uwaterloo.ca/quest/help/students/how-do-i/online-exam-schedule,,,,,
CS  115,"001,002",Thursday,"August 3, 2017",4:00 PM,6:30 PM,M3 1006,
CS  116,001 to 003,Thursday,"August 3, 2017",12:30 PM,3:00 PM,"PAC 1,2",
CS  136,001 to 003,Thursday,"August 3, 2017",12:30 PM,3:00 PM,"PAC 4,5",
CS  200,001,Wednesday,"August 2, 2017",7:30 PM,10:00 PM,PAC 1,
CS  230,001,Wednesday,"August 2, 2017",7:30 PM,10:00 PM,"PAC 2,3",
CS  234,"001,002",Thursday,"August 3, 2017",4:00 PM,6:30 PM,"PAC 7,8",
CS  240,001 to 003,Thursday,"August 3, 2017",4:00 PM,6:30 PM,"PAC 1,2,3,4",
CS  240,004,Thursday,"August 3, 2017",4:00 PM,6:30 PM,PAC 5,
CS  241,001 to 004,Wednesday,"August 9, 2017",9:00 AM,11:30 AM,"PAC 4,5,6",
CS  245,001 to 004,Saturday,"July 29, 2017",12:30 PM,3:00 PM,"PAC 4,5,6",
CS  245,005,Saturday,"July 29, 2017",12:30 PM,3:00 PM,PAC 7,
CS  246,001 to 005,Thursday,"August 10, 2017",9:00 AM,11:30 AM,"PAC 1,2,3",
CS  247,001,Wednesday,"August 9, 2017",9:00 AM,11:30 AM,"PAC 9,10,11",
CS  251,001 to 004,Friday,"August 11, 2017",4:00 PM,6:30 PM,"STC 0060,1012",
CS  330,"001,002",Monday,"July 31, 2017",7:30 PM,10:00 PM,"PAC 4,5,6",
CS  338,"001,002",Tuesday,"August 1, 2017",12:30 PM,3:00 PM,"PAC 1,2",
CS  341,001 to 003,Tuesday,"August 1, 2017",12:30 PM,3:00 PM,"PAC 4,5",
CS  348,"001,002",Monday,"July 31, 2017",4:00 PM,6:30 PM,"PAC 1,2",
CS  349,"001,002",Wednesday,"August 9, 2017",4:00 PM,6:30 PM,"PAC 4,5",
CS  350,001 to 003,Wednesday,"August 2, 2017",12:30 PM,3:00 PM,"PAC 1,2",
CS  360,001,Thursday,"August 3, 2017",7:30 PM,10:00 PM,PAC 4,
CS  370,"001,002",Thursday,"August 10, 2017",12:30 PM,3:00 PM,Sched Only,
CS  371,001,Thursday,"August 10, 2017",12:30 PM,3:00 PM,Sched Only,
CS  432,001,Monday,"July 31, 2017",7:30 PM,10:00 PM,"PAC 9,10",
CS  446,"001,002",Tuesday,"August 8, 2017",9:00 AM,11:30 AM,PAC 8,
CS  449,001,Friday,"August 4, 2017",7:30 PM,10:00 PM,PAC 3,
CS  452,001,Friday,"July 28, 2017",7:30 PM,10:00 PM,Sched Only,
CS  454,"001,002",Wednesday,"August 2, 2017",7:30 PM,10:00 PM,"PAC 4,5",
CS  456,"001,002",Friday,"August 4, 2017",9:00 AM,11:30 AM,"PAC 1,2",
CS  458,"001,002",Wednesday,"August 9, 2017",12:30 PM,3:00 PM,"PAC 9,10,11",
CS  466,001,Friday,"August 11, 2017",9:00 AM,11:30 AM,MC 4045,
CS  475,001,Wednesday,"August 9, 2017",7:30 PM,10:00 PM,PAC 3,
CS  485,001,Thursday,"August 10, 2017",9:00 AM,11:30 AM,PAC 4,
CS  486,"001,002",Tuesday,"August 1, 2017",9:00 AM,11:30 AM,"PAC 1,2",
CS  488,001,Thursday,"August 3, 2017",12:30 PM,3:00 PM,PAC 3,
CS  490,001,Monday,"July 31, 2017",9:00 AM,11:30 AM,PAC 9,
CS  646,001,Tuesday,"August 8, 2017",9:00 AM,11:30 AM,PAC 8,
CS  649,001,Friday,"August 4, 2017",7:30 PM,10:00 PM,PAC 3,
CS  652,001,Friday,"July 28, 2017",7:30 PM,10:00 PM,Sched Only,
CS  654,"001,002",Wednesday,"August 2, 2017",7:30 PM,10:00 PM,"PAC 4,5",
CS  656,"001,002",Friday,"August 4, 2017",9:00 AM,11:30 AM,"PAC 1,2",
CS  658,"001,002",Wednesday,"August 9, 2017",12:30 PM,3:00 PM,"PAC 9,10,11",
CS  675,001,Wednesday,"August 9, 2017",7:30 PM,10:00 PM,PAC 3,
CS  685,001,Thursday,"August 10, 2017",9:00 AM,11:30 AM,PAC 4,
CS  686,"001,002",Tuesday,"August 1, 2017",9:00 AM,11:30 AM,"PAC 1,2",
CS  688,001,Thursday,"August 3, 2017",12:30 PM,3:00 PM,PAC 3,
DUTCH  101,081 Online,See https://uwaterloo.ca/quest/help/students/how-do-i/online-exam-schedule,,,,,
DUTCH  102,081 Online,See https://uwaterloo.ca/quest/help/students/how-do-i/online-exam-schedule,,,,,
EARTH  121,001,Friday,"August 4, 2017",7:30 PM,10:00 PM,"PAC 4,5",
EARTH  221,001,Wednesday,"August 9, 2017",12:30 PM,3:00 PM,MC 4020,
EARTH  232,001,Monday,"July 31, 2017",9:00 AM,11:30 AM,PAC 6,
ECE  103,"001,002",Wednesday,"August 9, 2017",12:30 PM,3:00 PM,"PAC 4,5,6",
ECE  106,"001,002",Friday,"July 28, 2017",12:30 PM,3:00 PM,"PAC 6,7,8",
ECE  124,"001,002",Friday,"August 4, 2017",12:30 PM,3:00 PM,"PAC 1,2,3",
ECE  155,"001,002",Wednesday,"August 2, 2017",4:00 PM,6:30 PM,"PAC 1,2,3",
ECE  206,001,Friday,"July 28, 2017",9:00 AM,11:30 AM,MC 4042,
ECE  207,001,Wednesday,"August 9, 2017",12:30 PM,3:00 PM,"PAC 2,3",
ECE  209,001,Saturday,"July 29, 2017",12:30 PM,3:00 PM,PAC 8,
ECE  224,001,Tuesday,"August 1, 2017",9:00 AM,11:30 AM,"PAC 9,10,11",
ECE  242,001,Wednesday,"August 2, 2017",12:30 PM,3:00 PM,"PAC 3,8",
ECE  254,001,Friday,"August 4, 2017",9:00 AM,11:30 AM,"MC 4059,4061",
ECE  316,"001,002",Friday,"July 28, 2017",12:30 PM,3:00 PM,"PAC 1,2",
ECE  327,001,Wednesday,"August 2, 2017",4:00 PM,6:30 PM,M3 1006,
ECE  331,001,Wednesday,"August 2, 2017",9:00 AM,11:30 AM,"PAC 10,11",
ECE  351,001,Friday,"August 4, 2017",12:30 PM,3:00 PM,"PAC 9,10,11",
ECE  358,001,Friday,"July 28, 2017",12:30 PM,3:00 PM,"PAC 9,10,11",
ECE  375,001,Tuesday,"August 1, 2017",12:30 PM,3:00 PM,PAC 6,
ECE  380,001,Wednesday,"August 9, 2017",4:00 PM,6:30 PM,PAC 1,
ECE  380,002,Wednesday,"August 9, 2017",4:00 PM,6:30 PM,PAC 2,
ECE  403,001,Friday,"August 11, 2017",9:00 AM,11:30 AM,MC 4040,
ECE  413,001,Tuesday,"August 8, 2017",12:30 PM,3:00 PM,PAC 8,
ECE  414,001,Monday,"July 31, 2017",9:00 AM,11:30 AM,MC 4041,
ECE  429,001,Monday,"July 31, 2017",7:30 PM,10:00 PM,PAC 3,
ECE  432,001,Friday,"August 4, 2017",4:00 PM,6:30 PM,MC 4040,
ECE  445,001,Friday,"July 28, 2017",9:00 AM,11:30 AM,STC 0020,
ECE  452,"001,002",Tuesday,"August 8, 2017",9:00 AM,11:30 AM,PAC 8,
ECE  454,001,Thursday,"August 10, 2017",12:30 PM,3:00 PM,"PAC 1,2",
ECE  455,001,Friday,"August 11, 2017",9:00 AM,11:30 AM,MC 4041,
ECE  457A,001,Tuesday,"August 1, 2017",4:00 PM,6:30 PM,"STC 0050,0060",
ECE  458,001,Thursday,"August 3, 2017",4:00 PM,6:30 PM,"PAC 9,10,11",
ECE  462,001,Thursday,"August 10, 2017",9:00 AM,11:30 AM,PAC 5,
ECE  463,001,Tuesday,"August 1, 2017",4:00 PM,6:30 PM,PAC 11,
ECE  473,001,Thursday,"August 3, 2017",7:30 PM,10:00 PM,PAC 5,
ECE  475,001,Tuesday,"August 1, 2017",4:00 PM,6:30 PM,MC 4064,
ECE  481,001,Wednesday,"August 2, 2017",7:30 PM,10:00 PM,PAC 7,
ECE  486,001,Saturday,"July 29, 2017",12:30 PM,3:00 PM,PAC 1,
ECON  101,001,Thursday,"August 3, 2017",9:00 AM,11:30 AM,"PAC 1,2,3",
ECON  101,002,Thursday,"August 3, 2017",9:00 AM,11:30 AM,"PAC 4,5",
ECON  101,081 Online,See https://uwaterloo.ca/quest/help/students/how-do-i/online-exam-schedule,,,,,
ECON  102,001,Monday,"July 31, 2017",9:00 AM,11:30 AM,"PAC 1,2,3",
ECON  102,002,Monday,"July 31, 2017",9:00 AM,11:30 AM,"PAC 7,8",
ECON  102,003,Monday,"July 31, 2017",9:00 AM,11:30 AM,"PAC 4,5",
ECON  201,"001,003",Tuesday,"August 8, 2017",4:00 PM,6:30 PM,"PAC 4,5",
ECON  201,002,Tuesday,"August 8, 2017",4:00 PM,6:30 PM,PAC 3,
ECON  206,001,Friday,"August 11, 2017",9:00 AM,11:30 AM,"MC 4020,4021",
ECON  206,002,Friday,"August 11, 2017",9:00 AM,11:30 AM,"MC 4059,4061",
ECON  207,001,Thursday,"August 3, 2017",12:30 PM,3:00 PM,PAC 7,
ECON  211,001,Friday,"July 28, 2017",9:00 AM,11:30 AM,STC 0060,
ECON  221,"001,002",Wednesday,"August 2, 2017",9:00 AM,11:30 AM,"MC 4059,4061",
ECON  231,"001,002",Friday,"August 4, 2017",7:30 PM,10:00 PM,"PAC 9,10,11",
ECON  290,001,Monday,"July 31, 2017",4:00 PM,6:30 PM,PAC 3,
ECON  301,001,Tuesday,"August 8, 2017",12:30 PM,3:00 PM,PAC 3,
ECON  306,001,Friday,"August 4, 2017",9:00 AM,11:30 AM,MC 4040,
ECON  311,001,Wednesday,"August 2, 2017",12:30 PM,3:00 PM,MC 4064,
ECON  357,001,Friday,"August 4, 2017",4:00 PM,6:30 PM,MC 4041,
ECON  361,081 Online,See https://uwaterloo.ca/quest/help/students/how-do-i/online-exam-schedule,,,,,
ECON  371,001,Tuesday,"August 1, 2017",7:30 PM,10:00 PM,MC 4059,
ECON  372,001,Friday,"July 28, 2017",9:00 AM,11:30 AM,MC 4045,
ECON  393,001,Tuesday,"August 8, 2017",9:00 AM,11:30 AM,MC 4040,
ECON  401,001,Tuesday,"August 8, 2017",7:30 PM,10:00 PM,PAC 5,
ECON  402,001,Wednesday,"August 9, 2017",4:00 PM,6:30 PM,PAC 3,
ECON  452,001,Tuesday,"August 1, 2017",9:00 AM,11:30 AM,MC 4041,
ECON  483,001,Monday,"July 31, 2017",9:00 AM,11:30 AM,PAC 10,
EMLS  129R,081 Online,See https://uwaterloo.ca/quest/help/students/how-do-i/online-exam-schedule,,,,,
ENGL  101B,081 Online,See https://uwaterloo.ca/quest/help/students/how-do-i/online-exam-schedule,,,,,
ENGL  108A,001,Friday,"July 28, 2017",12:30 PM,2:30 PM,Sched Only,
ENGL  109,081 Online,See https://uwaterloo.ca/quest/help/students/how-do-i/online-exam-schedule,,,,,
ENGL  200B,001,Friday,"August 4, 2017",4:00 PM,6:30 PM,PAC 11,
ENGL  200B,081 Online,See https://uwaterloo.ca/quest/help/students/how-do-i/online-exam-schedule,,,,,
ENGL  210F,081 Online,See https://uwaterloo.ca/quest/help/students/how-do-i/online-exam-schedule,,,,,
ENGL  251B,001,Tuesday,"August 8, 2017",9:00 AM,11:30 AM,MC 4041,
ENGL  251B,081 Online,See https://uwaterloo.ca/quest/help/students/how-do-i/online-exam-schedule,,,,,
ENGL  294,001,Wednesday,"August 2, 2017",12:30 PM,3:00 PM,Sched Only,
ENGL  345,081 Online,See https://uwaterloo.ca/quest/help/students/how-do-i/online-exam-schedule,,,,,
ENGL  409A,001,Friday,"July 28, 2017",9:00 AM,11:30 AM,MC 4064,
ENVE  320,001,Wednesday,"August 2, 2017",4:00 PM,6:30 PM,Sched Only,
ENVE  321,001,Monday,"July 31, 2017",7:30 PM,10:00 PM,Sched Only,
ENVS  200,001,Wednesday,"August 9, 2017",9:00 AM,11:30 AM,"PAC 1,2,3",
FR  151,001,Exam removed from schedule. Contact instructor for further information,,,,,
FR  151,081 Online,See https://uwaterloo.ca/quest/help/students/how-do-i/online-exam-schedule,,,,,
FR  152,001,Friday,"July 28, 2017",7:30 PM,9:30 PM,Sched Only,
FR  152,081 Online,See https://uwaterloo.ca/quest/help/students/how-do-i/online-exam-schedule,,,,,
FR  192A,001,Tuesday,"August 8, 2017",7:30 PM,9:30 PM,Sched Only,
FR  192A,081 Online,See https://uwaterloo.ca/quest/help/students/how-do-i/online-exam-schedule,,,,,
FR  192B,001,Tuesday,"August 8, 2017",7:30 PM,9:30 PM,Sched Only,
FR  192B,081 Online,See https://uwaterloo.ca/quest/help/students/how-do-i/online-exam-schedule,,,,,
FR  251,081 Online,See https://uwaterloo.ca/quest/help/students/how-do-i/online-exam-schedule,,,,,
FR  252,001,Wednesday,"August 9, 2017",7:30 PM,9:30 PM,Sched Only,
FR  276,081 Online,See https://uwaterloo.ca/quest/help/students/how-do-i/online-exam-schedule,,,,,
FR  297,081 Online,See https://uwaterloo.ca/quest/help/students/how-do-i/online-exam-schedule,,,,,
FR  375,081 Online,See https://uwaterloo.ca/quest/help/students/how-do-i/online-exam-schedule,,,,,
GENE  123,001 to 003,Friday,"August 4, 2017",4:00 PM,6:30 PM,"PAC 1,2,3",
GEOG  209,001,Friday,"July 28, 2017",9:00 AM,11:30 AM,MC 1085,
GER  101,081 Online,See https://uwaterloo.ca/quest/help/students/how-do-i/online-exam-schedule,,,,,
GER  102,081 Online,See https://uwaterloo.ca/quest/help/students/how-do-i/online-exam-schedule,,,,,
GER  201,081 Online,See https://uwaterloo.ca/quest/help/students/how-do-i/online-exam-schedule,,,,,
GER  202,081 Online,See https://uwaterloo.ca/quest/help/students/how-do-i/online-exam-schedule,,,,,
GERON  255,081 Online,See https://uwaterloo.ca/quest/help/students/how-do-i/online-exam-schedule,,,,,
HIST  111,001,Friday,"August 11, 2017",9:00 AM,11:30 AM,Sched Only,
HIST  247,081 Online,See https://uwaterloo.ca/quest/help/students/how-do-i/online-exam-schedule,,,,,
HIST  374,001,Saturday,"July 29, 2017",7:30 PM,10:00 PM,Sched Only,
HLTH  273,002,Tuesday,"August 8, 2017",9:00 AM,11:30 AM,MC 4042,
HRM  200,081 Online,See https://uwaterloo.ca/quest/help/students/how-do-i/online-exam-schedule,,,,,
HRM  303,001,Monday,"July 31, 2017",9:00 AM,11:00 AM,MC 4045,
HRM  307,001,Wednesday,"August 2, 2017",9:00 AM,11:00 AM,MC 2038,
INTST  101,001,Tuesday,"August 8, 2017",4:00 PM,6:00 PM,"PAC 9,10",
KIN  205,001,Friday,"July 28, 2017",12:30 PM,3:00 PM,PAC 3,
KIN  242,001,Wednesday,"August 2, 2017",9:00 AM,11:30 AM,"MC 4020,4021",
LS  101,081 Online,See https://uwaterloo.ca/quest/help/students/how-do-i/online-exam-schedule,,,,,
LS  229,081 Online,See https://uwaterloo.ca/quest/help/students/how-do-i/online-exam-schedule,,,,,
LS  271,081 Online,See https://uwaterloo.ca/quest/help/students/how-do-i/online-exam-schedule,,,,,
LS  273,081 Online,See https://uwaterloo.ca/quest/help/students/how-do-i/online-exam-schedule,,,,,
LS  327,081 Online,See https://uwaterloo.ca/quest/help/students/how-do-i/online-exam-schedule,,,,,
MATH  106,081 Online,See https://uwaterloo.ca/quest/help/students/how-do-i/online-exam-schedule,,,,,
MATH  115,001,Tuesday,"August 8, 2017",12:30 PM,3:00 PM,PAC 2,
MATH  117,001,Thursday,"August 3, 2017",4:00 PM,6:30 PM,MC 4041,
MATH  118,001 to 004,Wednesday,"August 2, 2017",12:30 PM,3:00 PM,"PAC 4,5,6,7",
MATH  119,"001,002",Monday,"July 31, 2017",12:30 PM,3:00 PM,"PAC 4,5,6",
MATH  127,001,Monday,"July 31, 2017",4:00 PM,6:30 PM,MC 4045,
MATH  127,081 Online,See https://uwaterloo.ca/quest/help/students/how-do-i/online-exam-schedule,,,,,
MATH  128,001,Wednesday,"August 2, 2017",4:00 PM,6:30 PM,MC 1085,
MATH  128,081 Online,See https://uwaterloo.ca/quest/help/students/how-do-i/online-exam-schedule,,,,,
MATH  128,082 Online,See https://uwaterloo.ca/quest/help/students/how-do-i/online-exam-schedule,,,,,
MATH  135,001,Monday,"July 31, 2017",7:30 PM,10:00 PM,"PAC 1,2",
MATH  136,001 to 003,Tuesday,"August 1, 2017",4:00 PM,6:30 PM,"PAC 1,2,3",
MATH  136,081 Online,See https://uwaterloo.ca/quest/help/students/how-do-i/online-exam-schedule,,,,,
MATH  137,001,Friday,"July 28, 2017",9:00 AM,11:30 AM,MC 4040,
MATH  138,"001,002",Friday,"July 28, 2017",7:30 PM,10:00 PM,"PAC 7,8",
MATH  207,001,Monday,"July 31, 2017",9:00 AM,11:30 AM,PAC 11,
MATH  213,001,Friday,"August 4, 2017",4:00 PM,6:30 PM,Sched Only,
MATH  218,001,Monday,"July 31, 2017",7:30 PM,10:00 PM,PAC 8,
MATH  225,001,Thursday,"August 10, 2017",7:30 PM,10:00 PM,MC 4045,
MATH  228,081 Online,See https://uwaterloo.ca/quest/help/students/how-do-i/online-exam-schedule,,,,,
MATH  235,001 to 003,Tuesday,"August 8, 2017",12:30 PM,3:00 PM,"PAC 4,5,6",
MATH  235,081 Online,See https://uwaterloo.ca/quest/help/students/how-do-i/online-exam-schedule,,,,,
MATH  237,001 to 003,Friday,"August 4, 2017",12:30 PM,3:00 PM,"PAC 4,5,6,7",
MATH  239,001 to 004,Tuesday,"August 1, 2017",9:00 AM,11:30 AM,"PAC 4,5,6,7,8",
MATH  245,001,Tuesday,"August 8, 2017",12:30 PM,3:00 PM,PAC 1,
MATH  247,001,Friday,"August 4, 2017",9:00 AM,11:30 AM,PAC 8,
ME  101,001,Friday,"July 28, 2017",9:00 AM,11:30 AM,PAC 8,
ME  115,001,Wednesday,"August 9, 2017",12:30 PM,3:00 PM,PAC 7,
ME  203,001,Thursday,"August 10, 2017",9:00 AM,11:30 AM,Sched Only,
ME  212,001,Tuesday,"August 8, 2017",9:00 AM,11:30 AM,Sched Only,
ME  219,001,Wednesday,"August 2, 2017",9:00 AM,11:30 AM,Sched Only,
ME  220,001,Friday,"July 28, 2017",9:00 AM,11:30 AM,Sched Only,
ME  250,001,Thursday,"August 3, 2017",9:00 AM,11:30 AM,Sched Only,
ME  262,001,Tuesday,"August 1, 2017",9:00 AM,11:30 AM,Sched Only,
ME  303,001,Monday,"July 31, 2017",9:00 AM,11:30 AM,Sched Only,
ME  321,001,Friday,"August 11, 2017",9:00 AM,11:30 AM,Sched Only,
ME  321,002,Wednesday,"August 2, 2017",12:30 PM,3:00 PM,Sched Only,
ME  340,001,Friday,"August 4, 2017",9:00 AM,11:30 AM,Sched Only,
ME  351,001,Wednesday,"August 2, 2017",9:00 AM,11:30 AM,Sched Only,
ME  354,001,Wednesday,"August 9, 2017",9:00 AM,11:30 AM,Sched Only,
ME  436,001,Tuesday,"August 1, 2017",12:30 PM,3:00 PM,Sched Only,
ME  456,001,Tuesday,"August 1, 2017",12:30 PM,3:00 PM,Sched Only,
ME  459,001,Tuesday,"August 8, 2017",9:00 AM,11:30 AM,Sched Only,
ME  548,001,Saturday,"July 29, 2017",7:30 PM,10:00 PM,Sched Only,
ME  559,001,Wednesday,"August 2, 2017",12:30 PM,3:00 PM,Sched Only,
ME  561,001,Friday,"July 28, 2017",9:00 AM,11:30 AM,Sched Only,
ME  566,001,Friday,"July 28, 2017",7:30 PM,10:00 PM,Sched Only,
ME  599,001,Friday,"August 4, 2017",9:00 AM,11:30 AM,Sched Only,
ME  760,001,Friday,"August 4, 2017",9:00 AM,11:30 AM,Sched Only,
MNS  221,001,Wednesday,"August 9, 2017",12:30 PM,3:00 PM,Sched Only,
MNS  321,001,Friday,"July 28, 2017",9:00 AM,11:30 AM,PAC 11,
MSCI  261,"001,003",Tuesday,"August 1, 2017",4:00 PM,6:30 PM,"PAC 7,8",
MSCI  261,002,Wednesday,"August 2, 2017",4:00 PM,6:30 PM,"MC 4059,4061",
MSCI  263,"001,002",Saturday,"July 29, 2017",12:30 PM,3:00 PM,PAC 2,
MSCI  331,"001,002",Monday,"July 31, 2017",4:00 PM,6:30 PM,"PAC 9,10,11",
MSCI  346,001,Friday,"August 4, 2017",12:30 PM,3:00 PM,MC 4061,
MSCI  445,001,Tuesday,"August 8, 2017",12:30 PM,3:00 PM,Sched Only,
MSCI  452,001,Monday,"July 31, 2017",9:00 AM,11:30 AM,Sched Only,
MSCI  531,001,Friday,"July 28, 2017",12:30 PM,3:00 PM,Sched Only,
MSCI  551,001,Wednesday,"August 2, 2017",7:30 PM,10:00 PM,PAC 8,
MTE  111,001,Monday,"July 31, 2017",12:30 PM,3:00 PM,PAC 3,
MTE  119,001,Friday,"August 4, 2017",4:00 PM,6:30 PM,"MC 4059,4061",
MTE  120,001,Wednesday,"August 9, 2017",12:30 PM,3:00 PM,PAC 8,
MTE  140,001,Friday,"July 28, 2017",7:30 PM,10:00 PM,PAC 5,
MTE  203,001,Thursday,"August 3, 2017",12:30 PM,3:00 PM,Sched Only,
MTE  204,001,Tuesday,"August 1, 2017",12:30 PM,3:00 PM,Sched Only,
MTE  220,001,Friday,"July 28, 2017",12:30 PM,3:00 PM,Sched Only,
MTE  241,001,Tuesday,"August 8, 2017",12:30 PM,3:00 PM,Sched Only,
MTE  309,001,Friday,"August 11, 2017",12:30 PM,3:00 PM,Sched Only,
MTE  320,001,Wednesday,"August 9, 2017",12:30 PM,3:00 PM,Sched Only,
MTE  325,001,Tuesday,"August 1, 2017",9:00 AM,11:30 AM,Sched Only,
MTHEL  131,001,Thursday,"August 10, 2017",12:30 PM,3:00 PM,PAC 4,
MUSIC  100,001,Monday,"July 31, 2017",12:30 PM,3:00 PM,Sched Only,
MUSIC  140,001,Friday,"August 11, 2017",12:30 PM,3:00 PM,Sched Only,
NE  217,001,Wednesday,"August 2, 2017",12:30 PM,3:00 PM,"MC 4059,4061",
NE  225,001,Monday,"July 31, 2017",12:30 PM,3:00 PM,PAC 7,
NE  226,001,Friday,"August 4, 2017",12:30 PM,3:00 PM,PAC 8,
NE  242,001,Tuesday,"August 8, 2017",9:00 AM,11:30 AM,"PAC 9,10",
NE  301,001,Tuesday,"August 1, 2017",4:00 PM,5:30 PM,"MC 4059,4061",
NE  318,001,Wednesday,"August 2, 2017",9:00 AM,11:30 AM,"MC 2034,2035",
NE  333,001,Tuesday,"August 8, 2017",12:30 PM,3:00 PM,PAC 7,
NE  334,001,Thursday,"August 3, 2017",12:30 PM,3:00 PM,PAC 8,
NE  343,001,Thursday,"August 10, 2017",12:30 PM,3:00 PM,PAC 5,
NE  344,001,Friday,"July 28, 2017",9:00 AM,11:30 AM,DC 1351,
PACS  201,081 Online,See https://uwaterloo.ca/quest/help/students/how-do-i/online-exam-schedule,,,,,
PACS  202,081 Online,See https://uwaterloo.ca/quest/help/students/how-do-i/online-exam-schedule,,,,,
PHIL  145,081 Online,See https://uwaterloo.ca/quest/help/students/how-do-i/online-exam-schedule,,,,,
PHIL  202,081 Online,See https://uwaterloo.ca/quest/help/students/how-do-i/online-exam-schedule,,,,,
PHIL  215,001,Tuesday,"August 1, 2017",4:00 PM,6:30 PM,"PAC 9,10",
PHIL  240,081 Online,See https://uwaterloo.ca/quest/help/students/how-do-i/online-exam-schedule,,,,,
PHIL  251,081 Online,See https://uwaterloo.ca/quest/help/students/how-do-i/online-exam-schedule,,,,,
PHIL  256,081 Online,See https://uwaterloo.ca/quest/help/students/how-do-i/online-exam-schedule,,,,,
PHIL  271,001,Friday,"August 4, 2017",4:00 PM,6:30 PM,Sched Only,
PHIL  283,081 Online,See https://uwaterloo.ca/quest/help/students/how-do-i/online-exam-schedule,,,,,
PHIL  324,081 Online,See https://uwaterloo.ca/quest/help/students/how-do-i/online-exam-schedule,,,,,
PHIL  384,081 Online,See https://uwaterloo.ca/quest/help/students/how-do-i/online-exam-schedule,,,,,
PHYS  112,001,Tuesday,"August 8, 2017",9:00 AM,11:30 AM,PAC 3,
PHYS  112,081 Online,See https://uwaterloo.ca/quest/help/students/how-do-i/online-exam-schedule,,,,,
PHYS  112L,"001,002",Wednesday,"August 9, 2017",9:00 AM,10:00 AM,MC 4045,
PHYS  122,081 Online,See https://uwaterloo.ca/quest/help/students/how-do-i/online-exam-schedule,,,,,
PHYS  234,001,Monday,"July 31, 2017",4:00 PM,6:30 PM,STC 1012,
PHYS  239,001,Thursday,"August 10, 2017",4:00 PM,6:30 PM,Sched Only,
PHYS  242,001,Thursday,"August 3, 2017",9:00 AM,11:30 AM,"PAC 9,10,11",
PHYS  263,001,Friday,"July 28, 2017",7:30 PM,10:00 PM,PAC 4,
PHYS  270,001,Tuesday,"August 8, 2017",9:00 AM,11:30 AM,PAC 11,
PHYS  280,001,Wednesday,"August 2, 2017",9:00 AM,11:30 AM,STC 0020,
PHYS  342,001,Tuesday,"August 8, 2017",9:00 AM,11:30 AM,STC 0010,
PHYS  358,001,Monday,"July 31, 2017",9:00 AM,11:30 AM,Sched Only,
PHYS  363,001,Tuesday,"August 1, 2017",7:30 PM,10:00 PM,MC 1085,
PHYS  364,001,Friday,"July 28, 2017",12:30 PM,3:00 PM,Sched Only,
PHYS  380,001,Friday,"August 4, 2017",7:30 PM,10:00 PM,PAC 6,
PLAN  484,001,Tuesday,"August 1, 2017",4:00 PM,6:30 PM,STC 0020,
PLAN  684,001,Tuesday,"August 1, 2017",4:00 PM,6:30 PM,STC 0020,
PMATH  330,081 Online,See https://uwaterloo.ca/quest/help/students/how-do-i/online-exam-schedule,,,,,
PMATH  332,001,Wednesday,"August 2, 2017",4:00 PM,6:30 PM,MC 4045,
PMATH  336,001,Friday,"August 4, 2017",7:30 PM,10:00 PM,PAC 7,
PMATH  340,001,Wednesday,"August 9, 2017",12:30 PM,3:00 PM,MC 4021,
PMATH  347,001,Friday,"August 11, 2017",12:30 PM,3:00 PM,MC 4061,
PMATH  351,001,Tuesday,"August 8, 2017",7:30 PM,10:00 PM,PAC 6,
PMATH  352,001,Friday,"July 28, 2017",12:30 PM,3:00 PM,MC 4041,
PMATH  360,001,Thursday,"August 3, 2017",7:30 PM,10:00 PM,PAC 6,
PMATH  450,001,Friday,"August 4, 2017",9:00 AM,11:30 AM,PAC 3,
PMATH  464,001,Thursday,"August 3, 2017",4:00 PM,6:30 PM,MC 4040,
PMATH  650,001,Friday,"August 4, 2017",9:00 AM,11:30 AM,PAC 3,
PSCI  281,001,Tuesday,"August 8, 2017",9:00 AM,11:30 AM,MC 4045,
PSCI  387,001,Thursday,"August 3, 2017",12:30 PM,3:00 PM,PAC 11,
PSYCH  101,081 Online,See https://uwaterloo.ca/quest/help/students/how-do-i/online-exam-schedule,,,,,
PSYCH  207,081 Online,See https://uwaterloo.ca/quest/help/students/how-do-i/online-exam-schedule,,,,,
PSYCH  211,081 Online,See https://uwaterloo.ca/quest/help/students/how-do-i/online-exam-schedule,,,,,
PSYCH  256,081 Online,See https://uwaterloo.ca/quest/help/students/how-do-i/online-exam-schedule,,,,,
PSYCH  257,001,Monday,"July 31, 2017",7:30 PM,9:30 PM,Sched Only,
PSYCH  261,001,Wednesday,"August 2, 2017",4:00 PM,5:30 PM,"MC 2017,2054",
PSYCH  306,001,Thursday,"August 3, 2017",12:30 PM,3:00 PM,"PAC 9,10",
PSYCH  334R,001,Tuesday,"August 1, 2017",4:00 PM,6:30 PM,Sched Only,
PSYCH  354R,081 Online,See https://uwaterloo.ca/quest/help/students/how-do-i/online-exam-schedule,,,,,
REC  251,081 Online,See https://uwaterloo.ca/quest/help/students/how-do-i/online-exam-schedule,,,,,
REC  280,081 Online,See https://uwaterloo.ca/quest/help/students/how-do-i/online-exam-schedule,,,,,
RS  170,081 Online,See https://uwaterloo.ca/quest/help/students/how-do-i/online-exam-schedule,,,,,
RS  235,081 Online,See https://uwaterloo.ca/quest/help/students/how-do-i/online-exam-schedule,,,,,
SCI  238,001,Tuesday,"August 8, 2017",7:30 PM,10:00 PM,"PAC 1,2,3",
SCI  255,081 Online,See https://uwaterloo.ca/quest/help/students/how-do-i/online-exam-schedule,,,,,
SDS  150R,081 Online,See https://uwaterloo.ca/quest/help/students/how-do-i/online-exam-schedule,,,,,
SDS  210R,081 Online,See https://uwaterloo.ca/quest/help/students/how-do-i/online-exam-schedule,,,,,
SDS  250R,081 Online,See https://uwaterloo.ca/quest/help/students/how-do-i/online-exam-schedule,,,,,
SDS  251R,081 Online,See https://uwaterloo.ca/quest/help/students/how-do-i/online-exam-schedule,,,,,
SDS  350R,081 Online,See https://uwaterloo.ca/quest/help/students/how-do-i/online-exam-schedule,,,,,
SE  463,"001,002",Wednesday,"August 2, 2017",12:30 PM,3:00 PM,M3 1006,
SOC  101,081 Online,See https://uwaterloo.ca/quest/help/students/how-do-i/online-exam-schedule,,,,,
SOC  229,081 Online,See https://uwaterloo.ca/quest/help/students/how-do-i/online-exam-schedule,,,,,
SOC  327,081 Online,See https://uwaterloo.ca/quest/help/students/how-do-i/online-exam-schedule,,,,,
SOCWK  120R,081 Online,See https://uwaterloo.ca/quest/help/students/how-do-i/online-exam-schedule,,,,,
SOCWK  221R,081 Online,See https://uwaterloo.ca/quest/help/students/how-do-i/online-exam-schedule,,,,,
SOCWK  222R,081 Online,See https://uwaterloo.ca/quest/help/students/how-do-i/online-exam-schedule,,,,,
SOCWK  300R,081 Online,See https://uwaterloo.ca/quest/help/students/how-do-i/online-exam-schedule,,,,,
STAT  230,001 to 003,Wednesday,"August 2, 2017",9:00 AM,11:30 AM,"PAC 4,5,6,7,8",
STAT  231,001 to 003,Friday,"July 28, 2017",9:00 AM,11:30 AM,"PAC 1,2,3,4,5,6,7",
STAT  330,001,Wednesday,"August 9, 2017",4:00 PM,6:30 PM,"PAC 7,8",
STAT  331,001,Friday,"July 28, 2017",12:30 PM,3:00 PM,"PAC 4,5",
STAT  332,001,Thursday,"August 3, 2017",9:00 AM,11:30 AM,"PAC 7,8",
STAT  333,"001,002",Wednesday,"August 2, 2017",9:00 AM,11:30 AM,"PAC 1,2,3,9",
STAT  371,001,Wednesday,"August 9, 2017",12:30 PM,3:00 PM,PAC 1,
STAT  430,001,Thursday,"August 3, 2017",4:00 PM,6:30 PM,PAC 6,
STAT  431,001,Friday,"July 28, 2017",7:30 PM,10:00 PM,"PAC 1,2",
STAT  440,001,Tuesday,"August 1, 2017",7:30 PM,10:00 PM,MC 4041,
STAT  443,001,Thursday,"August 10, 2017",4:00 PM,6:30 PM,"PAC 4,5",
STAT  444,001,Tuesday,"August 8, 2017",9:00 AM,11:30 AM,MC 4061,
STAT  830,001,Thursday,"August 3, 2017",4:00 PM,6:30 PM,PAC 6,
STAT  840,001,Tuesday,"August 1, 2017",7:30 PM,10:00 PM,MC 4041,
STAT  844,001,Tuesday,"August 8, 2017",9:00 AM,11:30 AM,MC 4061,
SYDE  112,001,Friday,"August 4, 2017",9:00 AM,11:30 AM,Sched Only,
SYDE  114,001,Friday,"July 28, 2017",9:00 AM,11:30 AM,Sched Only,
SYDE  162,001,Wednesday,"August 2, 2017",12:30 PM,3:00 PM,Sched Only,
SYDE  182,001,Tuesday,"August 8, 2017",9:00 AM,11:30 AM,Sched Only,
SYDE  192,001,Tuesday,"August 1, 2017",9:00 AM,11:30 AM,Sched Only,
SYDE  211,001,Friday,"July 28, 2017",4:00 PM,6:30 PM,Sched Only,
SYDE  252,001,Thursday,"August 10, 2017",12:30 PM,3:00 PM,Sched Only,
SYDE  311,001,Tuesday,"August 8, 2017",12:30 PM,3:00 PM,Sched Only,
SYDE  351,001,Tuesday,"August 1, 2017",12:30 PM,3:00 PM,Sched Only,
SYDE  351,002,Friday,"August 4, 2017",12:30 PM,3:00 PM,Sched Only,
SYDE  381,001,Friday,"August 11, 2017",12:30 PM,3:00 PM,Sched Only,
SYDE  383,001,Friday,"July 28, 2017",12:30 PM,3:00 PM,Sched Only,
WS  222,081 Online,See https://uwaterloo.ca/quest/help/students/how-do-i/online-exam-schedule,,,,,
