Exam,Section(s),Day,Date,Start,Finish,Location
ACTSC 221,001,Monday,"December 18, 2017",7:30 PM,10:00 PM,"PAC 10,11"
ACTSC 231,001 to 003,Thursday,"December 7, 2017",4:00 PM,6:30 PM,"STC 0060,1012"
ACTSC 232,001,Monday,"December 18, 2017",12:30 PM,3:00 PM,MC 1085
ACTSC 331,001,Friday,"December 15, 2017",9:00 AM,11:30 AM,"MC 2034,2035"
ACTSC 371,"001,002",Thursday,"December 21, 2017",12:30 PM,3:00 PM,"PAC 7,8,11"
ACTSC 372,"001,002",Tuesday,"December 19, 2017",9:00 AM,11:30 AM,M3 1006
ACTSC 431,001,Tuesday,"December 19, 2017",12:30 PM,3:00 PM,MC 4059
ACTSC 432,001,Wednesday,"December 13, 2017",7:30 PM,10:00 PM,PAC 3
ACTSC 445,001,Friday,"December 8, 2017",7:30 PM,10:00 PM,MC 4020
ACTSC 446,001,Thursday,"December 7, 2017",4:00 PM,6:30 PM,"MC 4041,4042,4045"
ACTSC 462,001,Monday,"December 18, 2017",4:00 PM,6:30 PM,MC 4059
ACTSC 845,001,Friday,"December 8, 2017",7:30 PM,10:00 PM,MC 4020
ACTSC 846,001,Thursday,"December 7, 2017",4:00 PM,6:30 PM,"MC 4041,4042,4045"
AFM 101,001 to 006,Thursday,"December 14, 2017",4:00 PM,6:30 PM,"PAC 1,2,3,4,5,6,7,8"
AFM 102,001,Tuesday,"December 12, 2017",4:00 PM,6:30 PM,M3 1006
AFM 123,001,Wednesday,"December 13, 2017",4:00 PM,6:30 PM,M3 1006
AFM 131,003 to 006,Friday,"December 8, 2017",7:30 PM,10:00 PM,"PAC 1,2,3,4,5,6,7,8,9,10,11, DC 1350"
AFM 131,081 Online,See https://uwaterloo.ca/quest/help/students/how-do-i/online-exam-schedule,,,,
AFM 202,001 to 004,Monday,"December 11, 2017",7:30 PM,9:00 PM,"DC 1350,1351"
AFM 202,005 to 007,Monday,"December 11, 2017",7:30 PM,9:30 PM,"CPH 1346, E2 1310"
AFM 231,001,Friday,"December 15, 2017",7:30 PM,9:30 PM,DC 1350
AFM 272,"001,002",Tuesday,"December 19, 2017",12:30 PM,3:00 PM,PAC 8
AFM 273,001 to 006,Tuesday,"December 19, 2017",12:30 PM,3:00 PM,"PAC 4,5,6,7"
AFM 291,001 to 007,Friday,"December 15, 2017",4:00 PM,6:30 PM,"PAC 1,2,3,4,5"
AFM 321,001,Exam removed from schedule. Contact instructor for further information.,,,,
AFM 323,001,Monday,"December 11, 2017",7:30 PM,10:00 PM,HH 280
AFM 333,001 to 003,Monday,"December 11, 2017",9:00 AM,11:30 AM,"STC 0010,0020"
AFM 362,001 to 004,Wednesday,"December 13, 2017",9:00 AM,11:30 AM,"DC 1350,1351"
AFM 373,001 to 006,Monday,"December 18, 2017",9:00 AM,11:00 AM,"STC 0010,0020,0040"
AFM 391,001 to 004,Thursday,"December 7, 2017",4:00 PM,6:30 PM,"DC 1350,1351"
AFM 401,001 to 005,Thursday,"December 7, 2017",12:30 PM,3:00 PM,"PAC 7,8,9,10"
AFM 415,001,Thursday,"December 7, 2017",7:30 PM,9:30 PM,HH 280
AFM 415,002,Thursday,"December 7, 2017",7:30 PM,10:00 PM,MC 4058
AFM 425,001,Friday,"December 8, 2017",7:30 PM,10:00 PM,MC 4061
AFM 433,"001,002",Thursday,"December 14, 2017",7:30 PM,10:00 PM,"CPH 1346, HH 280"
AFM 462,001 to 005,Wednesday,"December 13, 2017",7:30 PM,10:00 PM,"CPH 1346, E2 1310, HH 280"
AFM 476,001,Monday,"December 18, 2017",9:00 AM,11:00 AM,"STC 0010,0020,0040"
AFM 477,001,Monday,"December 18, 2017",4:00 PM,6:30 PM,MC 4061
AFM 479,001 to 006,Monday,"December 11, 2017",12:30 PM,2:00 PM,"STC 0060,1012"
AFM 482,001 to 005,Friday,"December 8, 2017",12:30 PM,3:00 PM,"MC 4020,4021,4059,4060,4061"
AFM 491,"001,002",Friday,"December 15, 2017",12:30 PM,3:00 PM,"STC 0050,0060"
AMATH 231,001,Friday,"December 15, 2017",4:00 PM,6:30 PM,MC 4045
AMATH 250,"001,002",Tuesday,"December 12, 2017",9:00 AM,11:30 AM,STC 1012
AMATH 251,001,Tuesday,"December 12, 2017",12:30 PM,3:00 PM,MC 4020
AMATH 271,001,Thursday,"December 7, 2017",12:30 PM,3:00 PM,MC 4041
AMATH 331,001,Monday,"December 18, 2017",7:30 PM,10:00 PM,PAC 8
AMATH 342,001,Saturday,"December 16, 2017",9:00 AM,11:30 AM,MC 4041
AMATH 350,001,Thursday,"December 21, 2017",4:00 PM,6:30 PM,DC 1350
AMATH 351,001,Tuesday,"December 12, 2017",4:00 PM,6:30 PM,MC 4020
AMATH 391,001,Wednesday,"December 13, 2017",12:30 PM,3:00 PM,MC 4064
AMATH 442,001,Wednesday,"December 13, 2017",7:30 PM,10:00 PM,MC 4042
AMATH 453,001,Monday,"December 11, 2017",9:00 AM,11:30 AM,MC 4040
AMATH 456,001,Friday,"December 8, 2017",4:00 PM,6:30 PM,MC 2034
AMATH 463,001,Wednesday,"December 13, 2017",9:00 AM,11:30 AM,MC 4064
AMATH 473,001,Saturday,"December 9, 2017",12:30 PM,3:00 PM,MC 4020
AMATH 663,001,Wednesday,"December 13, 2017",9:00 AM,11:30 AM,MC 4064
AMATH 673,001,Saturday,"December 9, 2017",12:30 PM,3:00 PM,MC 4020
ANTH 100,001,Wednesday,"December 20, 2017",12:30 PM,2:30 PM,M3 1006
ANTH 201,001,Tuesday,"December 12, 2017",4:00 PM,6:30 PM,PAS 1229
ANTH 202,001,Monday,"December 11, 2017",9:00 AM,11:30 AM,PAS 1229
ANTH 204,001,Saturday,"December 9, 2017",12:30 PM,3:00 PM,RCH 307
ANTH 222,001,Wednesday,"December 13, 2017",12:30 PM,3:00 PM,HH 1102
ANTH 321,001,Thursday,"December 7, 2017",12:30 PM,3:00 PM,PAS 1241
ANTH 355,001,Saturday,"December 9, 2017",9:00 AM,11:30 AM,PAS 1098D
APPLS 301,001,Friday,"December 8, 2017",9:00 AM,11:30 AM,ML 246
ARBUS 101,"001,002",Friday,"December 8, 2017",7:30 PM,10:00 PM,"PAC 1,2,3,4,5,6,7,8,9,10,11, DC 1350"
ARBUS 202,001,Tuesday,"December 19, 2017",9:00 AM,11:30 AM,EV3 1408
ARBUS 202,081 Online,See https://uwaterloo.ca/quest/help/students/how-do-i/online-exam-schedule,,,,
ARBUS 300,"001,002",Tuesday,"December 12, 2017",4:00 PM,6:30 PM,"PAC 1,2,3"
ARBUS 301,001 to 003,Monday,"December 11, 2017",9:00 AM,11:30 AM,"STC 0010,0020"
ARTS 122,001,Monday,"December 11, 2017",9:00 AM,11:00 AM,STP 201
ARTS 190,001,Thursday,"December 7, 2017",12:30 PM,3:00 PM,ML 212
ARTS 280,001,Thursday,"December 7, 2017",12:30 PM,3:00 PM,B1 370
AVIA 100,001,Friday,"December 15, 2017",4:00 PM,6:30 PM,"MC 2017,2054"
BIOL 110,001,Thursday,"December 21, 2017",4:00 PM,6:30 PM,"STC 0060,1012"
BIOL 130,001 to 003,Friday,"December 15, 2017",12:30 PM,3:00 PM,"PAC 1,2,3,4,5,6,7,8,9,10,11
STC 0010,0020,0040,1012"
BIOL 150,001,Wednesday,"December 20, 2017",4:00 PM,6:30 PM,"PAC 4,5,6,7"
BIOL 239,081 Online,See https://uwaterloo.ca/quest/help/students/how-do-i/online-exam-schedule,,,,
BIOL 240,"001,002",Friday,"December 8, 2017",12:30 PM,3:00 PM,"PAC 1,2,3,4,5,6,7,8"
BIOL 240L,001 to 019,Tuesday,"December 19, 2017",7:30 PM,8:30 PM,"PAC 1,2,3,4,5,6"
BIOL 266,001,Thursday,"December 14, 2017",9:00 AM,11:30 AM,"MC 4059,4060,4061"
BIOL 273,081 Online,See https://uwaterloo.ca/quest/help/students/how-do-i/online-exam-schedule,,,,
BIOL 301,001,Wednesday,"December 13, 2017",4:00 PM,6:30 PM,"PAC 4,5,9,10,11"
BIOL 303,001,Tuesday,"December 19, 2017",9:00 AM,11:30 AM,"STC 0010,0020,0040"
BIOL 308,001,Friday,"December 15, 2017",4:00 PM,6:30 PM,"PAC 6,7,8,9,10"
BIOL 309,001,Tuesday,"December 12, 2017",9:00 AM,11:30 AM,"DC 1350,1351"
BIOL 310,001,Saturday,"December 9, 2017",12:30 PM,3:00 PM,MC 2017
BIOL 323,001,Saturday,"December 9, 2017",7:30 PM,10:00 PM,STC 0010
BIOL 325,001,Thursday,"December 7, 2017",12:30 PM,3:00 PM,STC 0010
BIOL 342,001,Tuesday,"December 12, 2017",12:30 PM,3:00 PM,"MC 4059,4061"
BIOL 345,001,Monday,"December 18, 2017",7:30 PM,10:00 PM,STC 0020
BIOL 350,001,Wednesday,"December 13, 2017",9:00 AM,11:30 AM,"MC 4020,4021"
BIOL 354,001,Tuesday,"December 19, 2017",4:00 PM,6:30 PM,"PAC 9,10,11"
BIOL 359,001,Wednesday,"December 20, 2017",9:00 AM,11:30 AM,STC 1012
BIOL 370,001,Thursday,"December 14, 2017",4:00 PM,6:30 PM,DC 1350
BIOL 376,001,Wednesday,"December 20, 2017",12:30 PM,3:00 PM,MC 4059
BIOL 377,001,Tuesday,"December 19, 2017",12:30 PM,3:00 PM,MC 4040
BIOL 434,001,Friday,"December 15, 2017",9:00 AM,11:30 AM,STC 0010
BIOL 439,001,Monday,"December 18, 2017",12:30 PM,3:00 PM,STC 1012
BIOL 443,001,Friday,"December 8, 2017",9:00 AM,11:30 AM,"MC 4020,4021"
BIOL 444,001,Tuesday,"December 19, 2017",12:30 PM,3:00 PM,MC 4041
BIOL 447,001,Monday,"December 11, 2017",7:30 PM,10:00 PM,"PAC 9,10"
BIOL 448,001,Friday,"December 15, 2017",7:30 PM,10:00 PM,MC 4040
BIOL 456,001,Wednesday,"December 13, 2017",7:30 PM,10:00 PM,MC 4041
BIOL 470,001,Saturday,"December 16, 2017",12:30 PM,3:00 PM,B2 149
BIOL 473,001,Tuesday,"December 12, 2017",7:30 PM,10:00 PM,DC 1350
BIOL 479,001,Thursday,"December 7, 2017",12:30 PM,3:00 PM,"MC 4059,4061"
BME 101L,001,Monday,"December 11, 2017",12:30 PM,3:00 PM,"E2 1306,1310"
BME 121,001,Friday,"December 15, 2017",12:30 PM,3:00 PM,E2 1310
BME 161,001,Thursday,"December 14, 2017",9:00 AM,11:30 AM,RCH 301
BME 181,001,Thursday,"December 7, 2017",12:30 PM,3:00 PM,RCH 301
BME 213,001,Friday,"December 15, 2017",12:30 PM,3:00 PM,CPH 1346
BME 261,001,Wednesday,"December 13, 2017",9:00 AM,11:30 AM,RCH 105
BME 281,001,Thursday,"December 7, 2017",4:00 PM,6:30 PM,RCH 307
BME 285,001,Monday,"December 11, 2017",4:00 PM,6:30 PM,RCH 307
BME 384,001,Thursday,"December 7, 2017",7:30 PM,10:00 PM,E6 2024
BME 386,001,Wednesday,"December 13, 2017",12:30 PM,3:00 PM,RCH 207
BME 392,001,Monday,"December 11, 2017",4:00 PM,6:30 PM,RCH 207
BUS 111W,,Saturday,"December 9, 2017",12:30 PM,3:00 PM,"PAC 1,2,3"
BUS 127W,,See https://students.wlu.ca/academics/exams/exam-schedules/index.html,,,,
BUS 208W,,See https://students.wlu.ca/academics/exams/exam-schedules/index.html,,,,
BUS 231W,,See https://students.wlu.ca/academics/exams/exam-schedules/index.html,,,,
BUS 247W,,See https://students.wlu.ca/academics/exams/exam-schedules/index.html,,,,
BUS 283W,,See https://students.wlu.ca/academics/exams/exam-schedules/index.html,,,,
BUS 288W,,See https://students.wlu.ca/academics/exams/exam-schedules/index.html,,,,
BUS 352W,,See https://students.wlu.ca/academics/exams/exam-schedules/index.html,,,,
BUS 354W,,See https://students.wlu.ca/academics/exams/exam-schedules/index.html,,,,
BUS 357W,,See https://students.wlu.ca/academics/exams/exam-schedules/index.html,,,,
BUS 362W,,See https://students.wlu.ca/academics/exams/exam-schedules/index.html,,,,
BUS 387W,,See https://students.wlu.ca/academics/exams/exam-schedules/index.html,,,,
BUS 393W,,See https://students.wlu.ca/academics/exams/exam-schedules/index.html,,,,
BUS 408W,,See https://students.wlu.ca/academics/exams/exam-schedules/index.html,,,,
BUS 412W,,See https://students.wlu.ca/academics/exams/exam-schedules/index.html,,,,
BUS 413W,,See https://students.wlu.ca/academics/exams/exam-schedules/index.html,,,,
BUS 423W,,See https://students.wlu.ca/academics/exams/exam-schedules/index.html,,,,
BUS 429W,,See https://students.wlu.ca/academics/exams/exam-schedules/index.html,,,,
BUS 435W,,See https://students.wlu.ca/academics/exams/exam-schedules/index.html,,,,
BUS 443W,,See https://students.wlu.ca/academics/exams/exam-schedules/index.html,,,,
BUS 451W,,See https://students.wlu.ca/academics/exams/exam-schedules/index.html,,,,
BUS 460W,,See https://students.wlu.ca/academics/exams/exam-schedules/index.html,,,,
BUS 466W,,See https://students.wlu.ca/academics/exams/exam-schedules/index.html,,,,
BUS 467W,,See https://students.wlu.ca/academics/exams/exam-schedules/index.html,,,,
BUS 473W,,See https://students.wlu.ca/academics/exams/exam-schedules/index.html,,,,
BUS 477W,,See https://students.wlu.ca/academics/exams/exam-schedules/index.html,,,,
BUS 480W,,See https://students.wlu.ca/academics/exams/exam-schedules/index.html,,,,
BUS 481W,,See https://students.wlu.ca/academics/exams/exam-schedules/index.html,,,,
BUS 486W,,See https://students.wlu.ca/academics/exams/exam-schedules/index.html,,,,
BUS 487W,,See https://students.wlu.ca/academics/exams/exam-schedules/index.html,,,,
BUS 493UW,,See https://students.wlu.ca/academics/exams/exam-schedules/index.html,,,,
CHE 100,001,Saturday,"December 9, 2017",12:30 PM,3:00 PM,"MC 4059,4061"
CHE 102,001 to 012,Tuesday,"December 19, 2017",9:00 AM,11:30 AM,"PAC 1,2,3,4,5,6,7,8,9,10,11
STC 0050,0060,1012"
CHE 200,001,Friday,"December 15, 2017",4:00 PM,6:30 PM,"MC 2034,2035"
CHE 211,001,Monday,"December 18, 2017",9:00 AM,11:30 AM,"E6 2024,4022"
CHE 220,001,Monday,"December 18, 2017",12:30 PM,3:00 PM,STC 0010
CHE 230,001,Thursday,"December 7, 2017",12:30 PM,3:00 PM,MC 1085
CHE 231,001,Saturday,"December 9, 2017",7:30 PM,10:00 PM,"E6 2022,2024"
CHE 241,001,Monday,"December 11, 2017",9:00 AM,11:30 AM,"E6 2022,2024"
CHE 313,001,Tuesday,"December 19, 2017",4:00 PM,6:30 PM,DC 1350
CHE 331,001,Saturday,"December 9, 2017",9:00 AM,11:30 AM,"E6 2024,4022"
CHE 361,001,Saturday,"December 16, 2017",9:00 AM,11:30 AM,STC 0050
CHE 420,001,Friday,"December 8, 2017",9:00 AM,11:30 AM,"MC 2017,2054"
CHE 425,001,Wednesday,"December 13, 2017",12:30 PM,3:00 PM,DC 1350
CHE 480,001,Thursday,"December 14, 2017",4:00 PM,6:30 PM,STC 0020
CHE 516,001,Thursday,"December 7, 2017",9:00 AM,11:30 AM,"E6 2022,2024,4022"
CHE 541,001,Monday,"December 11, 2017",7:30 PM,10:00 PM,E6 4022
CHE 571,001,Monday,"December 18, 2017",7:30 PM,10:00 PM,"E6 2024,4022"
CHE 622,001,Wednesday,"December 13, 2017",12:30 PM,3:00 PM,DC 1350
CHEM 120,001 to 006,Thursday,"December 7, 2017",9:00 AM,11:30 AM,"PAC 1,2,3,4,5,6,7,8,9,10,11, DC 1350,1351
STC 0010,0020,0040,0050,0060,1012"
CHEM 120L,001 to 014,Thursday,"December 7, 2017",7:30 PM,9:30 PM,"PAC 1,2,3,4,5,6,7,8,9,10,11
STC 0010,0020,0040,0050,1012"
CHEM 123,081 Online,See https://uwaterloo.ca/quest/help/students/how-do-i/online-exam-schedule,,,,
CHEM 209,001,Saturday,"December 16, 2017",9:00 AM,11:30 AM,"DC 1350,1351"
CHEM 220,001,Thursday,"December 14, 2017",4:00 PM,6:30 PM,STC 1012
CHEM 237,001,Saturday,"December 9, 2017",12:30 PM,3:00 PM,"STC 0010,0020"
CHEM 237L,001 to 003,Monday,"December 11, 2017",12:30 PM,2:30 PM,"STC 0040,0050"
CHEM 240,001,Wednesday,"December 20, 2017",9:00 AM,11:30 AM,STC 0050
CHEM 262,001,Tuesday,"December 12, 2017",4:00 PM,6:30 PM,MC 1085
CHEM 264,001,Thursday,"December 21, 2017",12:30 PM,3:00 PM,"PAC 1,2"
CHEM 266,"001,002",Monday,"December 18, 2017",9:00 AM,11:30 AM,"PAC 1,2,3,4,5,6,9,10"
CHEM 267,081 Online,See https://uwaterloo.ca/quest/help/students/how-do-i/online-exam-schedule,,,,
CHEM 302,081 Online,See https://uwaterloo.ca/quest/help/students/how-do-i/online-exam-schedule,,,,
CHEM 310,001,Saturday,"December 9, 2017",12:30 PM,3:00 PM,MC 4040
CHEM 331,001,Thursday,"December 21, 2017",9:00 AM,11:30 AM,PAC 3
CHEM 333,001,Thursday,"December 21, 2017",12:30 PM,3:00 PM,PAC 9
CHEM 339,081 Online,See https://uwaterloo.ca/quest/help/students/how-do-i/online-exam-schedule,,,,
CHEM 356,001,Friday,"December 15, 2017",9:00 AM,11:30 AM,"MC 4020,4021"
CHEM 363,001,Monday,"December 18, 2017",12:30 PM,3:00 PM,MC 4041
CHEM 370,001,Thursday,"December 7, 2017",4:00 PM,6:30 PM,MC 1056
CHEM 383,001,Wednesday,"December 13, 2017",7:30 PM,10:00 PM,PAC 9
CHEM 400,001,Tuesday,"December 12, 2017",12:30 PM,3:00 PM,MC 4042
CHEM 400,002,Wednesday,"December 13, 2017",12:30 PM,3:00 PM,MC 2038
CHEM 400,003,Thursday,"December 7, 2017",9:00 AM,11:30 AM,MC 1056
CHEM 430,001,Wednesday,"December 20, 2017",12:30 PM,3:00 PM,MC 4045
CHEM 432,001,Thursday,"December 14, 2017",12:30 PM,3:00 PM,MC 2034
CHEM 464,001,Monday,"December 11, 2017",9:00 AM,11:30 AM,MC 4061
CHEM 731,002,Wednesday,"December 20, 2017",12:30 PM,3:00 PM,MC 4045
CHEM 740,001,Thursday,"December 7, 2017",9:00 AM,11:30 AM,MC 1056
CHEM 770,001,Thursday,"December 7, 2017",4:00 PM,6:30 PM,MC 1056
CHINA 101R,"001,002",Thursday,"December 21, 2017",9:00 AM,11:30 AM,REN 2106
CHINA 102R,001,Tuesday,"December 12, 2017",9:00 AM,11:30 AM,REN 2107
CHINA 120R,001,Saturday,"December 16, 2017",4:00 PM,6:30 PM,REN 2107
CHINA 120R,002,Saturday,"December 16, 2017",4:00 PM,6:30 PM,REN 2102
CHINA 201R,001,Thursday,"December 21, 2017",12:30 PM,3:00 PM,REN 2102
CHINA 202R,001,Wednesday,"December 20, 2017",9:00 AM,11:30 AM,REN 2102
CHINA 301R,001,Saturday,"December 16, 2017",9:00 AM,11:30 AM,"REN 2102,2104"
CHINA 320R,001,Saturday,"December 9, 2017",9:00 AM,11:00 AM,REN 2102
CIVE 100,001,Friday,"December 15, 2017",9:00 AM,11:30 AM,"CPH 1346, E2 1310"
CIVE 115,"001,002",Tuesday,"December 12, 2017",9:00 AM,11:30 AM,"STC 0010,0020,0040"
CIVE 204,001,Friday,"December 15, 2017",9:00 AM,11:30 AM,"RCH 103,105,110"
CIVE 221,001,Thursday,"December 7, 2017",9:00 AM,11:30 AM,"RCH 301,302"
CIVE 224,001,Tuesday,"December 19, 2017",9:00 AM,11:30 AM,"CPH 3602,3604,3607"
CIVE 241,001,Monday,"December 11, 2017",9:00 AM,11:30 AM,"RCH 301,302"
CIVE 265,001,Wednesday,"December 13, 2017",9:00 AM,11:30 AM,"CPH 3602,3604,3607"
CIVE 313,001,Friday,"December 15, 2017",9:00 AM,11:30 AM,"RCH 302,305"
CIVE 332,001,Friday,"December 8, 2017",9:00 AM,11:30 AM,"RCH 302,305"
CIVE 343,001,Saturday,"December 9, 2017",12:30 PM,3:00 PM,CPH 3607
CIVE 354,001,Tuesday,"December 12, 2017",9:00 AM,11:30 AM,"CPH 3602,3604,3607"
CIVE 381,001,Tuesday,"December 19, 2017",7:30 PM,10:00 PM,CPH 3604
CIVE 382,001,Monday,"December 11, 2017",7:30 PM,10:00 PM,RCH 301
CIVE 486,001,Friday,"December 8, 2017",4:00 PM,6:30 PM,CPH 3607
CIVE 497,001,Tuesday,"December 19, 2017",9:00 AM,11:30 AM,MC 4059
CLAS 100,001,Thursday,"December 14, 2017",4:00 PM,6:00 PM,DC 1351
CLAS 202,001,Thursday,"December 14, 2017",12:30 PM,2:00 PM,STC 1012
CLAS 221,001,Tuesday,"December 12, 2017",4:00 PM,6:30 PM,PAS 1229
CLAS 230,001,Wednesday,"December 20, 2017",9:00 AM,11:30 AM,MC 4045
CLAS 252,001,Wednesday,"December 20, 2017",12:30 PM,2:00 PM,MC 4061
CLAS 261,001,Thursday,"December 7, 2017",12:30 PM,3:00 PM,SJ1 3015
CLAS 321,001,Thursday,"December 7, 2017",12:30 PM,3:00 PM,PAS 1241
CLAS 384,001,Tuesday,"December 12, 2017",12:30 PM,2:30 PM,PAC 11
CLAS 486,001,Wednesday,"December 13, 2017",7:30 PM,10:00 PM,PAC 8
CLAS 651,001,Wednesday,"December 13, 2017",7:30 PM,10:00 PM,PAC 8
CM 762,001,Tuesday,"December 19, 2017",7:30 PM,10:00 PM,MC 1085
CM 763,001,Tuesday,"December 12, 2017",9:00 AM,11:30 AM,PAC 8
CMW 363,001,Friday,"December 8, 2017",9:00 AM,11:30 AM,CGC 1208
CO 227,001,Saturday,"December 9, 2017",12:30 PM,3:00 PM,MC 4045
CO 250,"001,002",Friday,"December 15, 2017",9:00 AM,11:30 AM,STC 1012
CO 255,001,Thursday,"December 21, 2017",12:30 PM,3:00 PM,MC 4064
CO 330,001,Saturday,"December 16, 2017",12:30 PM,3:00 PM,MC 4045
CO 342,001,Tuesday,"December 19, 2017",9:00 AM,11:30 AM,MC 1085
CO 351,001,Monday,"December 18, 2017",4:00 PM,6:30 PM,MC 1085
CO 367,001,Thursday,"December 21, 2017",4:00 PM,6:30 PM,MC 4064
CO 370,001,Wednesday,"December 13, 2017",9:00 AM,11:30 AM,"MC 2034,2035,2038"
CO 372,001,Saturday,"December 9, 2017",12:30 PM,3:00 PM,MC 2054
CO 442,001,Thursday,"December 7, 2017",12:30 PM,3:00 PM,MC 4058
CO 450,001,Friday,"December 8, 2017",7:30 PM,10:00 PM,MC 2034
CO 456,001,Tuesday,"December 19, 2017",4:00 PM,6:30 PM,MC 4061
CO 485,001,Wednesday,"December 13, 2017",7:30 PM,10:00 PM,PAC 4
CO 642,001,Thursday,"December 7, 2017",12:30 PM,3:00 PM,MC 4058
CO 650,001,Friday,"December 8, 2017",7:30 PM,10:00 PM,MC 2034
CO 685,001,Wednesday,"December 13, 2017",7:30 PM,10:00 PM,PAC 4
COMM 231,001,Monday,"December 18, 2017",12:30 PM,3:00 PM,M3 1006
COMM 421,001,Wednesday,"December 13, 2017",7:30 PM,10:00 PM,MC 4040
COMM 431,001,Thursday,"December 7, 2017",4:00 PM,6:30 PM,MC 4040
CROAT 101,081 Online,See https://uwaterloo.ca/quest/help/students/how-do-i/online-exam-schedule,,,,
CS 100,081 Online,See https://uwaterloo.ca/quest/help/students/how-do-i/online-exam-schedule,,,,
CS 105,"001,002",Thursday,"December 14, 2017",9:00 AM,11:30 AM,"DC 1350,1351"
CS 115,001 to 011,Wednesday,"December 20, 2017",12:30 PM,3:00 PM,"PAC 1,2,3,4,5,6,7,8"
CS 116,001 to 003,Wednesday,"December 13, 2017",12:30 PM,3:00 PM,STC 1012
CS 135,001 to 011,Wednesday,"December 20, 2017",9:00 AM,11:30 AM,"PAC 1,2,3,4,5,6,7,8,9,10"
CS 136,001 to 003,Wednesday,"December 20, 2017",4:00 PM,6:30 PM,"PAC 1,2,3"
CS 137,001,Monday,"December 18, 2017",9:00 AM,11:30 AM,"MC 2034,2035,2038"
CS 145,001,Thursday,"December 7, 2017",12:30 PM,3:00 PM,"MC 4042,4045"
CS 234,"001,002",Friday,"December 8, 2017",7:30 PM,10:00 PM,STC 1012
CS 240,001 to 003,Tuesday,"December 12, 2017",9:00 AM,11:30 AM,"MC 4020,4021,4059,4061"
CS 241,001 to 004,Saturday,"December 9, 2017",12:30 PM,3:00 PM,"STC 0060,1012"
CS 241E,001,Saturday,"December 9, 2017",12:30 PM,3:00 PM,STC 0050
CS 245,001 to 007,Monday,"December 18, 2017",4:00 PM,6:30 PM,"PAC 1,2,3,4,5"
CS 245E,001,Monday,"December 18, 2017",4:00 PM,6:30 PM,PAC 6
CS 246,001 to 008,Wednesday,"December 13, 2017",4:00 PM,6:30 PM,"PAC 1,2,3,7,8"
CS 246E,001,Wednesday,"December 13, 2017",4:00 PM,6:30 PM,PAC 6
CS 251,001 to 003,Friday,"December 15, 2017",4:00 PM,6:30 PM,"DC 1350,1351"
CS 330,"001,002",Monday,"December 11, 2017",12:30 PM,3:00 PM,"PAC 7,8"
CS 335,001,Saturday,"December 16, 2017",9:00 AM,11:30 AM,PAC 8
CS 338,001,Wednesday,"December 13, 2017",12:30 PM,3:00 PM,"STC 0010,0020"
CS 341,001 to 004,Monday,"December 18, 2017",12:30 PM,3:00 PM,"PAC 4,5,6,7"
CS 343,"001,002",Tuesday,"December 19, 2017",12:30 PM,3:00 PM,"PAC 1,2,3"
CS 348,001 to 004,Friday,"December 15, 2017",7:30 PM,10:00 PM,"STC 0060,1012"
CS 349,"001,002",Thursday,"December 21, 2017",9:00 AM,11:30 AM,"PAC 1,2"
CS 350,001 to 005,Tuesday,"December 12, 2017",7:30 PM,10:00 PM,"PAC 1,2,3,8"
CS 360,001,Thursday,"December 7, 2017",12:30 PM,3:00 PM,STC 0040
CS 370,001 to 003,Wednesday,"December 20, 2017",12:30 PM,3:00 PM,"DC 1350,1351"
CS 430,001,Monday,"December 18, 2017",9:00 AM,11:30 AM,MC 1085
CS 432,001,Friday,"December 15, 2017",9:00 AM,11:30 AM,MC 4045
CS 445,001,Thursday,"December 7, 2017",9:00 AM,11:30 AM,MC 4045
CS 456,"001,002",Wednesday,"December 13, 2017",9:00 AM,11:30 AM,M3 1006
CS 458,"001,002",Thursday,"December 7, 2017",4:00 PM,6:30 PM,"PAC 9,10,11"
CS 466,001,Friday,"December 8, 2017",7:30 PM,10:00 PM,MC 4059
CS 486,"001,002",Monday,"December 18, 2017",9:00 AM,11:30 AM,M3 1006
CS 488,001,Thursday,"December 7, 2017",12:30 PM,3:00 PM,PAC 11
CS 489,"001,002",Friday,"December 15, 2017",12:30 PM,3:00 PM,"MC 2034,2035,2038"
CS 645,001,Thursday,"December 7, 2017",9:00 AM,11:30 AM,MC 4045
CS 656,"001,002",Wednesday,"December 13, 2017",9:00 AM,11:30 AM,M3 1006
CS 658,"001,002",Thursday,"December 7, 2017",4:00 PM,6:30 PM,"PAC 9,10,11"
CS 666,001,Friday,"December 8, 2017",7:30 PM,10:00 PM,MC 4059
CS 686,"001,002",Monday,"December 18, 2017",9:00 AM,11:30 AM,M3 1006
CS 688,001,Thursday,"December 7, 2017",12:30 PM,3:00 PM,PAC 11
CS 698,"001,002",Friday,"December 15, 2017",12:30 PM,3:00 PM,"MC 2034,2035,2038"
DRAMA 386,081 Online,See https://uwaterloo.ca/quest/help/students/how-do-i/online-exam-schedule,,,,
DUTCH 101,001,Saturday,"December 9, 2017",4:00 PM,6:30 PM,RCH 204
DUTCH 201,001,Thursday,"December 7, 2017",12:30 PM,3:00 PM,ML 246
EARTH 121,001,Thursday,"December 21, 2017",9:00 AM,11:30 AM,"PAC 4,5,6,7"
EARTH 121,081 Online,See https://uwaterloo.ca/quest/help/students/how-do-i/online-exam-schedule,,,,
EARTH 121L,001 to 006,Monday,"December 18, 2017",7:30 PM,10:00 PM,M3 1006
EARTH 123,001,Thursday,"December 14, 2017",12:30 PM,3:00 PM,"DC 1350,1351"
EARTH 123L,001 to 003,Tuesday,"December 12, 2017",4:00 PM,6:30 PM,RCH 301
EARTH 231,001,Wednesday,"December 20, 2017",7:30 PM,10:00 PM,DC 1351
EARTH 235,001,Saturday,"December 16, 2017",9:00 AM,11:30 AM,PAC 7
EARTH 260,001,Saturday,"December 9, 2017",12:30 PM,3:00 PM,PAC 8
EARTH 331,001,Monday,"December 11, 2017",4:00 PM,6:30 PM,MC 2034
EARTH 342,"001,002",Monday,"December 18, 2017",12:30 PM,3:00 PM,"PAC 9,10,11"
EARTH 421,001,Tuesday,"December 19, 2017",9:00 AM,11:30 AM,MC 4061
EARTH 440,001,Thursday,"December 21, 2017",12:30 PM,3:00 PM,PAC 10
EARTH 461,001,Thursday,"December 14, 2017",12:30 PM,3:00 PM,MC 2038
EASIA 202R,001,Saturday,"December 9, 2017",7:30 PM,10:00 PM,REN 0106
EASIA 360R,001,Wednesday,"December 13, 2017",9:00 AM,11:30 AM,REN 2102
ECE 105,001 to 004,Tuesday,"December 12, 2017",4:00 PM,6:30 PM,"PAC 4,5,6,7,8"
ECE 150,001 to 003,Saturday,"December 9, 2017",12:30 PM,3:00 PM,"PAC 4,5,6,7"
ECE 205,001,Saturday,"December 16, 2017",12:30 PM,3:00 PM,"PAC 9,10,11"
ECE 206,001,Wednesday,"December 13, 2017",7:30 PM,10:00 PM,PAC 5
ECE 207,"001,002",Monday,"December 18, 2017",9:00 AM,11:30 AM,"PAC 7,8"
ECE 209,001,Monday,"December 18, 2017",7:30 PM,10:00 PM,MC 4045
ECE 222,"001,002",Thursday,"December 7, 2017",9:00 AM,11:30 AM,"MC 4020,4021,4059,4060,4061"
ECE 224,"001,002",Thursday,"December 7, 2017",4:00 PM,6:30 PM,"STC 0010,0020,0040"
ECE 240,001,Wednesday,"December 13, 2017",12:30 PM,3:00 PM,"STC 0050,0060"
ECE 242,"001,002",Friday,"December 15, 2017",4:00 PM,6:30 PM,STC 1012
ECE 250,001,Saturday,"December 9, 2017",12:30 PM,3:00 PM,"PAC 9,10,11"
ECE 254,"001,002",Monday,"December 11, 2017",9:00 AM,11:30 AM,STC 1012
ECE 290,001,Monday,"December 11, 2017",12:30 PM,3:00 PM,"PAC 9,10,11"
ECE 318,001,Monday,"December 11, 2017",12:30 PM,3:00 PM,"STC 0010,0020"
ECE 356,001,Friday,"December 15, 2017",9:00 AM,11:30 AM,"MC 2017,2054"
ECE 358,001,Tuesday,"December 19, 2017",4:00 PM,6:30 PM,PAC 8
ECE 361,001,Saturday,"December 9, 2017",12:30 PM,3:00 PM,MC 4021
ECE 390,001,Tuesday,"December 12, 2017",9:00 AM,11:30 AM,"MC 2034,2035,2038"
ECE 451,001,Thursday,"December 7, 2017",9:00 AM,11:30 AM,MC 4045
ECE 484,001,Wednesday,"December 13, 2017",4:00 PM,6:30 PM,DC 1350
ECON 101,001,Saturday,"December 16, 2017",7:30 PM,10:00 PM,"DC 1350,1351"
ECON 101,002,Saturday,"December 16, 2017",7:30 PM,10:00 PM,M3 1006
ECON 101,"003,009",Saturday,"December 16, 2017",7:30 PM,10:00 PM,"PAC 6,7,8,9"
ECON 101,004,Saturday,"December 16, 2017",7:30 PM,10:00 PM,"MC 4020,4021,4059,4061"
ECON 101,005,Saturday,"December 16, 2017",7:30 PM,10:00 PM,STC 1012
ECON 101,"006,007",Saturday,"December 16, 2017",7:30 PM,10:00 PM,"PAC 1,2,3,4,5"
ECON 101,008,Saturday,"December 16, 2017",7:30 PM,10:00 PM,"STC 0010,0020,0040"
ECON 101,081 Online,See https://uwaterloo.ca/quest/help/students/how-do-i/online-exam-schedule,,,,
ECON 102,"001,002",Monday,"December 11, 2017",9:00 AM,11:30 AM,"PAC 1,2,3,4,5"
ECON 102,"003,004",Monday,"December 11, 2017",9:00 AM,11:30 AM,"PAC 6,7,8,9,10,11"
ECON 120W,,See https://students.wlu.ca/academics/exams/exam-schedules/index.html,,,,
ECON 201,"001,002",Wednesday,"December 20, 2017",7:30 PM,10:00 PM,STC 1012
ECON 201,003,Wednesday,"December 20, 2017",7:30 PM,10:00 PM,DC 1350
ECON 206,"001,002",Thursday,"December 7, 2017",7:30 PM,10:00 PM,"DC 1350,1351"
ECON 207,001,Tuesday,"December 12, 2017",7:30 PM,10:00 PM,STC 0050
ECON 211,"001,002",Thursday,"December 14, 2017",12:30 PM,2:30 PM,M3 1006
ECON 212,001,Saturday,"December 16, 2017",4:00 PM,6:30 PM,PAC 5
ECON 221,001,Saturday,"December 16, 2017",9:00 AM,11:30 AM,"PAC 9,10"
ECON 221,002,Saturday,"December 16, 2017",9:00 AM,11:30 AM,MC 4045
ECON 231,"001,002",Tuesday,"December 19, 2017",4:00 PM,6:00 PM,M3 1006
ECON 255,001,Tuesday,"December 19, 2017",9:00 AM,11:30 AM,MC 4045
ECON 290,001,Wednesday,"December 13, 2017",7:30 PM,10:00 PM,PAC 1
ECON 301,001,Monday,"December 11, 2017",7:30 PM,10:00 PM,PAC 7
ECON 302,001,Wednesday,"December 20, 2017",4:00 PM,6:30 PM,PAC 8
ECON 322,001,Monday,"December 18, 2017",9:00 AM,11:30 AM,"MC 4042,4045"
ECON 323,001,Thursday,"December 14, 2017",7:30 PM,9:30 PM,PAC 5
ECON 341,001,Monday,"December 11, 2017",9:00 AM,10:30 AM,MC 2034
ECON 351,001,Friday,"December 8, 2017",7:30 PM,10:00 PM,MC 2035
ECON 361,001,Monday,"December 11, 2017",7:30 PM,10:00 PM,PAC 8
ECON 371,"001,002",Saturday,"December 16, 2017",7:30 PM,10:00 PM,"STC 0050,0060"
ECON 391,001,Thursday,"December 21, 2017",12:30 PM,3:00 PM,PAC 6
ECON 401,001,Wednesday,"December 13, 2017",7:30 PM,10:00 PM,PAC 6
ECON 421,001,Thursday,"December 7, 2017",9:00 AM,11:30 AM,MC 4064
ECON 484,001,Tuesday,"December 19, 2017",12:30 PM,3:00 PM,MC 4042
ECON 491,001,Wednesday,"December 13, 2017",7:30 PM,10:00 PM,PAC 10
ECON 673,001,Tuesday,"December 19, 2017",12:30 PM,3:00 PM,MC 4042
EMLS 129R,081 Online,See https://uwaterloo.ca/quest/help/students/how-do-i/online-exam-schedule,,,,
ENBUS 202,001,Monday,"December 11, 2017",4:00 PM,6:30 PM,STC 1012
ENBUS 204,001,Wednesday,"December 13, 2017",12:30 PM,3:00 PM,M3 1006
ENBUS 306,001,Tuesday,"December 12, 2017",7:30 PM,10:00 PM,M3 1006
ENGL 100B,001,Tuesday,"December 19, 2017",12:30 PM,3:00 PM,HH 1102
ENGL 101A,002,Monday,"December 18, 2017",12:30 PM,3:00 PM,SJ2 2003
ENGL 101B,001,Monday,"December 18, 2017",12:30 PM,3:00 PM,MC 4040
ENGL 101B,081 Online,See https://uwaterloo.ca/quest/help/students/how-do-i/online-exam-schedule,,,,
ENGL 104,001,Wednesday,"December 20, 2017",12:30 PM,3:00 PM,PAC 11
ENGL 108A,001,Tuesday,"December 19, 2017",12:30 PM,3:00 PM,MC 2017
ENGL 108A,002,Saturday,"December 9, 2017",7:30 PM,10:00 PM,SJ2 2007
ENGL 108F,001,Saturday,"December 9, 2017",7:30 PM,10:00 PM,SJ2 2003
ENGL 109,015,Saturday,"December 9, 2017",9:00 AM,11:30 AM,SJ1 3016
ENGL 109,081 Online,See https://uwaterloo.ca/quest/help/students/how-do-i/online-exam-schedule,,,,
ENGL 190,081 Online,See https://uwaterloo.ca/quest/help/students/how-do-i/online-exam-schedule,,,,
ENGL 200A,001,Monday,"December 11, 2017",9:00 AM,10:00 AM,MC 2035
ENGL 200A,002,Saturday,"December 16, 2017",7:30 PM,10:00 PM,SJ2 2003
ENGL 200A,003,Saturday,"December 16, 2017",7:30 PM,10:00 PM,SJ1 3027
ENGL 200A,081 Online,See https://uwaterloo.ca/quest/help/students/how-do-i/online-exam-schedule,,,,
ENGL 210F,081 Online,See https://uwaterloo.ca/quest/help/students/how-do-i/online-exam-schedule,,,,
ENGL 210I,001,Monday,"December 11, 2017",9:00 AM,11:30 AM,SJ2 2003
ENGL 213,001,Friday,"December 8, 2017",9:00 AM,11:30 AM,SJ2 2007
ENGL 251A,003,Wednesday,"December 13, 2017",9:00 AM,11:30 AM,SJ1 3015
ENGL 251A,004,Thursday,"December 7, 2017",7:30 PM,10:00 PM,MC 4042
ENGL 251A,081 Online,See https://uwaterloo.ca/quest/help/students/how-do-i/online-exam-schedule,,,,
ENGL 306A,081 Online,See https://uwaterloo.ca/quest/help/students/how-do-i/online-exam-schedule,,,,
ENGL 309B,001,Thursday,"December 14, 2017",12:30 PM,3:00 PM,MC 2035
ENGL 310B,001,Thursday,"December 7, 2017",9:00 AM,11:30 AM,SJ1 3015
ENGL 362,001,Wednesday,"December 13, 2017",4:00 PM,6:00 PM,MC 4064
ENGL 362,081 Online,See https://uwaterloo.ca/quest/help/students/how-do-i/online-exam-schedule,,,,
ENGL 371,001,Friday,"December 15, 2017",9:00 AM,11:30 AM,SJ1 3016
ENGL 430B,001,Monday,"December 11, 2017",7:30 PM,10:00 PM,HH 1102
ENGL 451B,001,Monday,"December 11, 2017",9:00 AM,11:30 AM,HH 1102
ENGL 460D,001,Monday,"December 11, 2017",9:00 AM,11:30 AM,MC 4063
ENVE 100,001,Friday,"December 15, 2017",9:00 AM,11:30 AM,"CPH 1346, E2 1310"
ENVE 225,001,Monday,"December 18, 2017",9:00 AM,11:30 AM,RCH 302
ENVE 277,001,Wednesday,"December 13, 2017",12:30 PM,3:00 PM,RCH 301
ENVE 279,001,Friday,"December 15, 2017",12:30 PM,3:00 PM,RCH 302
ENVE 472,001,Saturday,"December 9, 2017",7:30 PM,10:00 PM,CPH 3607
ENVS 105,001,Friday,"December 15, 2017",12:30 PM,3:00 PM,"DC 1350,1351"
ENVS 178,001,Tuesday,"December 12, 2017",9:00 AM,11:30 AM,"PAC 1,2,3"
ENVS 200,001,Thursday,"December 14, 2017",9:00 AM,11:30 AM,"STC 0050,0060"
ENVS 201,001,Thursday,"December 7, 2017",9:00 AM,11:30 AM,M3 1006
ENVS 278,001,Monday,"December 18, 2017",12:30 PM,3:00 PM,"PAC 1,2,3"
ERS 100,001,Wednesday,"December 13, 2017",4:00 PM,6:30 PM,"HH 1101,1102"
ERS 234,001,Thursday,"December 21, 2017",9:00 AM,11:30 AM,EV3 1408
ERS 335,001,Monday,"December 11, 2017",9:00 AM,11:30 AM,HH 1101
ERS 346,001,Saturday,"December 9, 2017",9:00 AM,11:30 AM,RCH 204
ERS 484,001,Monday,"December 11, 2017",12:30 PM,3:00 PM,RCH 305
ERS 684,001,Exam removed from schedule. Contact instructor for further information.,,,,
FINE 102,001,Thursday,"December 7, 2017",7:30 PM,10:00 PM,M3 1006
FR 101,081 Online,See https://uwaterloo.ca/quest/help/students/how-do-i/online-exam-schedule,,,,
FR 151,001 to 003,Saturday,"December 16, 2017",12:30 PM,3:00 PM,M3 1006
FR 151,081 Online,See https://uwaterloo.ca/quest/help/students/how-do-i/online-exam-schedule,,,,
FR 152,"001,002",Tuesday,"December 12, 2017",12:30 PM,3:00 PM,RCH 110
FR 152,081 Online,See https://uwaterloo.ca/quest/help/students/how-do-i/online-exam-schedule,,,,
FR 192A,"001,002,004,005",Thursday,"December 14, 2017",7:30 PM,9:30 PM,PAC 6
FR 192A,003,Thursday,"December 14, 2017",7:30 PM,9:30 PM,SJ1 3027
FR 192A,081 Online,See https://uwaterloo.ca/quest/help/students/how-do-i/online-exam-schedule,,,,
FR 192B,"001,002",Saturday,"December 9, 2017",4:00 PM,6:00 PM,RCH 301
FR 192B,003,Saturday,"December 9, 2017",4:00 PM,6:00 PM,SJ1 3027
FR 192B,081 Online,See https://uwaterloo.ca/quest/help/students/how-do-i/online-exam-schedule,,,,
FR 251,002,Thursday,"December 21, 2017",4:00 PM,6:00 PM,HH 1102
FR 251,081 Online,See https://uwaterloo.ca/quest/help/students/how-do-i/online-exam-schedule,,,,
FR 252,"001,002",Saturday,"December 9, 2017",9:00 AM,11:30 AM,RCH 306
FR 276,001,Wednesday,"December 20, 2017",9:00 AM,11:30 AM,RCH 305
FR 291,081 Online,See https://uwaterloo.ca/quest/help/students/how-do-i/online-exam-schedule,,,,
FR 296,001,Wednesday,"December 13, 2017",12:30 PM,3:00 PM,HH 1104
FR 297,001,Monday,"December 11, 2017",9:00 AM,11:00 AM,ML 354
FR 297,081 Online,See https://uwaterloo.ca/quest/help/students/how-do-i/online-exam-schedule,,,,
FR 303,081 Online,See https://uwaterloo.ca/quest/help/students/how-do-i/online-exam-schedule,,,,
FR 353,001,Wednesday,"December 20, 2017",7:30 PM,10:00 PM,HH 1102
FR 424,001,Thursday,"December 7, 2017",12:30 PM,3:00 PM,ML 354
FR 484,001,Tuesday,"December 12, 2017",9:00 AM,11:00 AM,ML 354
GBDA 203,"001,002",Wednesday,"December 13, 2017",9:00 AM,11:30 AM,"STC 0010,0020"
GENE 121,"001,002",Monday,"December 11, 2017",12:30 PM,3:00 PM,"MC 2017,2034,2035,2038,2054"
GEOG 102,001,Thursday,"December 21, 2017",12:30 PM,3:00 PM,PAC 3
GEOG 201,001,Tuesday,"December 12, 2017",7:30 PM,10:00 PM,DC 1351
GEOG 203,001,Tuesday,"December 19, 2017",12:30 PM,3:00 PM,DC 1350
GEOG 215,001,Friday,"December 8, 2017",12:30 PM,3:00 PM,MC 2034
GEOG 233,001,Tuesday,"December 12, 2017",12:30 PM,3:00 PM,MC 1085
GEOG 281,001,Thursday,"December 7, 2017",7:30 PM,10:00 PM,STC 0060
GEOG 310,001,Thursday,"December 7, 2017",4:00 PM,6:30 PM,"MC 2017,2054"
GEOG 311,001,Monday,"December 18, 2017",12:30 PM,3:00 PM,MC 2017
GEOG 374,001,Monday,"December 11, 2017",9:00 AM,11:30 AM,MC 4064
GEOG 404,001,Monday,"December 11, 2017",12:30 PM,3:00 PM,RCH 305
GEOG 453,001,Saturday,"December 16, 2017",12:30 PM,3:00 PM,DC 1350
GER 100,001,Thursday,"December 21, 2017",12:30 PM,3:00 PM,EV3 1408
GER 101,001 to 004,Wednesday,"December 20, 2017",12:30 PM,3:00 PM,EV3 1408
GER 101,081 Online,See https://uwaterloo.ca/quest/help/students/how-do-i/online-exam-schedule,,,,
GER 102,001,Friday,"December 8, 2017",12:30 PM,3:00 PM,ML 246
GER 102,081 Online,See https://uwaterloo.ca/quest/help/students/how-do-i/online-exam-schedule,,,,
GER 201,081 Online,See https://uwaterloo.ca/quest/help/students/how-do-i/online-exam-schedule,,,,
GER 202,081 Online,See https://uwaterloo.ca/quest/help/students/how-do-i/online-exam-schedule,,,,
GER 220,001,Friday,"December 15, 2017",12:30 PM,3:00 PM,EV3 1408
GER 301,001,Friday,"December 8, 2017",9:00 AM,11:30 AM,ML 246
GERON 201,001,Tuesday,"December 19, 2017",4:00 PM,6:30 PM,"PAC 1,2,3"
GERON 320,001,Thursday,"December 7, 2017",4:00 PM,6:00 PM,M3 1006
GRK 101,001,Saturday,"December 9, 2017",12:30 PM,3:00 PM,MC 4042
GRK 201,001,Thursday,"December 7, 2017",12:30 PM,3:00 PM,MC 4064
HIST 102,001,Thursday,"December 21, 2017",4:00 PM,6:30 PM,PAS 2083
HIST 103,001,Friday,"December 8, 2017",7:30 PM,9:30 PM,SJ1 3016
HIST 105,001,Tuesday,"December 12, 2017",7:30 PM,10:00 PM,PAS 2083
HIST 113,001,Friday,"December 15, 2017",12:30 PM,3:00 PM,SJ2 1004
HIST 115,001,Friday,"December 15, 2017",7:30 PM,10:00 PM,SJ1 3016
HIST 221,001,Wednesday,"December 13, 2017",12:30 PM,3:00 PM,RCH 305
HIST 230,001,Wednesday,"December 20, 2017",9:00 AM,11:30 AM,RCH 307
HIST 252,001,Wednesday,"December 20, 2017",12:30 PM,2:00 PM,MC 4061
HIST 257,001,Exam removed from schedule. Contact instructor for further information.,,,,
HIST 275,001,Exam removed from schedule. Contact instructor for further information.,,,,
HIST 389,001,Friday,"December 8, 2017",4:00 PM,6:30 PM,SJ1 3027
HIST 391,001,Monday,"December 18, 2017",9:00 AM,11:30 AM,ML 246
HLTH 101,"001,002",Monday,"December 18, 2017",4:00 PM,6:00 PM,"STC 0050,0060,1012"
HLTH 103,001,Tuesday,"December 12, 2017",7:30 PM,9:30 PM,STC 0060
HLTH 173,002,Wednesday,"December 13, 2017",7:30 PM,10:00 PM,MC 4063
HLTH 201,001,Tuesday,"December 19, 2017",4:00 PM,6:30 PM,"PAC 1,2,3"
HLTH 202,001,Saturday,"December 16, 2017",9:00 AM,11:00 AM,"STC 0060,1012"
HLTH 204,001,Friday,"December 8, 2017",9:00 AM,10:30 AM,"DC 1350,1351"
HLTH 320,001,Thursday,"December 7, 2017",4:00 PM,6:00 PM,M3 1006
HLTH 333,001,Tuesday,"December 12, 2017",9:00 AM,11:30 AM,M3 1006
HLTH 340,001,Thursday,"December 14, 2017",4:00 PM,6:00 PM,MC 4045
HLTH 355,001,Friday,"December 15, 2017",9:00 AM,11:00 AM,DC 1350
HLTH 407,001,Monday,"December 11, 2017",9:00 AM,11:30 AM,"STC 0040,0050"
HRM 200,081 Online,See https://uwaterloo.ca/quest/help/students/how-do-i/online-exam-schedule,,,,
HRM 301,001,Friday,"December 8, 2017",9:00 AM,11:00 AM,MC 1085
HRM 303,001,Thursday,"December 14, 2017",9:00 AM,11:00 AM,MC 2034
HRM 307,001,Saturday,"December 9, 2017",12:30 PM,2:30 PM,MC 4041
HUMSC 101,001,Tuesday,"December 19, 2017",12:30 PM,3:00 PM,SJ2 2007
INDEV 100,001,Thursday,"December 14, 2017",4:00 PM,6:30 PM,M3 1006
INDEV 262,001,Wednesday,"December 20, 2017",9:00 AM,11:30 AM,STC 0060
INDEV 302,001,Friday,"December 15, 2017",4:00 PM,6:30 PM,MC 2038
JAPAN 101R,"001,002",Thursday,"December 21, 2017",4:00 PM,6:00 PM,HH 1101
JAPAN 101R,"003,004",Thursday,"December 21, 2017",4:00 PM,6:00 PM,M3 1006
JAPAN 102R,001,Saturday,"December 9, 2017",7:30 PM,9:30 PM,"REN 2106,2107"
JAPAN 201R,"001,002",Saturday,"December 16, 2017",12:30 PM,3:00 PM,"REN 2102,2107"
JAPAN 202R,001,Tuesday,"December 12, 2017",9:00 AM,11:30 AM,REN 2102
JAPAN 301R,001,Friday,"December 15, 2017",9:00 AM,11:30 AM,REN 2102
JS 131,001,Wednesday,"December 20, 2017",12:30 PM,3:00 PM,CGC 1208
KIN 104,001,Monday,"December 18, 2017",12:30 PM,3:00 PM,"DC 1350,1351"
KIN 104L,001 to 014,Tuesday,"December 19, 2017",9:00 AM,10:00 AM,"AHS 3686,3687,3688,3689"
KIN 105,001,Wednesday,"December 20, 2017",4:00 PM,6:30 PM,"DC 1350,1351"
KIN 217,001,Thursday,"December 14, 2017",12:30 PM,3:00 PM,"PAC 4,5,6,7"
KIN 301,001,Tuesday,"December 12, 2017",12:30 PM,3:00 PM,DC 1350
KIN 354,001,Monday,"December 18, 2017",7:30 PM,10:00 PM,"PAC 1,2,3"
KIN 405,001,Monday,"December 18, 2017",9:00 AM,11:30 AM,"MC 4020,4021"
KIN 407,001,Monday,"December 11, 2017",9:00 AM,11:30 AM,"STC 0040,0050"
KIN 422,001,Exam removed from schedule. Contact instructor for further information.,,,,
KIN 428,001,Friday,"December 15, 2017",9:00 AM,11:30 AM,DC 1351
LAT 101,"001,002",Monday,"December 18, 2017",7:30 PM,9:30 PM,STC 0040
LAT 201,001,Monday,"December 11, 2017",9:00 AM,11:00 AM,MC 2038
LS 101,081 Online,See https://uwaterloo.ca/quest/help/students/how-do-i/online-exam-schedule,,,,
LS 201,001,Monday,"December 11, 2017",4:00 PM,6:30 PM,RCH 301
LS 271,001,Monday,"December 18, 2017",7:30 PM,10:00 PM,"CGC 1111,1208"
LS 271,081 Online,See https://uwaterloo.ca/quest/help/students/how-do-i/online-exam-schedule,,,,
LS 273,081 Online,See https://uwaterloo.ca/quest/help/students/how-do-i/online-exam-schedule,,,,
LS 283,001,Friday,"December 15, 2017",7:30 PM,9:30 PM,DC 1350
LS 291,001,Monday,"December 11, 2017",9:00 AM,11:30 AM,SJ2 2003
LS 292,001,Friday,"December 8, 2017",9:00 AM,11:30 AM,SJ2 2007
LS 300,001,Wednesday,"December 13, 2017",12:30 PM,3:00 PM,HH 1101
LS 306,001,Thursday,"December 7, 2017",9:00 AM,11:00 AM,HH 1108
LS 366,001,Thursday,"December 7, 2017",12:30 PM,3:00 PM,STC 0020
MATBUS 470,001,Tuesday,"December 12, 2017",9:00 AM,11:30 AM,PAC 11
MATBUS 471,001,Tuesday,"December 19, 2017",12:30 PM,3:00 PM,MC 4061
MATH 103,001,Wednesday,"December 13, 2017",9:00 AM,11:30 AM,STC 0040
MATH 103,081 Online,See https://uwaterloo.ca/quest/help/students/how-do-i/online-exam-schedule,,,,
MATH 104,001,Monday,"December 11, 2017",12:30 PM,3:00 PM,"MC 1056,1085"
MATH 106,001,Monday,"December 18, 2017",4:00 PM,6:30 PM,PAC 8
MATH 109,001 to 003,Monday,"December 18, 2017",7:30 PM,10:00 PM,"PAC 4,5,6,7"
MATH 114,"001,002",Saturday,"December 16, 2017",4:00 PM,6:30 PM,"PAC 1,2,3"
MATH 115,001 to 010,Friday,"December 15, 2017",9:00 AM,11:30 AM,"PAC 1,2,3,4,5,6,7,8,9,10,11, M3 1006"
MATH 116,001 to 008,Thursday,"December 7, 2017",4:00 PM,6:30 PM,"PAC 1,2,3,4,5,6,7,8"
MATH 117,001 to 005,Thursday,"December 7, 2017",12:30 PM,3:00 PM,"PAC 1,2,3,4,5,6"
MATH 124,"001,002",Tuesday,"December 12, 2017",7:30 PM,10:00 PM,"PAC 4,5,6,7,9,10"
MATH 127,001 to 010,Wednesday,"December 13, 2017",12:30 PM,3:00 PM,"PAC 1,2,3,4,5,6,7,8,9,10,11"
MATH 127,081 Online,See https://uwaterloo.ca/quest/help/students/how-do-i/online-exam-schedule,,,,
MATH 128,001,Friday,"December 15, 2017",9:00 AM,11:30 AM,"MC 4059,4061"
MATH 128,081 Online,See https://uwaterloo.ca/quest/help/students/how-do-i/online-exam-schedule,,,,
MATH 135,001 to 031,Friday,"December 8, 2017",9:00 AM,11:30 AM,"PAC 1,2,3,4,5,6,7,8,9,10,11
STC 0020,0040,0050,0060,1012"
MATH 136,001 to 003,Monday,"December 18, 2017",9:00 AM,11:30 AM,"STC 0060,1012"
MATH 136,081 Online,See https://uwaterloo.ca/quest/help/students/how-do-i/online-exam-schedule,,,,
MATH 137,"001 to 009,011",Wednesday,"December 13, 2017",9:00 AM,11:30 AM,"PAC 1,2,3,4,5,6,7,8,9,10,11
STC 0050,0060,1012"
MATH 137,010,Wednesday,"December 13, 2017",9:00 AM,11:30 AM,"MC 1056,1085"
MATH 137,081 Online,See https://uwaterloo.ca/quest/help/students/how-do-i/online-exam-schedule,,,,
MATH 138,001 to 003,Friday,"December 15, 2017",12:30 PM,3:00 PM,M3 1006
MATH 145,"001,002",Friday,"December 8, 2017",9:00 AM,11:30 AM,"MC 4058,4059,4060,4061"
MATH 147,"001,002",Wednesday,"December 13, 2017",4:00 PM,6:30 PM,DC 1351
MATH 207,001,Monday,"December 11, 2017",9:00 AM,11:30 AM,MC 4041
MATH 215,001,Tuesday,"December 19, 2017",12:30 PM,3:00 PM,"PAC 9,10,11"
MATH 217,001,Wednesday,"December 13, 2017",12:30 PM,3:00 PM,STC 0040
MATH 218,001,Wednesday,"December 13, 2017",7:30 PM,10:00 PM,PAC 7
MATH 225,001,Monday,"December 18, 2017",4:00 PM,6:30 PM,MC 4045
MATH 227,001,Friday,"December 15, 2017",4:00 PM,6:30 PM,"MC 4020,4021"
MATH 228,001,Tuesday,"December 12, 2017",4:00 PM,6:30 PM,DC 1350
MATH 229,001,Wednesday,"December 20, 2017",9:00 AM,11:30 AM,MC 4064
MATH 235,001 to 005,Friday,"December 8, 2017",12:30 PM,3:00 PM,"STC 0020,0040,0050,0060,1012"
MATH 237,001 to 005,Saturday,"December 16, 2017",9:00 AM,11:30 AM,"PAC 1,2,3,4,5,6"
MATH 239,001 to 004,Tuesday,"December 19, 2017",4:00 PM,6:30 PM,"PAC 4,5,6,7"
MATH 245,001,Thursday,"December 21, 2017",4:00 PM,6:30 PM,DC 1351
MATH 247,001,Monday,"December 18, 2017",9:00 AM,11:30 AM,"MC 4059,4061"
MATH 249,001,Friday,"December 8, 2017",7:30 PM,10:00 PM,MC 4021
ME 201,001,Thursday,"December 7, 2017",4:00 PM,6:30 PM,"MC 2034,2035,2038"
ME 202,001,Tuesday,"December 19, 2017",4:00 PM,6:30 PM,DC 1351
ME 203,001,Monday,"December 11, 2017",12:30 PM,3:00 PM,"MC 4020,4021"
ME 212,001,Thursday,"December 7, 2017",12:30 PM,3:00 PM,"MC 2017,2054"
ME 219,001,Monday,"December 11, 2017",4:00 PM,6:30 PM,DC 1350
ME 220,001,Tuesday,"December 19, 2017",12:30 PM,3:00 PM,DC 1351
ME 230,001,Friday,"December 15, 2017",4:00 PM,6:30 PM,M3 1006
ME 235,001,Wednesday,"December 13, 2017",7:30 PM,10:00 PM,PAC 2
ME 250,001,Friday,"December 15, 2017",12:30 PM,3:00 PM,"MC 2017,2054"
ME 250,002,Saturday,"December 9, 2017",12:30 PM,3:00 PM,STC 0040
ME 262,001,Wednesday,"December 13, 2017",12:30 PM,3:00 PM,"MC 2034,2035"
ME 269,001,Wednesday,"December 13, 2017",4:00 PM,6:30 PM,"MC 4059,4061"
ME 322,001,Friday,"December 8, 2017",12:30 PM,3:00 PM,"PAC 9,10,11"
ME 351,001,Monday,"December 11, 2017",4:00 PM,6:30 PM,"MC 2035,2038"
ME 353,001,Thursday,"December 14, 2017",4:00 PM,6:30 PM,"MC 4059,4061"
ME 360,001,Monday,"December 18, 2017",4:00 PM,6:30 PM,"PAC 9,10,11"
ME 362,001,Tuesday,"December 12, 2017",4:00 PM,6:30 PM,"PAC 9,10,11"
ME 423,001,Tuesday,"December 19, 2017",4:00 PM,6:30 PM,MC 4040
ME 436,001,Tuesday,"December 12, 2017",7:30 PM,10:00 PM,PAC 11
ME 456,001,Monday,"December 11, 2017",9:00 AM,11:30 AM,MC 4042
ME 459,001,Tuesday,"December 12, 2017",9:00 AM,11:30 AM,PAC 10
ME 548,001,Monday,"December 11, 2017",9:00 AM,11:30 AM,MC 4059
ME 559,001,Saturday,"December 9, 2017",12:30 PM,3:00 PM,MC 1085
ME 561,001,Monday,"December 18, 2017",12:30 PM,3:00 PM,MC 2054
ME 599,001,Tuesday,"December 19, 2017",9:00 AM,11:30 AM,MC 4059
ME 599,002,Thursday,"December 7, 2017",7:30 PM,10:00 PM,MC 4041
ME 760,001,Tuesday,"December 19, 2017",9:00 AM,11:30 AM,MC 4059
MEDVL 115,001,Friday,"December 15, 2017",7:30 PM,10:00 PM,SJ1 3016
MEDVL 250R,001,Friday,"December 8, 2017",9:00 AM,11:30 AM,REN 2104
MNS 101,001,Thursday,"December 21, 2017",12:30 PM,3:00 PM,PAC 5
MNS 211,001,Wednesday,"December 20, 2017",12:30 PM,3:00 PM,STC 0060
MNS 321,001,Wednesday,"December 13, 2017",7:30 PM,10:00 PM,MC 4064
MNS 331,001,Thursday,"December 7, 2017",7:30 PM,10:00 PM,MC 1085
MSCI 211,001,Friday,"December 8, 2017",9:00 AM,11:30 AM,"MC 2034,2035,2038"
MSCI 211,081 Online,See https://uwaterloo.ca/quest/help/students/how-do-i/online-exam-schedule,,,,
MSCI 240,001,Friday,"December 15, 2017",4:00 PM,6:30 PM,STC 0010
MSCI 261,001,Thursday,"December 7, 2017",7:30 PM,10:00 PM,CPH 1346
MSCI 261,002,Thursday,"December 7, 2017",12:30 PM,3:00 PM,DC 1350
MSCI 261,003,Monday,"December 18, 2017",7:30 PM,10:00 PM,STC 0010
MSCI 262,"001,002",Thursday,"December 7, 2017",12:30 PM,3:00 PM,STC 0060
MSCI 271,001,Monday,"December 11, 2017",9:00 AM,11:30 AM,STC 0060
MSCI 311,001,Saturday,"December 16, 2017",12:30 PM,3:00 PM,PAC 6
MSCI 331,001,Friday,"December 15, 2017",7:30 PM,10:00 PM,RCH 309
MSCI 332,"001,002",Thursday,"December 7, 2017",9:00 AM,11:30 AM,MC 1085
MSCI 333,001,Wednesday,"December 13, 2017",4:00 PM,6:30 PM,MC 4020
MSCI 342,001,Monday,"December 11, 2017",9:00 AM,11:30 AM,MC 4020
MSCI 422,001,Monday,"December 18, 2017",9:00 AM,11:30 AM,STC 0050
MSCI 432,001,Thursday,"December 21, 2017",9:00 AM,11:30 AM,PAC 8
MSCI 446,001,Saturday,"December 9, 2017",4:00 PM,6:30 PM,RCH 103
MTE 201,001,Monday,"December 18, 2017",9:00 AM,11:30 AM,DC 1350
MTE 202,001,Tuesday,"December 12, 2017",9:00 AM,11:30 AM,"MC 2017,2054"
MTE 203,001,Thursday,"December 14, 2017",12:30 PM,3:00 PM,PAC 8
MTE 204,001,Monday,"December 18, 2017",12:30 PM,3:00 PM,PAC 8
MTE 219,001,Saturday,"December 9, 2017",12:30 PM,3:00 PM,DC 1350
MTE 220,001,Friday,"December 8, 2017",12:30 PM,3:00 PM,"MC 2017,2054"
MTE 241,001,Wednesday,"December 20, 2017",12:30 PM,3:00 PM,"PAC 9,10"
MTE 262,001,Thursday,"December 14, 2017",9:00 AM,11:30 AM,"MC 2035,2038"
MTE 322,001,Thursday,"December 7, 2017",12:30 PM,3:00 PM,DC 1351
MTE 360,001,Wednesday,"December 13, 2017",9:00 AM,11:30 AM,"MC 4040,4045"
MTE 420,001,Friday,"December 8, 2017",7:30 PM,10:00 PM,MC 4045
MTE 545,001,Friday,"December 8, 2017",12:30 PM,3:00 PM,MC 2035
MTHEL 131,001,Tuesday,"December 19, 2017",12:30 PM,2:30 PM,M3 1006
MUSIC 100,001,Wednesday,"December 20, 2017",4:00 PM,6:30 PM,"CGC 1111,1208,1300"
MUSIC 140,001,Tuesday,"December 12, 2017",4:00 PM,6:30 PM,STC 1012
MUSIC 253,001,Monday,"December 11, 2017",9:00 AM,11:00 AM,CGC 1302
MUSIC 254,001,Monday,"December 11, 2017",4:00 PM,6:00 PM,CGC 1208
MUSIC 270,001,Saturday,"December 9, 2017",4:00 PM,6:30 PM,CGC 1208
MUSIC 275,001,Thursday,"December 7, 2017",9:00 AM,11:30 AM,CGC 1208
MUSIC 363,001,Friday,"December 8, 2017",9:00 AM,11:30 AM,CGC 1208
MUSIC 370,001,Thursday,"December 7, 2017",9:00 AM,11:30 AM,CGC 1302
NE 100,001,Friday,"December 15, 2017",4:00 PM,6:30 PM,"MC 4059,4061"
NE 109,001,Saturday,"December 9, 2017",12:30 PM,1:30 PM,DC 1351
NE 111,001,Monday,"December 18, 2017",12:30 PM,3:00 PM,"CPH 1346, E2 1310"
NE 112,001,Monday,"December 11, 2017",12:30 PM,3:00 PM,"MC 4059,4061"
NE 121,001,Thursday,"December 14, 2017",9:00 AM,11:30 AM,"MC 4020,4021"
NE 201,001,Thursday,"December 7, 2017",12:30 PM,2:00 PM,"MC 4020,4021"
NE 215,001,Monday,"December 11, 2017",12:30 PM,3:00 PM,"MC 4040,4041,4042"
NE 216,001,Wednesday,"December 13, 2017",12:30 PM,3:00 PM,"MC 2017,2054"
NE 224,001,Friday,"December 15, 2017",12:30 PM,3:00 PM,"MC 4020,4021"
NE 232,001,Monday,"December 18, 2017",9:00 AM,11:30 AM,DC 1351
NE 241,001,Wednesday,"December 20, 2017",9:00 AM,11:30 AM,"MC 2017,2054"
NE 335,001,Wednesday,"December 13, 2017",12:30 PM,3:00 PM,MC 4059
NE 336,001,Thursday,"December 7, 2017",12:30 PM,3:00 PM,STC 0050
NE 345,001,Thursday,"December 21, 2017",9:00 AM,11:30 AM,PAC 10
NE 352,001,Thursday,"December 14, 2017",12:30 PM,3:00 PM,STC 0050
NE 353,001,Tuesday,"December 19, 2017",4:00 PM,6:30 PM,MC 4045
NE 381,001,Monday,"December 18, 2017",7:30 PM,10:00 PM,PAC 9
NE 451,001,Monday,"December 11, 2017",9:00 AM,11:30 AM,MC 4058
NE 461,001,Thursday,"December 21, 2017",9:00 AM,11:30 AM,PAC 9
NE 471,001,Tuesday,"December 19, 2017",4:00 PM,6:30 PM,MC 4059
NE 481,001,Wednesday,"December 13, 2017",12:30 PM,3:00 PM,MC 4061
NE 491,001,Friday,"December 15, 2017",9:00 AM,11:30 AM,MC 2038
OPTOM 104,001,Thursday,"December 7, 2017",9:00 AM,11:30 AM,REV 200
OPTOM 105,001,Wednesday,"December 13, 2017",9:00 AM,10:30 AM,REV 200
OPTOM 106,001,Saturday,"December 9, 2017",9:00 AM,11:00 AM,REV 200
OPTOM 108,001,Friday,"December 15, 2017",9:00 AM,10:30 AM,REV 200
OPTOM 124,001,Monday,"December 11, 2017",9:00 AM,11:00 AM,REV 200
OPTOM 215,001,Thursday,"December 7, 2017",12:30 PM,2:30 PM,REV 200
OPTOM 216,001,Friday,"December 15, 2017",12:30 PM,2:30 PM,REV 200
OPTOM 231,001,Monday,"December 11, 2017",12:30 PM,3:00 PM,REV 200
OPTOM 245,001,Wednesday,"December 13, 2017",12:30 PM,2:30 PM,REV 200
OPTOM 252,001,Saturday,"December 9, 2017",12:30 PM,2:30 PM,REV 200
OPTOM 342A,001,Monday,"December 11, 2017",4:00 PM,6:30 PM,REV 200
OPTOM 347,001,Wednesday,"December 13, 2017",4:00 PM,6:30 PM,REV 200
OPTOM 375,001,Saturday,"December 9, 2017",4:00 PM,6:30 PM,REV 200
OPTOM 387,001,Thursday,"December 7, 2017",4:00 PM,6:30 PM,REV 200
PACS 201,001,Wednesday,"December 20, 2017",9:00 AM,11:30 AM,"CGC 1111,1208"
PACS 202,001,Monday,"December 18, 2017",7:30 PM,10:00 PM,"CGC 1111,1208"
PACS 202,081 Online,See https://uwaterloo.ca/quest/help/students/how-do-i/online-exam-schedule,,,,
PHIL 100J,001,Wednesday,"December 20, 2017",12:30 PM,3:00 PM,SJ1 3016
PHIL 100J,"002,003",Friday,"December 15, 2017",4:00 PM,6:30 PM,SJ2 1002
PHIL 110A,081 Online,See https://uwaterloo.ca/quest/help/students/how-do-i/online-exam-schedule,,,,
PHIL 120J,001,Wednesday,"December 20, 2017",7:30 PM,10:00 PM,SJ2 2003
PHIL 145,081 Online,See https://uwaterloo.ca/quest/help/students/how-do-i/online-exam-schedule,,,,
PHIL 202,081 Online,See https://uwaterloo.ca/quest/help/students/how-do-i/online-exam-schedule,,,,
PHIL 215,001,Tuesday,"December 19, 2017",9:00 AM,11:30 AM,EV3 1408
PHIL 215,081 Online,See https://uwaterloo.ca/quest/help/students/how-do-i/online-exam-schedule,,,,
PHIL 226,001,Thursday,"December 14, 2017",4:00 PM,6:30 PM,STC 0010
PHIL 240,081 Online,See https://uwaterloo.ca/quest/help/students/how-do-i/online-exam-schedule,,,,
PHIL 258,001,Saturday,"December 9, 2017",9:00 AM,11:30 AM,RCH 207
PHIL 265,081 Online,See https://uwaterloo.ca/quest/help/students/how-do-i/online-exam-schedule,,,,
PHIL 283,001,Thursday,"December 7, 2017",12:30 PM,3:00 PM,SJ1 3015
PHIL 284,001,Thursday,"December 7, 2017",12:30 PM,2:30 PM,HH 335
PHIL 319J,001,Wednesday,"December 20, 2017",7:30 PM,10:00 PM,SJ2 2002
PHYS 111,001 to 004,Monday,"December 11, 2017",4:00 PM,6:30 PM,"PAC 1,2,3,4,5,6,7,8"
PHYS 115,001 to 004,Tuesday,"December 12, 2017",9:00 AM,11:30 AM,"PAC 4,5,6,7,9"
PHYS 121,"001,002",Monday,"December 11, 2017",12:30 PM,3:00 PM,"PAC 1,2,3,4,5"
PHYS 121L,001 to 004,Tuesday,"December 19, 2017",12:30 PM,1:30 PM,STC 0060
PHYS 131L,001 to 007,Tuesday,"December 19, 2017",12:30 PM,1:30 PM,STC 1012
PHYS 224,001,Thursday,"December 14, 2017",7:30 PM,10:00 PM,PHY 313
PHYS 225,001,Saturday,"December 9, 2017",12:30 PM,3:00 PM,RCH 211
PHYS 236,001,Thursday,"December 7, 2017",9:00 AM,11:30 AM,"MC 2034,2035,2038"
PHYS 256,001,Monday,"December 11, 2017",4:00 PM,6:30 PM,"PAC 9,10,11"
PHYS 275,001,Wednesday,"December 13, 2017",9:00 AM,11:30 AM,"MC 4059,4061"
PHYS 342,001,Monday,"December 11, 2017",4:00 PM,6:30 PM,DC 1351
PHYS 358,001,Thursday,"December 21, 2017",4:00 PM,6:30 PM,STC 0050
PHYS 363,001,Tuesday,"December 19, 2017",4:00 PM,6:30 PM,MC 1085
PHYS 364,001,Thursday,"December 14, 2017",12:30 PM,3:00 PM,PHY 235
PHYS 380,001,Monday,"December 11, 2017",9:00 AM,11:30 AM,PHY 235
PHYS 434,001,Thursday,"December 21, 2017",12:30 PM,3:00 PM,PAC 4
PHYS 442,001,Thursday,"December 7, 2017",7:30 PM,10:00 PM,MC 4045
PHYS 454,001,Saturday,"December 9, 2017",12:30 PM,3:00 PM,MC 4020
PHYS 474,001,Wednesday,"December 20, 2017",12:30 PM,3:00 PM,MC 4064
PHYS 475,001,Monday,"December 18, 2017",7:30 PM,10:00 PM,PHY 235
PHYS 490,001,Thursday,"December 7, 2017",9:00 AM,11:30 AM,PHY 308
PHYS 491,001,Friday,"December 8, 2017",4:00 PM,6:30 PM,PHY 308
PHYS 771,001,Thursday,"December 7, 2017",9:00 AM,11:30 AM,PHY 308
PLAN 100,001,Monday,"December 11, 2017",12:30 PM,2:30 PM,"DC 1350,1351"
PLAN 105,001,Thursday,"December 7, 2017",12:30 PM,3:00 PM,M3 1006
PLAN 262,001,Wednesday,"December 20, 2017",9:00 AM,11:30 AM,STC 0060
PLAN 281,001,Thursday,"December 7, 2017",7:30 PM,10:00 PM,STC 0060
PLAN 300,001,Wednesday,"December 13, 2017",9:00 AM,11:30 AM,"MC 2017,2054"
PLAN 362,001,Friday,"December 8, 2017",12:30 PM,3:00 PM,MC 1085
PLAN 453,001,Saturday,"December 16, 2017",12:30 PM,3:00 PM,DC 1350
PMATH 330,001,Wednesday,"December 13, 2017",4:00 PM,6:30 PM,MC 4021
PMATH 331,001,Monday,"December 18, 2017",7:30 PM,10:00 PM,PAC 8
PMATH 336,001,Wednesday,"December 20, 2017",4:00 PM,6:30 PM,PAC 9
PMATH 340,001,Thursday,"December 7, 2017",7:30 PM,10:00 PM,MC 4061
PMATH 347,001,Saturday,"December 16, 2017",7:30 PM,10:00 PM,MC 1085
PMATH 351,001,Thursday,"December 7, 2017",7:30 PM,10:00 PM,MC 4020
PMATH 440,001,Saturday,"December 9, 2017",7:30 PM,10:00 PM,MC 2017
PMATH 445,001,Tuesday,"December 19, 2017",12:30 PM,3:00 PM,MC 2054
PMATH 451,001,Monday,"December 18, 2017",9:00 AM,11:30 AM,PAC 11
PMATH 453,001,Monday,"December 11, 2017",9:00 AM,11:30 AM,MC 4060
PMATH 465,001,Friday,"December 15, 2017",9:00 AM,11:30 AM,MC 4064
PMATH 651,001,Monday,"December 18, 2017",9:00 AM,11:30 AM,PAC 11
PMATH 665,001,Friday,"December 15, 2017",9:00 AM,11:30 AM,MC 4064
PMATH 740,001,Saturday,"December 9, 2017",7:30 PM,10:00 PM,MC 2017
PMATH 745,001,Tuesday,"December 19, 2017",12:30 PM,3:00 PM,MC 2054
PMATH 753,001,Monday,"December 11, 2017",9:00 AM,11:30 AM,MC 4060
PSCI 255,001,Thursday,"December 14, 2017",12:30 PM,2:30 PM,MC 4045
PSCI 257,001,Wednesday,"December 20, 2017",9:00 AM,11:30 AM,RCH 307
PSCI 353,001,Wednesday,"December 13, 2017",7:30 PM,10:00 PM,PAC 11
PSCI 389,001,Thursday,"December 7, 2017",12:30 PM,3:00 PM,STC 0020
PSYCH 101,"001,002",Tuesday,"December 12, 2017",12:30 PM,2:30 PM,"PAC 1,2,3,4,5,6,7,8"
PSYCH 101,004,Tuesday,"December 12, 2017",12:30 PM,2:30 PM,"PAC 9,10"
PSYCH 101,081 Online,See https://uwaterloo.ca/quest/help/students/how-do-i/online-exam-schedule,,,,
PSYCH 101R,001 to 003,Tuesday,"December 12, 2017",12:30 PM,3:00 PM,"REN 2102,2104,2106,2107"
PSYCH 207,081 Online,See https://uwaterloo.ca/quest/help/students/how-do-i/online-exam-schedule,,,,
PSYCH 211,001,Monday,"December 11, 2017",9:00 AM,11:30 AM,"DC 1350,1351"
PSYCH 253,001,Tuesday,"December 12, 2017",12:30 PM,3:00 PM,STC 1012
PSYCH 253,081 Online,See https://uwaterloo.ca/quest/help/students/how-do-i/online-exam-schedule,,,,
PSYCH 257,001,Tuesday,"December 19, 2017",9:00 AM,11:00 AM,"DC 1350,1351"
PSYCH 291,001,Thursday,"December 7, 2017",4:00 PM,6:00 PM,"MC 4020,4021,4059,4061"
PSYCH 306,001,Saturday,"December 16, 2017",9:00 AM,11:00 AM,STC 0040
PSYCH 312R,001,Thursday,"December 14, 2017",7:30 PM,10:00 PM,REN 2106
PSYCH 318,001,Friday,"December 8, 2017",9:00 AM,11:30 AM,SJ2 2002
PSYCH 320,001,Monday,"December 11, 2017",4:00 PM,6:00 PM,"MC 2017,2054"
PSYCH 336,001,Monday,"December 18, 2017",4:00 PM,6:30 PM,PAC 7
PSYCH 340,001,Wednesday,"December 20, 2017",12:30 PM,2:00 PM,STC 0050
PSYCH 352,001,Thursday,"December 14, 2017",4:00 PM,5:30 PM,STC 0040
PSYCH 391,001,Saturday,"December 16, 2017",4:00 PM,6:30 PM,PAC 4
REC 101,001,Thursday,"December 14, 2017",9:00 AM,11:00 AM,M3 1006
REC 371,001,Monday,"December 18, 2017",9:00 AM,11:30 AM,"MC 2017,2054"
REES 220,001,Friday,"December 15, 2017",12:30 PM,3:00 PM,EV3 1408
REES 273,081 Online,See https://uwaterloo.ca/quest/help/students/how-do-i/online-exam-schedule,,,,
RS 130,001,Wednesday,"December 20, 2017",12:30 PM,3:00 PM,CGC 1208
RS 357,001,Friday,"December 8, 2017",9:00 AM,11:30 AM,CGC 1208
RUSS 101,001,Thursday,"December 14, 2017",12:30 PM,3:00 PM,ML 246
SCI 200,001,Saturday,"December 16, 2017",4:00 PM,6:30 PM,PAC 6
SCI 206,001,Thursday,"December 14, 2017",7:30 PM,9:30 PM,"PAC 1,2,3,4"
SCI 238,081 Online,See https://uwaterloo.ca/quest/help/students/how-do-i/online-exam-schedule,,,,
SCI 267,001,Saturday,"December 9, 2017",9:00 AM,11:30 AM,RCH 207
SDS 150R,001,Saturday,"December 16, 2017",12:30 PM,2:30 PM,REN 2106
SDS 150R,081 Online,See https://uwaterloo.ca/quest/help/students/how-do-i/online-exam-schedule,,,,
SDS 210R,081 Online,See https://uwaterloo.ca/quest/help/students/how-do-i/online-exam-schedule,,,,
SDS 231R,001,Monday,"December 11, 2017",12:30 PM,2:30 PM,REN 2102
SDS 250R,001 to 003,Thursday,"December 7, 2017",12:30 PM,3:00 PM,SJ2 1004
SDS 251R,081 Online,See https://uwaterloo.ca/quest/help/students/how-do-i/online-exam-schedule,,,,
SDS 355R,001,Thursday,"December 14, 2017",12:30 PM,3:00 PM,REN 2106
SDS 358R,081 Online,See https://uwaterloo.ca/quest/help/students/how-do-i/online-exam-schedule,,,,
SDS 400R,081 Online,See https://uwaterloo.ca/quest/help/students/how-do-i/online-exam-schedule,,,,
SE 212,"001,002",Thursday,"December 14, 2017",12:30 PM,3:00 PM,"PAC 9,10,11"
SE 380,001,Monday,"December 11, 2017",12:30 PM,3:00 PM,PAC 6
SE 464,001,Wednesday,"December 13, 2017",12:30 PM,3:00 PM,DC 1351
SI 101R,081 Online,See https://uwaterloo.ca/quest/help/students/how-do-i/online-exam-schedule,,,,
SI 221R,001,Monday,"December 18, 2017",9:00 AM,11:30 AM,REN 2102
SI 250R,001,Friday,"December 8, 2017",9:00 AM,11:30 AM,REN 2104
SMF 204,001,Tuesday,"December 12, 2017",9:00 AM,11:30 AM,SJ2 2002
SOC 101,001,Wednesday,"December 13, 2017",7:30 PM,10:00 PM,SJ2 1002
SOC 101,002,Monday,"December 11, 2017",7:30 PM,10:00 PM,"PAC 1,2,3,4"
SOC 101,003,Monday,"December 11, 2017",7:30 PM,10:00 PM,PAC 5
SOC 101R,001 to 003,Thursday,"December 14, 2017",9:00 AM,11:30 AM,SJ2 1004
SOC 200,001,Tuesday,"December 19, 2017",7:30 PM,10:00 PM,PAS 1229
SOC 202,001,Monday,"December 18, 2017",9:00 AM,11:30 AM,RCH 112
SOC 306,001,Thursday,"December 7, 2017",9:00 AM,11:00 AM,HH 1108
SOC 370,001,Wednesday,"December 13, 2017",12:30 PM,3:00 PM,HH 1101
SOCWK 220R,001,Thursday,"December 7, 2017",9:00 AM,11:30 AM,REN 2106
SOCWK 221R,001,Monday,"December 11, 2017",9:00 AM,11:30 AM,REN 2106
SOCWK 300R,081 Online,See https://uwaterloo.ca/quest/help/students/how-do-i/online-exam-schedule,,,,
SPAN 101,001 to 004,Friday,"December 15, 2017",7:30 PM,9:30 PM,M3 1006
SPAN 101,081 Online,See https://uwaterloo.ca/quest/help/students/how-do-i/online-exam-schedule,,,,
SPAN 102,001,Monday,"December 11, 2017",4:00 PM,6:00 PM,MC 4040
SPAN 201A,001,Monday,"December 18, 2017",9:00 AM,11:00 AM,MC 4040
STAT 202,"001,002",Saturday,"December 16, 2017",12:30 PM,3:00 PM,"PAC 1,2,3,4,5"
STAT 206,001,Tuesday,"December 12, 2017",4:00 PM,6:30 PM,DC 1351
STAT 220,001,Thursday,"December 21, 2017",9:00 AM,11:30 AM,PAC 11
STAT 221,001,Friday,"December 15, 2017",7:30 PM,10:00 PM,MC 4041
STAT 230,001 to 005,Thursday,"December 14, 2017",9:00 AM,11:30 AM,"PAC 1,2,3,4,5,6,7,8"
STAT 230,081 Online,See https://uwaterloo.ca/quest/help/students/how-do-i/online-exam-schedule,,,,
STAT 231,"001,002",Thursday,"December 14, 2017",9:00 AM,11:30 AM,"STC 0010,0020,0040,1012"
STAT 231,081 Online,See https://uwaterloo.ca/quest/help/students/how-do-i/online-exam-schedule,,,,
STAT 240,001,Thursday,"December 14, 2017",9:00 AM,11:30 AM,"PAC 9,10"
STAT 322,001,Friday,"December 15, 2017",7:30 PM,10:00 PM,MC 4061
STAT 330,"001,002",Thursday,"December 14, 2017",12:30 PM,3:00 PM,"PAC 1,2,3"
STAT 331,"001,002",Friday,"December 8, 2017",12:30 PM,3:00 PM,"DC 1350,1351"
STAT 332,001,Wednesday,"December 20, 2017",9:00 AM,11:30 AM,"DC 1350,1351"
STAT 333,"001,002",Thursday,"December 7, 2017",12:30 PM,3:00 PM,STC 1012
STAT 334,001,Tuesday,"December 12, 2017",9:00 AM,11:30 AM,MC 4045
STAT 337,001,Monday,"December 11, 2017",7:30 PM,10:00 PM,PAC 6
STAT 341,001,Tuesday,"December 12, 2017",12:30 PM,3:00 PM,M3 1006
STAT 371,001,Friday,"December 15, 2017",12:30 PM,3:00 PM,"MC 4059,4061"
STAT 372,001,Exam removed from schedule. Contact instructor for further information.,,,,
STAT 373,001,Saturday,"December 16, 2017",7:30 PM,10:00 PM,"PAC 10,11"
STAT 430,001,Friday,"December 8, 2017",12:30 PM,3:00 PM,"MC 4040,4041,4042,4045"
STAT 431,001,Thursday,"December 14, 2017",4:00 PM,6:30 PM,"PAC 9,10,11"
STAT 433,001,Monday,"December 11, 2017",9:00 AM,11:30 AM,"MC 2017,2054"
STAT 441,001,Tuesday,"December 12, 2017",9:00 AM,11:30 AM,PAC 8
STAT 442,001,Tuesday,"December 19, 2017",7:30 PM,10:00 PM,MC 1085
STAT 443,001,Saturday,"December 16, 2017",12:30 PM,3:00 PM,"PAC 7,8"
STAT 830,001,Friday,"December 8, 2017",12:30 PM,3:00 PM,"MC 4040,4041,4042,4045"
STAT 831,001,Thursday,"December 14, 2017",4:00 PM,6:30 PM,"PAC 9,10,11"
STAT 833,001,Monday,"December 11, 2017",9:00 AM,11:30 AM,"MC 2017,2054"
STAT 841,001,Tuesday,"December 12, 2017",9:00 AM,11:30 AM,PAC 8
STAT 842,001,Tuesday,"December 19, 2017",7:30 PM,10:00 PM,MC 1085
SWREN 220R,001,Thursday,"December 7, 2017",9:00 AM,11:30 AM,REN 2106
SWREN 300R,081 Online,See https://uwaterloo.ca/quest/help/students/how-do-i/online-exam-schedule,,,,
SYDE 101L,001,Monday,"December 11, 2017",12:30 PM,3:00 PM,"E2 1306,1310"
SYDE 111,"001,002",Tuesday,"December 12, 2017",9:00 AM,11:30 AM,"RCH 103,105,110"
SYDE 113,"001,002",Friday,"December 8, 2017",4:00 PM,6:30 PM,"RCH 103,105,110"
SYDE 121,001,Thursday,"December 7, 2017",9:00 AM,11:30 AM,"RCH 103,105"
SYDE 161,001,Thursday,"December 14, 2017",9:00 AM,11:30 AM,"RCH 103,105"
SYDE 181,001,Monday,"December 18, 2017",9:00 AM,11:30 AM,"RCH 103,105"
SYDE 182,001,Wednesday,"December 20, 2017",9:00 AM,11:30 AM,"MC 4059,4061"
SYDE 212,001,Wednesday,"December 13, 2017",9:00 AM,11:30 AM,"RCH 207,211"
SYDE 252,001,Thursday,"December 7, 2017",4:00 PM,6:30 PM,"RCH 207,211"
SYDE 252,002,Tuesday,"December 12, 2017",12:30 PM,3:00 PM,DC 1351
SYDE 262,001,Friday,"December 15, 2017",4:00 PM,6:30 PM,"RCH 207,211"
SYDE 286,001,Monday,"December 11, 2017",4:00 PM,6:30 PM,"RCH 204,211"
SYDE 292,001,Monday,"December 18, 2017",9:00 AM,11:30 AM,"RCH 207,211"
SYDE 411,001,Wednesday,"December 13, 2017",9:00 AM,11:30 AM,"RCH 307,309"
SYDE 553,001,Tuesday,"December 12, 2017",9:00 AM,11:30 AM,RCH 209
SYDE 575,001,Friday,"December 8, 2017",12:30 PM,3:00 PM,RCH 103
VCULT 100,001,Thursday,"December 7, 2017",7:30 PM,10:00 PM,M3 1006
WS 206,001,Monday,"December 11, 2017",4:00 PM,6:30 PM,RCH 301
WS 222,081 Online,See https://uwaterloo.ca/quest/help/students/how-do-i/online-exam-schedule,,,,
