Exam,Section(s),Day,Date,Start,Finish,Location
ACTSC 221,081 Online,See https://uwaterloo.ca/quest/help/students/how-do-i/online-exam-schedule,,,,
ACTSC 231,"001,002",Thursday,"April 19, 2018",9:00 AM,11:30 AM,"PAC 1,2"
ACTSC 231,081 Online,See https://uwaterloo.ca/quest/help/students/how-do-i/online-exam-schedule,,,,
ACTSC 232,001,Tuesday,"April 24, 2018",12:30 PM,3:00 PM,PAC 8
ACTSC 331,001,Tuesday,"April 24, 2018",12:30 PM,3:00 PM,STC 0020
ACTSC 371,"001,002",Saturday,"April 21, 2018",9:00 AM,11:30 AM,"STC 0060,1012"
ACTSC 372,"001,002",Wednesday,"April 11, 2018",12:30 PM,3:00 PM,"PAC 1,2"
ACTSC 431,001,Tuesday,"April 24, 2018",9:00 AM,11:30 AM,PAC Upper 10
ACTSC 433,001,Monday,"April 9, 2018",4:00 PM,6:30 PM,STC 0010
ACTSC 446,"001,002",Monday,"April 23, 2018",12:30 PM,3:00 PM,"PAC Upper 9,10,11"
ACTSC 455,001,Thursday,"April 19, 2018",12:30 PM,3:00 PM,PAC Upper 9
ACTSC 471,001,Friday,"April 13, 2018",9:00 AM,11:00 AM,STC 0020
ACTSC 833,001,Monday,"April 9, 2018",4:00 PM,6:30 PM,STC 0010
ACTSC 846,001,Monday,"April 23, 2018",12:30 PM,3:00 PM,"PAC Upper 9,10,11"
ACTSC 855,001,Thursday,"April 19, 2018",12:30 PM,3:00 PM,PAC Upper 9
AFM 101,"001,002",Monday,"April 16, 2018",7:30 PM,10:00 PM,"PAC 1,2,3"
AFM 102,001 to 005,Friday,"April 13, 2018",9:00 AM,11:30 AM,"PAC 1,2,3,4,5,6"
AFM 121,001 to 007,Tuesday,"April 17, 2018",12:30 PM,2:00 PM,"CPH 1346,E2 1310,HH 280"
AFM 123,003,Wednesday,"April 18, 2018",9:00 AM,11:30 AM,"PAC 1,2,3,4,5,6"
AFM 131,001,Friday,"April 13, 2018",12:30 PM,3:00 PM,STC 0010
AFM 131,081 Online,See https://uwaterloo.ca/quest/help/students/how-do-i/online-exam-schedule,,,,
AFM 231,001,Tuesday,"April 10, 2018",7:30 PM,9:30 PM,"PAC Upper 9,10,11"
AFM 323,001,Wednesday,"April 11, 2018",12:30 PM,3:00 PM,PAC 3
AFM 333,001 to 003,Thursday,"April 12, 2018",12:30 PM,3:00 PM,M3 1006
AFM 341,"001,002",Thursday,"April 19, 2018",12:30 PM,3:00 PM,PAC 8
AFM 362,"001,002",Tuesday,"April 10, 2018",4:00 PM,6:30 PM,PAC 8
AFM 373,001 to 003,Friday,"April 13, 2018",9:00 AM,11:00 AM,STC 1012
AFM 391,001 to 003,Tuesday,"April 17, 2018",9:00 AM,11:30 AM,"PAC Upper 9,10,11"
AFM 433,"001,002",Wednesday,"April 11, 2018",9:00 AM,11:30 AM,HH 280
AFM 476,001,Friday,"April 13, 2018",9:00 AM,11:00 AM,STC 0020
AFM 491,001,Friday,"April 20, 2018",4:00 PM,6:30 PM,STC 0050
AHS 150,081 Online,See https://uwaterloo.ca/quest/help/students/how-do-i/online-exam-schedule,,,,
AMATH 231,001,Monday,"April 23, 2018",4:00 PM,6:30 PM,PAC 7
AMATH 242,001,Tuesday,"April 10, 2018",4:00 PM,6:30 PM,DC 1351
AMATH 250,"001,002",Wednesday,"April 18, 2018",9:00 AM,11:30 AM,"PAC 7,8"
AMATH 331,001,Wednesday,"April 11, 2018",4:00 PM,6:30 PM,PAC 7
AMATH 332,001,Thursday,"April 12, 2018",9:00 AM,11:30 AM,PAC 3
AMATH 342,001,Tuesday,"April 24, 2018",9:00 AM,11:30 AM,QNC 1507
AMATH 350,001,Wednesday,"April 18, 2018",9:00 AM,11:30 AM,DC 1351
AMATH 353,001,Monday,"April 23, 2018",9:00 AM,11:30 AM,STC 0010
AMATH 361,001,Thursday,"April 19, 2018",4:00 PM,6:30 PM,STC 0050
AMATH 373,001,Saturday,"April 21, 2018",9:00 AM,11:30 AM,PAC 8
AMATH 451,001,Wednesday,"April 18, 2018",4:00 PM,6:30 PM,QNC 1507
AMATH 455,001,Thursday,"April 12, 2018",12:30 PM,3:00 PM,QNC 1507
AMATH 475,001,Monday,"April 16, 2018",4:00 PM,6:30 PM,"PAC Upper 10,11"
AMATH 655,001,Thursday,"April 12, 2018",12:30 PM,3:00 PM,QNC 1507
AMATH 675,001,Monday,"April 16, 2018",4:00 PM,6:30 PM,"PAC Upper 10,11"
ANTH 100,001,Friday,"April 13, 2018",9:00 AM,11:00 AM,PAS 2083
ANTH 100,002,Thursday,"April 12, 2018",7:30 PM,9:30 PM,PAS 2083
ANTH 201,001,Wednesday,"April 11, 2018",4:00 PM,6:00 PM,EV3 1408
ANTH 202,001,Thursday,"April 12, 2018",12:30 PM,3:00 PM,PAS 2083
ANTH 204,001,Thursday,"April 12, 2018",4:00 PM,6:30 PM,PAS 1229
ANTH 233,001,Friday,"April 13, 2018",12:30 PM,3:00 PM,PAS 1229
ANTH 330,001,Monday,"April 23, 2018",12:30 PM,2:30 PM,PAS 1241
ARBUS 102,"001,002",Wednesday,"April 18, 2018",9:00 AM,11:30 AM,"PAC 1,2,3,4,5,6"
ARBUS 202,001 to 003,Tuesday,"April 10, 2018",4:00 PM,6:30 PM,"PAC 4,5,6,7
PAC Upper 9"
ARBUS 301,001 to 003,Thursday,"April 12, 2018",12:30 PM,3:00 PM,M3 1006
ARTS 122,001,Monday,"April 9, 2018",7:30 PM,10:00 PM,STP 201
ARTS 140,001,Monday,"April 9, 2018",12:30 PM,3:00 PM,RCH 205
BIOL 120,001,Saturday,"April 21, 2018",9:00 AM,11:30 AM,"PAC 1,2,3"
BIOL 130,001,Tuesday,"April 24, 2018",12:30 PM,3:00 PM,"PAC 1,2,3"
BIOL 165,001,Wednesday,"April 18, 2018",7:30 PM,10:00 PM,"PAC 1,2,3"
BIOL 211,001,Thursday,"April 12, 2018",4:00 PM,6:30 PM,STC 1012
BIOL 239,"001,002",Monday,"April 16, 2018",4:00 PM,6:30 PM,"PAC 1,2,3,4,5,6,7,8"
BIOL 241,001,Saturday,"April 21, 2018",12:30 PM,3:00 PM,"PAC 1,2,3"
BIOL 273,"001,002",Friday,"April 13, 2018",12:30 PM,3:00 PM,"PAC 1,2,3,4,5,6,7,8"
BIOL 273L,001 to 009,Tuesday,"April 24, 2018",12:30 PM,1:30 PM,"STC 0060,1012"
BIOL 280,001,Thursday,"April 12, 2018",7:30 PM,10:00 PM,STC 0050
BIOL 302,001,Monday,"April 9, 2018",7:30 PM,10:00 PM,STC 1012
BIOL 331,001,Wednesday,"April 18, 2018",7:30 PM,10:00 PM,M3 1006
BIOL 341,001,Thursday,"April 12, 2018",4:00 PM,6:30 PM,"PAC 7,8"
BIOL 346,001,Thursday,"April 12, 2018",12:30 PM,3:00 PM,RCH 211
BIOL 351,001,Wednesday,"April 18, 2018",7:30 PM,10:00 PM,PAC 4
BIOL 355,001,Sunday,"April 22, 2018",12:30 PM,3:00 PM,"PAC 4,5,6"
BIOL 359,001,Friday,"April 20, 2018",9:00 AM,11:30 AM,"PAC 4,5,6,7"
BIOL 360,001,Thursday,"April 19, 2018",4:00 PM,6:30 PM,"PAC 1,2"
BIOL 361,001,Monday,"April 23, 2018",9:00 AM,11:30 AM,"PAC 7,8"
BIOL 365,001,Tuesday,"April 10, 2018",12:30 PM,3:00 PM,"STC 0010,0020"
BIOL 371,001,Tuesday,"April 10, 2018",7:30 PM,10:00 PM,PAC 8
BIOL 373,001,Tuesday,"April 17, 2018",9:00 AM,11:30 AM,"PAC 1,2,3,4,5,6"
BIOL 373L,001 to 007,Monday,"April 16, 2018",4:00 PM,5:00 PM,STC 1012
BIOL 383,001,Thursday,"April 12, 2018",12:30 PM,3:00 PM,RCH 302
BIOL 428,001,Wednesday,"April 18, 2018",4:00 PM,6:30 PM,RCH 206
BIOL 431,001,Sunday,"April 22, 2018",12:30 PM,3:00 PM,PAC 7
BIOL 432,001,Tuesday,"April 17, 2018",7:30 PM,10:00 PM,PAC 7
BIOL 441,001,Friday,"April 20, 2018",4:00 PM,6:30 PM,STC 0060
BIOL 442,001,Wednesday,"April 11, 2018",7:30 PM,10:00 PM,MC 4064
BIOL 449,001,Wednesday,"April 18, 2018",7:30 PM,10:00 PM,PAC 5
BIOL 450,001,Monday,"April 16, 2018",12:30 PM,3:00 PM,DC 1351
BIOL 465,001,Thursday,"April 12, 2018",12:30 PM,3:00 PM,RCH 307
BIOL 484,001,Wednesday,"April 11, 2018",9:00 AM,11:30 AM,STC 0010
BME 122,001,Friday,"April 20, 2018",12:30 PM,3:00 PM,"RCH 109,110"
BME 182,001,Tuesday,"April 17, 2018",9:00 AM,11:30 AM,RCH 301
BME 186,001,Wednesday,"April 11, 2018",12:30 PM,3:00 PM,RCH 301
BME 355,001,Monday,"April 16, 2018",12:30 PM,3:00 PM,RCH 307
BME 361,001,Friday,"April 13, 2018",12:30 PM,3:00 PM,RCH 307
BME 381,001,Wednesday,"April 18, 2018",9:00 AM,11:30 AM,RCH 307
BME 393,001,Tuesday,"April 10, 2018",9:00 AM,11:30 AM,RCH 307
BUS 111W,,See: https://students.wlu.ca/academics/exams/exam-schedules/index.html,,,,
BUS 121W,,Monday,"April 9, 2018",12:30 PM,3:00 PM,"PAC 4,5,6"
BUS 127W,,See: https://students.wlu.ca/academics/exams/exam-schedules/index.html,,,,
BUS 231W,,See: https://students.wlu.ca/academics/exams/exam-schedules/index.html,,,,
BUS 247W,,See: https://students.wlu.ca/academics/exams/exam-schedules/index.html,,,,
BUS 283W,,See: https://students.wlu.ca/academics/exams/exam-schedules/index.html,,,,
BUS 288W,,See: https://students.wlu.ca/academics/exams/exam-schedules/index.html,,,,
BUS 352W,,See: https://students.wlu.ca/academics/exams/exam-schedules/index.html,,,,
BUS 353W,,See: https://students.wlu.ca/academics/exams/exam-schedules/index.html,,,,
BUS 354W,,See: https://students.wlu.ca/academics/exams/exam-schedules/index.html,,,,
BUS 357W,,See: https://students.wlu.ca/academics/exams/exam-schedules/index.html,,,,
BUS 362W,,See: https://students.wlu.ca/academics/exams/exam-schedules/index.html,,,,
BUS 375W,,See: https://students.wlu.ca/academics/exams/exam-schedules/index.html,,,,
BUS 387W,,See: https://students.wlu.ca/academics/exams/exam-schedules/index.html,,,,
BUS 393W,,See: https://students.wlu.ca/academics/exams/exam-schedules/index.html,,,,
BUS 395W,,See: https://students.wlu.ca/academics/exams/exam-schedules/index.html,,,,
BUS 397W,,See: https://students.wlu.ca/academics/exams/exam-schedules/index.html,,,,
BUS 398W,,See: https://students.wlu.ca/academics/exams/exam-schedules/index.html,,,,
BUS 403W,,See: https://students.wlu.ca/academics/exams/exam-schedules/index.html,,,,
BUS 411W,,See: https://students.wlu.ca/academics/exams/exam-schedules/index.html,,,,
BUS 413W,,See: https://students.wlu.ca/academics/exams/exam-schedules/index.html,,,,
BUS 414W,,See: https://students.wlu.ca/academics/exams/exam-schedules/index.html,,,,
BUS 419W,,See: https://students.wlu.ca/academics/exams/exam-schedules/index.html,,,,
BUS 423W,,See: https://students.wlu.ca/academics/exams/exam-schedules/index.html,,,,
BUS 425W,,See: https://students.wlu.ca/academics/exams/exam-schedules/index.html,,,,
BUS 433W,,See: https://students.wlu.ca/academics/exams/exam-schedules/index.html,,,,
BUS 435W,,See: https://students.wlu.ca/academics/exams/exam-schedules/index.html,,,,
BUS 449W,,See: https://students.wlu.ca/academics/exams/exam-schedules/index.html,,,,
BUS 451W,,See: https://students.wlu.ca/academics/exams/exam-schedules/index.html,,,,
BUS 452W,,See: https://students.wlu.ca/academics/exams/exam-schedules/index.html,,,,
BUS 453W,,See: https://students.wlu.ca/academics/exams/exam-schedules/index.html,,,,
BUS 455W,,See: https://students.wlu.ca/academics/exams/exam-schedules/index.html,,,,
BUS 462W,,See: https://students.wlu.ca/academics/exams/exam-schedules/index.html,,,,
BUS 463W,,See: https://students.wlu.ca/academics/exams/exam-schedules/index.html,,,,
BUS 466W,,See: https://students.wlu.ca/academics/exams/exam-schedules/index.html,,,,
BUS 467W,,See: https://students.wlu.ca/academics/exams/exam-schedules/index.html,,,,
BUS 473W,,See: https://students.wlu.ca/academics/exams/exam-schedules/index.html,,,,
BUS 477W,,See: https://students.wlu.ca/academics/exams/exam-schedules/index.html,,,,
BUS 481W,,See: https://students.wlu.ca/academics/exams/exam-schedules/index.html,,,,
BUS 483W,,See: https://students.wlu.ca/academics/exams/exam-schedules/index.html,,,,
BUS 486W,,See: https://students.wlu.ca/academics/exams/exam-schedules/index.html,,,,
BUS 487W,,See: https://students.wlu.ca/academics/exams/exam-schedules/index.html,,,,
BUS 489W,,See: https://students.wlu.ca/academics/exams/exam-schedules/index.html,,,,
CHE 101,001,Friday,"April 20, 2018",9:00 AM,11:30 AM,"PAC Upper 9,10"
CHE 121,001,Monday,"April 23, 2018",9:00 AM,11:30 AM,STC 0020
CHE 161,001,Friday,"April 13, 2018",9:00 AM,11:30 AM,STC 0040
CHE 200,001,Monday,"April 9, 2018",12:30 PM,3:00 PM,STC 0020
CHE 220,001,Wednesday,"April 18, 2018",9:00 AM,11:30 AM,STC 0010
CHE 230,001,Monday,"April 16, 2018",12:30 PM,3:00 PM,STC 0010
CHE 312,001,Monday,"April 9, 2018",7:30 PM,10:00 PM,"E6 2024,4022"
CHE 313,001,Tuesday,"April 10, 2018",7:30 PM,10:00 PM,"E6 2024,4022"
CHE 314,001,Tuesday,"April 17, 2018",9:00 AM,11:30 AM,"E6 2024,4022"
CHE 322,001,Thursday,"April 19, 2018",12:30 PM,3:00 PM,"E6 2024,4022"
CHE 330,001,Monday,"April 23, 2018",12:30 PM,3:00 PM,"E6 2024,4022"
CHE 331,001,Monday,"April 23, 2018",9:00 AM,11:30 AM,STC 0040
CHE 361,001,Tuesday,"April 17, 2018",9:00 AM,11:30 AM,DC 1351
CHE 425,001,Wednesday,"April 18, 2018",12:30 PM,3:00 PM,DC 1351
CHE 522,001,Tuesday,"April 10, 2018",4:00 PM,6:30 PM,"E6 2024,4022"
CHE 543,001,Thursday,"April 19, 2018",9:00 AM,11:30 AM,DWE 2529
CHE 562,001,Wednesday,"April 11, 2018",12:30 PM,3:00 PM,E6 4022
CHE 564,001,Monday,"April 23, 2018",7:30 PM,10:00 PM,E6 2024
CHE 572,001,Saturday,"April 21, 2018",9:00 AM,11:30 AM,PAC 7
CHE 574,001,Monday,"April 9, 2018",9:00 AM,11:30 AM,DC 1351
CHE 622,001,Wednesday,"April 18, 2018",12:30 PM,3:00 PM,DC 1351
CHE 624,001,Tuesday,"April 10, 2018",4:00 PM,6:30 PM,"E6 2024,4022"
CHE 672,001,Saturday,"April 21, 2018",9:00 AM,11:30 AM,PAC 7
CHE 674,001,Monday,"April 9, 2018",9:00 AM,11:30 AM,DC 1351
CHEM 120,001,Friday,"April 13, 2018",7:30 PM,10:00 PM,"PAC 4,5"
CHEM 123,001 to 004,Monday,"April 9, 2018",9:00 AM,11:30 AM,"PAC 1,2,3,4,5,6,7,8
PAC Upper 9,10,11
STC 0050,0060,1012"
CHEM 123L,001 to 012,Monday,"April 9, 2018",7:30 PM,9:30 PM,"PAC 1,2,3,4,5,6,7,8
PAC Upper 9,10,11
STC 0020,0040,0050,0060"
CHEM 212,001,Thursday,"April 12, 2018",9:00 AM,11:30 AM,"PAC Upper 9,10,11"
CHEM 221,001,Saturday,"April 21, 2018",9:00 AM,11:30 AM,MC 4045
CHEM 233,001,Tuesday,"April 17, 2018",12:30 PM,3:00 PM,STC 0010
CHEM 237,001,Monday,"April 23, 2018",4:00 PM,6:30 PM,"PAC 1,2,3"
CHEM 237L,001 to 003,Monday,"April 9, 2018",4:00 PM,6:00 PM,M3 1006
CHEM 239,081 Online,See https://uwaterloo.ca/quest/help/students/how-do-i/online-exam-schedule,,,,
CHEM 254,001,Wednesday,"April 18, 2018",4:00 PM,6:30 PM,STC 1012
CHEM 262,001,Wednesday,"April 11, 2018",12:30 PM,3:00 PM,PAC 4
CHEM 265,001,Monday,"April 9, 2018",12:30 PM,3:00 PM,STC 0010
CHEM 267,001,Tuesday,"April 10, 2018",4:00 PM,6:30 PM,"PAC 1,2,3"
CHEM 313,001,Wednesday,"April 18, 2018",9:00 AM,11:30 AM,STC 0020
CHEM 350,001,Friday,"April 13, 2018",7:30 PM,10:00 PM,DC 1351
CHEM 357,001,Wednesday,"April 25, 2018",9:00 AM,11:30 AM,DC 1351
CHEM 360,001,Tuesday,"April 24, 2018",12:30 PM,3:00 PM,DC 1351
CHEM 381,001,Wednesday,"April 11, 2018",9:00 AM,11:30 AM,STC 0020
CHEM 400,001,Saturday,"April 21, 2018",4:00 PM,6:30 PM,MC 4041
CHEM 400,002,Thursday,"April 12, 2018",12:30 PM,3:00 PM,STC 0010
CHEM 400,003,Tuesday,"April 10, 2018",9:00 AM,11:30 AM,STC 0060
CHEM 400,004,Wednesday,"April 11, 2018",4:00 PM,6:30 PM,C2 361
CHEM 404,001,Tuesday,"April 17, 2018",4:00 PM,6:30 PM,PAC 3
CHEM 430,001,Tuesday,"April 24, 2018",9:00 AM,11:30 AM,PAC Upper 9
CHEM 433,001,Monday,"April 23, 2018",4:00 PM,6:30 PM,PAC 8
CHEM 773,001,Wednesday,"April 11, 2018",4:00 PM,6:30 PM,C2 361
CHINA 101R,"001,002",Thursday,"April 19, 2018",12:30 PM,3:00 PM,REN 2106
CHINA 102R,001,Tuesday,"April 17, 2018",9:00 AM,11:30 AM,REN 2102
CHINA 120R,001,Friday,"April 13, 2018",7:30 PM,10:00 PM,REN 2106
CHINA 120R,002,Friday,"April 13, 2018",7:30 PM,10:00 PM,REN 2107
CHINA 201R,001,Tuesday,"April 24, 2018",4:00 PM,6:30 PM,REN 2102
CHINA 202R,001,Saturday,"April 14, 2018",9:00 AM,11:30 AM,REN 2104
CHINA 302R,001,Monday,"April 9, 2018",9:00 AM,11:30 AM,REN 2104
CIVE 105,001,Thursday,"April 12, 2018",9:00 AM,11:30 AM,"PAC 1,2"
CIVE 121,001,Friday,"April 20, 2018",9:00 AM,11:30 AM,M3 1006
CIVE 303,001,Monday,"April 9, 2018",9:00 AM,11:30 AM,"CPH 3602,3604,3607"
CIVE 332,001,Wednesday,"April 25, 2018",9:00 AM,11:30 AM,"RCH 103,105,106"
CIVE 341,001,Thursday,"April 12, 2018",9:00 AM,11:30 AM,"CPH 3602,3604,3607"
CIVE 353,001,Monday,"April 23, 2018",9:00 AM,11:30 AM,"HH 1101,1102"
CIVE 381,001,Wednesday,"April 18, 2018",9:00 AM,11:30 AM,RCH 301
CIVE 382,001,Thursday,"April 19, 2018",9:00 AM,11:30 AM,"CPH 3602,3604,3607"
CIVE 415,001,Wednesday,"April 18, 2018",4:00 PM,6:30 PM,RCH 301
CIVE 422,001,Thursday,"April 19, 2018",12:30 PM,3:00 PM,CPH 3607
CIVE 440,001,Thursday,"April 19, 2018",7:30 PM,10:00 PM,STC 0050
CIVE 460,001,Wednesday,"April 11, 2018",7:30 PM,10:00 PM,"E5 3101,3102"
CIVE 497,001,Tuesday,"April 17, 2018",7:30 PM,10:00 PM,"E5 3101,3102"
CIVE 505,001,Monday,"April 23, 2018",7:30 PM,10:00 PM,DWE 2527
CIVE 507,001,Monday,"April 9, 2018",9:00 AM,11:30 AM,"RCH 103,105,106"
CIVE 542,001,Friday,"April 13, 2018",4:00 PM,6:30 PM,CPH 3607
CIVE 554,001,Tuesday,"April 24, 2018",4:00 PM,6:30 PM,DWE 2527
CIVE 583,001,Exam removed from the schedule. Contact instructor for further information.,,,,
CIVE 596,001,Wednesday,"April 11, 2018",9:00 AM,11:30 AM,"RCH 301,302"
CIVE 641,001,Thursday,"April 19, 2018",7:30 PM,10:00 PM,STC 0050
CLAS 104,001,Thursday,"April 19, 2018",7:30 PM,9:30 PM,"PAC 1,2,3,4,5,6,7"
CLAS 105,001,Monday,"April 16, 2018",7:30 PM,9:30 PM,"PAC Upper 9,10"
CLAS 201,001,Monday,"April 23, 2018",7:30 PM,9:30 PM,STC 1012
CLAS 221,001,Wednesday,"April 11, 2018",4:00 PM,6:00 PM,EV3 1408
CLAS 231,001,Wednesday,"April 18, 2018",12:30 PM,2:30 PM,STC 0010
CLAS 241,001,Tuesday,"April 10, 2018",9:00 AM,11:00 AM,ML 349
CLAS 251,001,Friday,"April 20, 2018",7:30 PM,9:00 PM,MC 4041
CLAS 325,001,Friday,"April 13, 2018",9:00 AM,11:00 AM,STC 0050
CLAS 361,081 Online,See https://uwaterloo.ca/quest/help/students/how-do-i/online-exam-schedule,,,,
CM 763,001,Monday,"April 9, 2018",9:00 AM,11:30 AM,STC 0040
CM 764,001,Friday,"April 13, 2018",12:30 PM,3:00 PM,STC 0050
CO 227,001,Tuesday,"April 24, 2018",9:00 AM,11:30 AM,PAC 3
CO 250,"001,002",Thursday,"April 12, 2018",12:30 PM,3:00 PM,STC 1012
CO 250,081 Online,See https://uwaterloo.ca/quest/help/students/how-do-i/online-exam-schedule,,,,
CO 255,001,Friday,"April 13, 2018",12:30 PM,3:00 PM,STC 0020
CO 327,001,Friday,"April 20, 2018",12:30 PM,3:00 PM,RCH 306
CO 331,001,Saturday,"April 21, 2018",12:30 PM,3:00 PM,PAC 4
CO 353,001,Tuesday,"April 24, 2018",12:30 PM,3:00 PM,PAC Upper 9
CO 370,001,Wednesday,"April 25, 2018",9:00 AM,11:30 AM,"RCH 302,305"
CO 372,001,Tuesday,"April 24, 2018",9:00 AM,11:30 AM,PAC 8
CO 430,001,Tuesday,"April 10, 2018",9:00 AM,11:30 AM,RCH 205
CO 463,001,Monday,"April 9, 2018",7:30 PM,10:00 PM,MC 4064
CO 481,001,Tuesday,"April 17, 2018",7:30 PM,10:00 PM,PAC 8
CO 487,001,Tuesday,"April 24, 2018",12:30 PM,3:00 PM,"PAC 4,5,6"
CO 630,001,Tuesday,"April 10, 2018",9:00 AM,11:30 AM,RCH 205
CO 663,001,Monday,"April 9, 2018",7:30 PM,10:00 PM,MC 4064
CO 687,001,Tuesday,"April 24, 2018",12:30 PM,3:00 PM,"PAC 4,5,6"
COMM 231,001,Saturday,"April 21, 2018",7:30 PM,10:00 PM,"STC 0050,0060"
COMM 321,001,Wednesday,"April 18, 2018",7:30 PM,10:00 PM,PAC Upper 9
COMM 421,001,Monday,"April 9, 2018",12:30 PM,3:00 PM,PAC Upper 9
COMM 432,001,Monday,"April 9, 2018",9:00 AM,11:30 AM,STC 0010
CROAT 101,081 Online,See https://uwaterloo.ca/quest/help/students/how-do-i/online-exam-schedule,,,,
CROAT 102,081 Online,See https://uwaterloo.ca/quest/help/students/how-do-i/online-exam-schedule,,,,
CROAT 202,001,Monday,"April 9, 2018",12:30 PM,3:00 PM,ML 311
CS 100,081 Online,See https://uwaterloo.ca/quest/help/students/how-do-i/online-exam-schedule,,,,
CS 106,"001,002",Friday,"April 20, 2018",12:30 PM,3:00 PM,"PAC 7,8"
CS 115,001 to 004,Tuesday,"April 24, 2018",9:00 AM,11:30 AM,"PAC 4,5,6,7"
CS 116,001 to 011,Monday,"April 16, 2018",12:30 PM,3:00 PM,"PAC 1,2,3,4,5,6,7"
CS 135,"001,002",Wednesday,"April 25, 2018",9:00 AM,11:30 AM,M3 1006
CS 136,001 to 011,Sunday,"April 22, 2018",9:00 AM,11:30 AM,"PAC 1,2,3,4,5,6,7,8"
CS 138,001,Thursday,"April 19, 2018",9:00 AM,11:30 AM,M3 1006
CS 146,001,Monday,"April 23, 2018",9:00 AM,11:30 AM,DC 1351
CS 200,001,Monday,"April 9, 2018",4:00 PM,6:30 PM,"STC 0020,0040"
CS 230,001,Tuesday,"April 17, 2018",7:30 PM,10:00 PM,"PAC 4,5"
CS 240,001 to 004,Monday,"April 23, 2018",9:00 AM,11:30 AM,"PAC 4,5,6"
CS 240E,001,Monday,"April 23, 2018",9:00 AM,11:30 AM,PAC Upper 9
CS 241,001 to 005,Monday,"April 9, 2018",4:00 PM,6:30 PM,"STC 0050,0060,1012"
CS 245,001 to 003,Tuesday,"April 24, 2018",9:00 AM,11:30 AM,"PAC 1,2"
CS 246,001 to 003,Sunday,"April 22, 2018",12:30 PM,3:00 PM,"PAC 1,2"
CS 251,001 to 004,Wednesday,"April 11, 2018",4:00 PM,6:30 PM,"PAC 4,5,6"
CS 330,001,Tuesday,"April 10, 2018",9:00 AM,11:30 AM,STC 1012
CS 330,002,Tuesday,"April 10, 2018",9:00 AM,11:30 AM,STC 0010
CS 335,001,Tuesday,"April 10, 2018",12:30 PM,3:00 PM,"RCH 302,305"
CS 338,001,Monday,"April 23, 2018",12:30 PM,3:00 PM,M3 1006
CS 341,001 to 005,Wednesday,"April 18, 2018",12:30 PM,3:00 PM,"PAC 4,5,6,7"
CS 343,"001,002",Thursday,"April 19, 2018",4:00 PM,6:30 PM,M3 1006
CS 348,"001,002",Friday,"April 20, 2018",7:30 PM,10:00 PM,DC 1351
CS 349,001 to 004,Thursday,"April 12, 2018",4:00 PM,6:30 PM,"PAC 1,2,3"
CS 350,001 to 004,Wednesday,"April 25, 2018",9:00 AM,11:30 AM,"STC 0060,1012"
CS 360,001,Monday,"April 9, 2018",7:30 PM,10:00 PM,MC 4020
CS 365,001,Saturday,"April 21, 2018",7:30 PM,10:00 PM,MC 4041
CS 370,001 to 003,Tuesday,"April 10, 2018",4:00 PM,6:30 PM,M3 1006
CS 371,001,Tuesday,"April 10, 2018",4:00 PM,6:30 PM,DC 1351
CS 430,001,Wednesday,"April 18, 2018",4:00 PM,6:30 PM,"STC 0050,0060"
CS 436,001,Tuesday,"April 17, 2018",9:00 AM,11:00 AM,STC 0010
CS 442,001,Wednesday,"April 11, 2018",12:30 PM,3:00 PM,PAC 5
CS 444,001,Thursday,"April 12, 2018",9:00 AM,11:30 AM,PAC 7
CS 445,001,Monday,"April 9, 2018",4:00 PM,6:30 PM,PAC Upper 11
CS 446,001,Tuesday,"April 10, 2018",7:30 PM,10:00 PM,PAC 6
CS 447,001,Monday,"April 16, 2018",7:30 PM,10:00 PM,PAC 8
CS 448,001,Wednesday,"April 11, 2018",9:00 AM,11:30 AM,QNC 1507
CS 449,001,Monday,"April 9, 2018",9:00 AM,11:30 AM,STC 0020
CS 450,001,Friday,"April 20, 2018",12:30 PM,3:00 PM,STC 0040
CS 451,"001,002",Wednesday,"April 18, 2018",4:00 PM,6:30 PM,"STC 0010,0020"
CS 452,001,Exam removed from schedule. Contact instructor for further information.,,,,
CS 454,"001,002",Saturday,"April 21, 2018",9:00 AM,11:30 AM,"PAC Upper 9,10,11"
CS 456,"001,002",Wednesday,"April 11, 2018",4:00 PM,6:30 PM,"PAC Upper 9,10,11"
CS 458,"001,002",Contact instructor for exam rescheduling details.,,,,
CS 467,001,Tuesday,"April 17, 2018",7:30 PM,10:00 PM,PAC 8
CS 476,001,Monday,"April 16, 2018",12:30 PM,3:00 PM,STC 0020
CS 482,001,Friday,"April 20, 2018",9:00 AM,11:30 AM,PAC Upper 11
CS 485,001,Thursday,"April 12, 2018",12:30 PM,3:00 PM,STC 0020
CS 486,"001,002",Tuesday,"April 17, 2018",12:30 PM,3:00 PM,"PAC 7,8"
CS 487,001,Monday,"April 9, 2018",12:30 PM,3:00 PM,STC 0050
CS 488,001,Wednesday,"April 11, 2018",7:30 PM,10:00 PM,MC 4045
CS 489,001,Exam removed from schedule. Contact instructor for further information.,,,,
CS 489,002,Tuesday,"April 10, 2018",12:30 PM,3:00 PM,M3 1006
CS 489,003,Monday,"April 16, 2018",7:30 PM,10:00 PM,PAC 7
CS 490,001,Monday,"April 9, 2018",12:30 PM,3:00 PM,STC 0060
CS 631,001,Wednesday,"April 18, 2018",4:00 PM,6:30 PM,"STC 0010,0020"
CS 636,001,Tuesday,"April 17, 2018",9:00 AM,11:00 AM,STC 0010
CS 642,001,Wednesday,"April 11, 2018",12:30 PM,3:00 PM,PAC 5
CS 644,001,Thursday,"April 12, 2018",9:00 AM,11:30 AM,PAC 7
CS 645,001,Monday,"April 9, 2018",4:00 PM,6:30 PM,PAC Upper 11
CS 646,001,Tuesday,"April 10, 2018",7:30 PM,10:00 PM,PAC 6
CS 647,001,Monday,"April 16, 2018",7:30 PM,10:00 PM,PAC 8
CS 648,001,Wednesday,"April 11, 2018",9:00 AM,11:30 AM,QNC 1507
CS 649,001,Monday,"April 9, 2018",9:00 AM,11:30 AM,STC 0020
CS 651,001,Wednesday,"April 18, 2018",4:00 PM,6:30 PM,"STC 0010,0020"
CS 654,"001,002",Saturday,"April 21, 2018",9:00 AM,11:30 AM,"PAC Upper 9,10,11"
CS 656,"001,002",Wednesday,"April 11, 2018",4:00 PM,6:30 PM,"PAC Upper 9,10,11"
CS 658,002,Contact instructor for exam rescheduling details.,,,,
CS 676,001,Monday,"April 16, 2018",12:30 PM,3:00 PM,STC 0020
CS 682,001,Friday,"April 20, 2018",9:00 AM,11:30 AM,PAC Upper 11
CS 685,001,Thursday,"April 12, 2018",12:30 PM,3:00 PM,STC 0020
CS 686,"001,002",Tuesday,"April 17, 2018",12:30 PM,3:00 PM,"PAC 7,8"
CS 687,001,Monday,"April 9, 2018",12:30 PM,3:00 PM,STC 0050
CS 688,001,Wednesday,"April 11, 2018",7:30 PM,10:00 PM,MC 4045
CS 698,001,Exam removed from schedule. Contact instructor for further information.,,,,
CS 698,002,Tuesday,"April 10, 2018",12:30 PM,3:00 PM,M3 1006
CS 698,003,Monday,"April 16, 2018",7:30 PM,10:00 PM,PAC 7
DUTCH 101,081 Online,See https://uwaterloo.ca/quest/help/students/how-do-i/online-exam-schedule,,,,
DUTCH 102,001,Saturday,"April 21, 2018",9:00 AM,11:30 AM,ML 349
DUTCH 202,001,Monday,"April 9, 2018",9:00 AM,11:30 AM,ML 354
EARTH 122,001,Tuesday,"April 17, 2018",7:30 PM,10:00 PM,"PAC 1,2,3"
EARTH 122L,001 to 004,Friday,"April 20, 2018",4:00 PM,6:30 PM,"PAC Upper 9,10,11"
EARTH 221,001,Sunday,"April 22, 2018",12:30 PM,3:00 PM,PAC 8
EARTH 232,001,Sunday,"April 22, 2018",9:00 AM,11:30 AM,STC 0050
EARTH 238,001,Tuesday,"April 17, 2018",12:30 PM,3:00 PM,STC 0020
EARTH 270,001,Monday,"April 16, 2018",7:30 PM,10:00 PM,"PAC 4,5"
EARTH 281,001,Tuesday,"April 10, 2018",9:00 AM,11:30 AM,STC 0020
EARTH 332,001,Wednesday,"April 11, 2018",12:30 PM,3:00 PM,PAC 6
EARTH 333,001,Tuesday,"April 10, 2018",4:00 PM,6:30 PM,STC 0010
EARTH 336,001,Thursday,"April 19, 2018",4:00 PM,6:30 PM,"PAC 1,2"
EARTH 358,001,Thursday,"April 12, 2018",7:30 PM,10:00 PM,STC 0060
EARTH 435,001,Exam removed from schedule. Contact instructor for further information.,,,,
EARTH 437,001,Monday,"April 16, 2018",12:30 PM,3:00 PM,RCH 207
EARTH 438,001,Monday,"April 9, 2018",7:30 PM,10:00 PM,MC 4040
EARTH 439,001,Friday,"April 20, 2018",12:30 PM,3:00 PM,RCH 211
EARTH 456,001,Thursday,"April 12, 2018",9:00 AM,11:30 AM,PAC 8
EARTH 459,001,Wednesday,"April 18, 2018",9:00 AM,11:30 AM,STC 0040
EARTH 460,001,Exam removed from schedule. Contact instructor for further information.,,,,
EARTH 471,001,Wednesday,"April 18, 2018",4:00 PM,6:30 PM,STC 0040
EARTH 491,001,Friday,"April 20, 2018",7:30 PM,10:00 PM,MC 4042
EARTH 638,001,Monday,"April 9, 2018",7:30 PM,10:00 PM,MC 4040
EARTH 656,001,Thursday,"April 12, 2018",9:00 AM,11:30 AM,PAC 8
EARTH 658,001,Friday,"April 20, 2018",12:30 PM,3:00 PM,RCH 211
EASIA 202R,001,Tuesday,"April 24, 2018",9:00 AM,11:30 AM,REN 2106
ECE 106,"001,002",Monday,"April 16, 2018",12:30 PM,3:00 PM,"STC 0060,1012"
ECE 108,001,Friday,"April 20, 2018",12:30 PM,3:00 PM,M3 1006
ECE 124,"001,002",Monday,"April 23, 2018",12:30 PM,3:00 PM,"PAC 1,2,3"
ECE 140,"001,002",Thursday,"April 12, 2018",9:00 AM,11:30 AM,"PAC 4,5,6"
ECE 205,"001,002",Sunday,"April 22, 2018",9:00 AM,11:30 AM,"STC 0010,0020,0040"
ECE 222,"001,002",Wednesday,"April 18, 2018",12:30 PM,3:00 PM,"STC 0060,1012"
ECE 224,001,Thursday,"April 19, 2018",4:00 PM,6:30 PM,PAC 3
ECE 240,"001,002",Thursday,"April 12, 2018",4:00 PM,6:30 PM,"PAC 4,5,6"
ECE 250,"001,002",Monday,"April 9, 2018",12:30 PM,3:00 PM,"PAC 1,2,3"
ECE 290,"001,002",Monday,"April 23, 2018",12:30 PM,3:00 PM,"STC 0060,1012"
ECE 316,001,Friday,"April 20, 2018",12:30 PM,3:00 PM,"PAC Upper 9,10,11"
ECE 318,"001,002",Saturday,"April 21, 2018",4:00 PM,6:30 PM,M3 1006
ECE 327,001,Tuesday,"April 10, 2018",12:30 PM,3:00 PM,"RCH 301,309"
ECE 331,001,Monday,"April 23, 2018",9:00 AM,11:30 AM,PAC Upper 10
ECE 351,001,Tuesday,"April 17, 2018",12:30 PM,3:00 PM,M3 1006
ECE 356,001,Monday,"April 9, 2018",4:00 PM,6:30 PM,DC 1351
ECE 358,001,Wednesday,"April 18, 2018",9:00 AM,11:30 AM,M3 1006
ECE 361,001,Tuesday,"April 10, 2018",4:00 PM,6:30 PM,"PAC Upper 9,10"
ECE 375,001,Wednesday,"April 18, 2018",4:00 PM,6:30 PM,RCH 207
ECE 380,001,Friday,"April 13, 2018",12:30 PM,3:00 PM,"PAC Upper 9,10,11"
ECE 390,"001,002",Thursday,"April 12, 2018",12:30 PM,3:00 PM,"PAC 7,8"
ECE 404,001,Monday,"April 9, 2018",12:30 PM,3:00 PM,RCH 206
ECE 405,001,Monday,"April 23, 2018",7:30 PM,10:00 PM,STC 0010
ECE 406,001,Thursday,"April 19, 2018",9:00 AM,11:30 AM,"PAC Upper 9,10,11"
ECE 409,001,Saturday,"April 21, 2018",12:30 PM,3:00 PM,PAC 5
ECE 416,001,Thursday,"April 12, 2018",12:30 PM,3:00 PM,RCH 204
ECE 417,001,Monday,"April 23, 2018",9:00 AM,11:30 AM,RCH 204
ECE 423,001,Wednesday,"April 18, 2018",12:30 PM,3:00 PM,STC 0020
ECE 444,001,Wednesday,"April 11, 2018",9:00 AM,11:30 AM,STC 0040
ECE 451,001,Monday,"April 9, 2018",4:00 PM,6:30 PM,PAC Upper 11
ECE 452,001,Tuesday,"April 10, 2018",7:30 PM,10:00 PM,PAC 6
ECE 453,001,Monday,"April 16, 2018",7:30 PM,10:00 PM,PAC 8
ECE 457B,001,Friday,"April 13, 2018",9:00 AM,11:30 AM,STC 0010
ECE 459,001,Tuesday,"April 10, 2018",9:00 AM,11:30 AM,M3 1006
ECE 459,002,Tuesday,"April 10, 2018",9:00 AM,11:30 AM,DC 1351
ECE 464,001,Wednesday,"April 11, 2018",7:30 PM,10:00 PM,PAC Upper 11
ECE 467,001,Tuesday,"April 17, 2018",7:30 PM,10:00 PM,PAC Upper 9
ECE 474,001,Saturday,"April 21, 2018",9:00 AM,11:30 AM,MC 4040
ECE 477,001,Wednesday,"April 11, 2018",9:00 AM,11:30 AM,STC 0050
ECE 488,001,Monday,"April 23, 2018",12:30 PM,3:00 PM,STC 0010
ECE 493,001,Tuesday,"April 10, 2018",9:00 AM,11:30 AM,RCH 212
ECE 493,002,Monday,"April 23, 2018",9:00 AM,11:30 AM,RCH 207
ECE 493,003,Saturday,"April 21, 2018",7:30 PM,10:00 PM,DC 1351
ECON 100,001,Monday,"April 9, 2018",12:30 PM,3:00 PM,RCH 204
ECON 101,"001,004",Wednesday,"April 11, 2018",7:30 PM,10:00 PM,"PAC 4,5,6,7,8"
ECON 101,002,Wednesday,"April 11, 2018",7:30 PM,10:00 PM,"STC 0060,1012"
ECON 101,003,Wednesday,"April 11, 2018",7:30 PM,10:00 PM,PAC 1
ECON 101,005,Wednesday,"April 11, 2018",7:30 PM,10:00 PM,"STC 0010,0020"
ECON 101,"006,007",Wednesday,"April 11, 2018",7:30 PM,10:00 PM,M3 1006
ECON 101,081 Online,See https://uwaterloo.ca/quest/help/students/how-do-i/online-exam-schedule,,,,
ECON 102,001,Thursday,"April 12, 2018",7:30 PM,10:00 PM,"PAC 1,2,3"
ECON 102,002,Thursday,"April 12, 2018",7:30 PM,10:00 PM,M3 1006
ECON 102,003,Thursday,"April 12, 2018",7:30 PM,10:00 PM,"PAC 4,5,6"
ECON 102,004,Thursday,"April 12, 2018",7:30 PM,10:00 PM,"PAC 7,8"
ECON 102,081 Online,See https://uwaterloo.ca/quest/help/students/how-do-i/online-exam-schedule,,,,
ECON 140W,,See: https://students.wlu.ca/academics/exams/exam-schedules/index.html,,,,
ECON 201,001,Friday,"April 20, 2018",9:00 AM,11:30 AM,PAC 3
ECON 201,002,Friday,"April 20, 2018",9:00 AM,11:30 AM,PAC 8
ECON 206,"001,002",Wednesday,"April 11, 2018",7:30 PM,10:00 PM,"PAC 2,3"
ECON 206,003,Wednesday,"April 11, 2018",7:30 PM,10:00 PM,"PAC Upper 9,10"
ECON 207,001,Monday,"April 23, 2018",9:00 AM,11:30 AM,RCH 112
ECON 211,001,Thursday,"April 12, 2018",12:30 PM,3:00 PM,STC 0040
ECON 212,001,Tuesday,"April 17, 2018",7:30 PM,10:00 PM,PAC 6
ECON 221,001,Monday,"April 23, 2018",9:00 AM,11:30 AM,RCH 110
ECON 231,001,Wednesday,"April 18, 2018",7:30 PM,10:00 PM,PAC 6
ECON 262,001,Wednesday,"April 18, 2018",12:30 PM,3:00 PM,STC 0040
ECON 290,001,Monday,"April 9, 2018",12:30 PM,3:00 PM,PAC 7
ECON 301,001,Saturday,"April 21, 2018",7:30 PM,10:00 PM,MC 4040
ECON 322,"001,002",Thursday,"April 19, 2018",9:00 AM,11:30 AM,PAC 3
ECON 323,001,Friday,"April 20, 2018",12:30 PM,2:30 PM,"STC 0010,0020"
ECON 332,001,Saturday,"April 21, 2018",4:00 PM,6:30 PM,STC 0010
ECON 357,001,Thursday,"April 12, 2018",4:00 PM,6:30 PM,STC 0060
ECON 361,081 Online,See https://uwaterloo.ca/quest/help/students/how-do-i/online-exam-schedule,,,,
ECON 371,001,Friday,"April 13, 2018",7:30 PM,10:00 PM,CPH 1346
ECON 372,001,Monday,"April 9, 2018",7:30 PM,10:00 PM,CPH 1346
ECON 391,001,Thursday,"April 12, 2018",4:00 PM,6:30 PM,"PAC Upper 9,10,11"
ECON 392,001,Tuesday,"April 10, 2018",4:00 PM,6:30 PM,STC 0020
ECON 393,001,Monday,"April 16, 2018",4:00 PM,6:30 PM,PAC Upper 9
ECON 402,001,Monday,"April 23, 2018",9:00 AM,11:30 AM,RCH 211
ECON 421,001,Tuesday,"April 10, 2018",12:30 PM,3:00 PM,RCH 206
ECON 436,001,Monday,"April 9, 2018",4:00 PM,6:30 PM,RCH 207
ECON 483,001,Wednesday,"April 11, 2018",9:00 AM,11:30 AM,STC 0060
ECON 488,001,Tuesday,"April 10, 2018",4:00 PM,6:30 PM,STC 0040
ECON 496,001,Wednesday,"April 11, 2018",12:30 PM,3:00 PM,PAC 8
ECON 623,001,Tuesday,"April 10, 2018",4:00 PM,6:30 PM,STC 0040
ECON 673,001,Monday,"April 9, 2018",4:00 PM,6:30 PM,RCH 207
ECON 723,001,Tuesday,"April 10, 2018",4:00 PM,6:30 PM,STC 0040
EMLS 129R,081 Online,See https://uwaterloo.ca/quest/help/students/how-do-i/online-exam-schedule,,,,
ENBUS 302,001,Wednesday,"April 11, 2018",4:00 PM,6:30 PM,"PAC 1,2"
ENBUS 309,"001,002",Exam removed from schedule. Contact instructor for further information.,,,,
ENGL 101A,001,Friday,"April 13, 2018",4:00 PM,6:30 PM,SJ2 2007
ENGL 101B,001,Monday,"April 23, 2018",7:30 PM,10:00 PM,STC 0040
ENGL 101B,081 Online,See https://uwaterloo.ca/quest/help/students/how-do-i/online-exam-schedule,,,,
ENGL 108A,001,Monday,"April 23, 2018",9:00 AM,11:30 AM,PAC Upper 11
ENGL 108P,002,Tuesday,"April 24, 2018",4:00 PM,6:30 PM,RCH 305
ENGL 109,002,Wednesday,"April 25, 2018",9:00 AM,10:00 AM,SJ1 3016
ENGL 109,081 Online,See https://uwaterloo.ca/quest/help/students/how-do-i/online-exam-schedule,,,,
ENGL 119,004,Sunday,"April 22, 2018",7:30 PM,8:30 PM,SJ1 3016
ENGL 190,001,Monday,"April 16, 2018",12:30 PM,2:00 PM,RCH 204
ENGL 200A,081 Online,See https://uwaterloo.ca/quest/help/students/how-do-i/online-exam-schedule,,,,
ENGL 200B,001,Monday,"April 23, 2018",9:00 AM,11:30 AM,SJ2 2007
ENGL 200B,081 Online,See https://uwaterloo.ca/quest/help/students/how-do-i/online-exam-schedule,,,,
ENGL 202A,081 Online,See https://uwaterloo.ca/quest/help/students/how-do-i/online-exam-schedule,,,,
ENGL 208B,001,Saturday,"April 21, 2018",7:30 PM,8:30 PM,SJ2 2003
ENGL 208C,001,Thursday,"April 19, 2018",9:00 AM,11:00 AM,HH 2107
ENGL 208N,001,Thursday,"April 12, 2018",9:00 AM,11:30 AM,SJ2 2007
ENGL 210F,081 Online,See https://uwaterloo.ca/quest/help/students/how-do-i/online-exam-schedule,,,,
ENGL 251A,081 Online,See https://uwaterloo.ca/quest/help/students/how-do-i/online-exam-schedule,,,,
ENGL 251B,001,Tuesday,"April 10, 2018",9:00 AM,11:30 AM,SJ1 3016
ENGL 251B,002,Tuesday,"April 17, 2018",9:00 AM,11:30 AM,SJ1 3016
ENGL 251B,003,Tuesday,"April 10, 2018",12:30 PM,3:00 PM,HH 2107
ENGL 251B,081 Online,See https://uwaterloo.ca/quest/help/students/how-do-i/online-exam-schedule,,,,
ENGL 292,081 Online,See https://uwaterloo.ca/quest/help/students/how-do-i/online-exam-schedule,,,,
ENGL 306A,001,Friday,"April 20, 2018",7:30 PM,10:00 PM,SJ2 2007
ENGL 306A,002,Friday,"April 20, 2018",12:30 PM,3:00 PM,RCH 307
ENGL 309B,001,Exam removed from schedule. Contact instructor for further information.,,,,
ENGL 309C,081 Online,See https://uwaterloo.ca/quest/help/students/how-do-i/online-exam-schedule,,,,
ENGL 325,001,Monday,"April 9, 2018",12:30 PM,3:00 PM,SJ2 2007
ENGL 410F,001,Tuesday,"April 10, 2018",9:00 AM,11:30 AM,HH 2107
ENVE 223,001,Friday,"April 20, 2018",9:00 AM,11:30 AM,RCH 302
ENVE 224,001,Monday,"April 9, 2018",12:30 PM,3:00 PM,RCH 302
ENVE 275,001,Monday,"April 16, 2018",12:30 PM,3:00 PM,CPH 3607
ENVE 280,001,Thursday,"April 12, 2018",9:00 AM,11:30 AM,RCH 301
ENVE 375,001,Sunday,"April 22, 2018",12:30 PM,3:00 PM,RCH 307
ENVE 391,001,Monday,"April 23, 2018",7:30 PM,10:00 PM,RCH 301
ENVE 573,001,Monday,"April 9, 2018",7:30 PM,10:00 PM,DWE 2527
ENVE 577,001,Thursday,"April 12, 2018",7:30 PM,10:00 PM,CPH 3607
ENVS 178,001,Tuesday,"April 10, 2018",9:00 AM,11:30 AM,"PAC 1,2,3"
ENVS 200,001,Monday,"April 9, 2018",9:00 AM,11:30 AM,M3 1006
ENVS 220,001,Monday,"April 9, 2018",12:30 PM,3:00 PM,M3 1006
ENVS 278,001,Thursday,"April 19, 2018",9:00 AM,11:30 AM,STC 1012
ERS 270,001,Tuesday,"April 17, 2018",4:00 PM,6:30 PM,EV3 1408
ERS 337,001,Thursday,"April 12, 2018",12:30 PM,3:00 PM,HH 1102
ERS 365,001,Wednesday,"April 11, 2018",9:00 AM,11:30 AM,EV3 3412
ERS 383,001,Thursday,"April 12, 2018",12:30 PM,3:00 PM,RCH 302
FINE 241,001,Tuesday,"April 10, 2018",9:00 AM,11:00 AM,ML 349
FR 151,"001,002",Tuesday,"April 17, 2018",12:30 PM,2:30 PM,DC 1351
FR 151,081 Online,See https://uwaterloo.ca/quest/help/students/how-do-i/online-exam-schedule,,,,
FR 152,"001,002",Wednesday,"April 18, 2018",12:30 PM,2:30 PM,EV3 1408
FR 152,081 Online,See https://uwaterloo.ca/quest/help/students/how-do-i/online-exam-schedule,,,,
FR 192A,001 to 004,Tuesday,"April 24, 2018",9:00 AM,11:00 AM,HH 1101
FR 192A,081 Online,See https://uwaterloo.ca/quest/help/students/how-do-i/online-exam-schedule,,,,
FR 192B,001 to 003,Tuesday,"April 10, 2018",7:30 PM,9:30 PM,HH 1101
FR 192B,004,Tuesday,"April 10, 2018",7:30 PM,9:30 PM,SJ1 3027
FR 192B,081 Online,See https://uwaterloo.ca/quest/help/students/how-do-i/online-exam-schedule,,,,
FR 251,001,Thursday,"April 19, 2018",7:30 PM,10:00 PM,ML 354
FR 251,081 Online,See https://uwaterloo.ca/quest/help/students/how-do-i/online-exam-schedule,,,,
FR 252,001,Saturday,"April 21, 2018",12:30 PM,2:30 PM,ML 349
FR 252,081 Online,See https://uwaterloo.ca/quest/help/students/how-do-i/online-exam-schedule,,,,
FR 255,081 Online,See https://uwaterloo.ca/quest/help/students/how-do-i/online-exam-schedule,,,,
FR 276,"001,002",Tuesday,"April 24, 2018",12:30 PM,2:30 PM,HH 1102
FR 296,001,Monday,"April 23, 2018",9:00 AM,11:30 AM,ML 354
FR 297,001,Monday,"April 16, 2018",12:30 PM,2:30 PM,ML 349
FR 297,081 Online,See https://uwaterloo.ca/quest/help/students/how-do-i/online-exam-schedule,,,,
FR 363,001,Tuesday,"April 10, 2018",7:30 PM,9:30 PM,ML 354
FR 400,001,Monday,"April 9, 2018",9:00 AM,11:30 AM,SJ1 3027
FR 452,001,Tuesday,"April 10, 2018",9:00 AM,11:00 AM,ML 354
FR 473,001,Monday,"April 16, 2018",12:30 PM,3:00 PM,ML 354
GBDA 204,"001,002",Tuesday,"April 10, 2018",12:30 PM,3:00 PM,"RCH 103,105,110"
GBDA 205,"001,002",Thursday,"April 12, 2018",12:30 PM,2:30 PM,"STC 0050,0060"
GENE 123,001 to 004,Tuesday,"April 17, 2018",12:30 PM,3:00 PM,"PAC 1,2,3,4"
GENE 499,001,Monday,"April 9, 2018",12:30 PM,3:00 PM,RCH 212
GEOG 102,001,Thursday,"April 19, 2018",7:30 PM,10:00 PM,STC 1012
GEOG 181,081 Online,See https://uwaterloo.ca/quest/help/students/how-do-i/online-exam-schedule,,,,
GEOG 209,001,Tuesday,"April 17, 2018",12:30 PM,3:00 PM,STC 0040
GEOG 271,001,Wednesday,"April 18, 2018",12:30 PM,3:00 PM,"PAC Upper 9,10,11"
GEOG 281,001,Friday,"April 13, 2018",12:30 PM,3:00 PM,"STC 0060,1012"
GEOG 318,001,Monday,"April 9, 2018",12:30 PM,3:00 PM,"PAC Upper 10,11"
GEOG 323,001,Thursday,"April 19, 2018",9:00 AM,11:30 AM,STC 0010
GEOG 325,001,Monday,"April 16, 2018",12:30 PM,3:00 PM,STC 0040
GEOG 368,001,Wednesday,"April 18, 2018",9:00 AM,11:30 AM,"RCH 103,105,110"
GEOG 407,001,Tuesday,"April 10, 2018",4:00 PM,6:30 PM,EV1 350
GEOG 604,001,Monday,"April 9, 2018",12:30 PM,3:00 PM,"PAC Upper 10,11"
GER 101,001 to 003,Tuesday,"April 24, 2018",4:00 PM,6:30 PM,EV3 1408
GER 101,081 Online,See https://uwaterloo.ca/quest/help/students/how-do-i/online-exam-schedule,,,,
GER 102,"001,002",Thursday,"April 19, 2018",12:30 PM,3:00 PM,ML 349
GER 102,081 Online,See https://uwaterloo.ca/quest/help/students/how-do-i/online-exam-schedule,,,,
GER 201,081 Online,See https://uwaterloo.ca/quest/help/students/how-do-i/online-exam-schedule,,,,
GER 202,081 Online,See https://uwaterloo.ca/quest/help/students/how-do-i/online-exam-schedule,,,,
GERON 245,001,Wednesday,"April 18, 2018",12:30 PM,3:00 PM,"PAC 1,2,3,8"
GERON 310,001,Monday,"April 9, 2018",12:30 PM,2:00 PM,STC 1012
GERON 355,001,Sunday,"April 22, 2018",12:30 PM,3:00 PM,"PAC 4,5,6"
GRK 102,001,Monday,"April 16, 2018",12:30 PM,2:30 PM,RCH 205
GRK 134,081 Online,See https://uwaterloo.ca/quest/help/students/how-do-i/online-exam-schedule,,,,
GRK 202,001,Tuesday,"April 10, 2018",9:00 AM,11:00 AM,RCH 207
HIST 111,001,Wednesday,"April 11, 2018",12:30 PM,3:00 PM,CGC 1111
HIST 113,001,Saturday,"April 21, 2018",12:30 PM,3:00 PM,RCH 301
HIST 207,001,Tuesday,"April 24, 2018",9:00 AM,11:30 AM,"RCH 103,105"
HIST 216,001,Friday,"April 13, 2018",9:00 AM,11:30 AM,RCH 306
HIST 223,001,Tuesday,"April 24, 2018",4:00 PM,6:30 PM,RCH 301
HIST 232,001,Tuesday,"April 10, 2018",9:00 AM,11:30 AM,CGC 1111
HIST 242,001,Friday,"April 20, 2018",7:30 PM,9:00 PM,MC 4041
HIST 350,001,Tuesday,"April 10, 2018",7:30 PM,10:00 PM,SJ1 3016
HLTH 102,"001,002",Saturday,"April 21, 2018",9:00 AM,11:30 AM,"PAC 4,5,6"
HLTH 173,002,Monday,"April 9, 2018",7:30 PM,10:00 PM,MC 4042
HLTH 230,001,Friday,"April 20, 2018",9:00 AM,11:30 AM,"PAC 1,2"
HLTH 245,001,Wednesday,"April 18, 2018",12:30 PM,3:00 PM,"PAC 1,2,3,8"
HLTH 280,001,Thursday,"April 12, 2018",9:00 AM,10:30 AM,M3 1006
HLTH 304,001,Monday,"April 23, 2018",9:00 AM,11:00 AM,STC 0050
HLTH 310,001,Monday,"April 9, 2018",12:30 PM,2:00 PM,STC 1012
HLTH 350,001,Thursday,"April 12, 2018",4:00 PM,5:30 PM,DC 1351
HLTH 373,001,Tuesday,"April 24, 2018",12:30 PM,2:30 PM,STC 0040
HLTH 373,002,Thursday,"April 19, 2018",9:00 AM,11:30 AM,STC 0020
HLTH 451,001,Tuesday,"April 10, 2018",9:00 AM,11:30 AM,BMH 1005
HLTH 620,004,Tuesday,"April 10, 2018",9:00 AM,11:30 AM,BMH 1005
HRM 200,081 Online,See https://uwaterloo.ca/quest/help/students/how-do-i/online-exam-schedule,,,,
HRM 301,001,Wednesday,"April 18, 2018",4:00 PM,6:30 PM,RCH 211
HRM 303,001,Monday,"April 16, 2018",4:00 PM,6:00 PM,STC 0050
HRM 307,001,Tuesday,"April 17, 2018",9:00 AM,11:00 AM,STC 0020
HUMSC 102,001,Wednesday,"April 18, 2018",12:30 PM,3:00 PM,SJ1 3016
INDEV 101,001,Thursday,"April 19, 2018",9:00 AM,11:30 AM,STC 0040
INTST 101,001,Wednesday,"April 18, 2018",12:30 PM,2:30 PM,STC 0050
JAPAN 101R,"001,002",Tuesday,"April 24, 2018",4:00 PM,6:00 PM,STC 1012
JAPAN 102R,001,Wednesday,"April 18, 2018",7:30 PM,9:30 PM,REN 2106
JAPAN 201R,001,Monday,"April 9, 2018",9:00 AM,11:30 AM,REN 2107
JAPAN 202R,001,Friday,"April 20, 2018",12:30 PM,3:00 PM,REN 2102
JAPAN 301R,001,Wednesday,"April 18, 2018",9:00 AM,11:30 AM,REN 2102
KIN 100,001,Monday,"April 23, 2018",12:30 PM,3:00 PM,"PAC 4,5,6,7"
KIN 100L,001 to 010,Monday,"April 23, 2018",7:30 PM,10:00 PM,M3 1006
KIN 146,001,Tuesday,"April 17, 2018",4:00 PM,6:30 PM,"PAC 7,8
PAC Upper 9,10,11"
KIN 221,001,Friday,"April 20, 2018",12:30 PM,3:00 PM,DC 1351
KIN 232,001,Tuesday,"April 10, 2018",9:00 AM,11:30 AM,"PAC Upper 9,10,11"
KIN 242,001,Thursday,"April 12, 2018",7:30 PM,10:00 PM,"PAC Upper 9,10,11"
KIN 307,001,Tuesday,"April 10, 2018",4:00 PM,6:30 PM,STC 0050
KIN 310,001,Monday,"April 9, 2018",12:30 PM,2:00 PM,STC 1012
KIN 356,001,Exam removed from schedule. Contact instructor for further information.,,,,
KIN 403,001,Tuesday,"April 17, 2018",7:30 PM,10:00 PM,PAC Upper 10
KIN 408,001,Wednesday,"April 18, 2018",7:30 PM,10:00 PM,"PAC 7,8"
KIN 415,001,Saturday,"April 21, 2018",12:30 PM,3:00 PM,PAC 6
KIN 416,001,Tuesday,"April 10, 2018",12:30 PM,3:00 PM,RCH 207
LAT 102,001,Monday,"April 23, 2018",9:00 AM,11:00 AM,RCH 205
LAT 202,001,Exam removed from schedule. Contact instructor for further information.,,,,
LAT 332,001,Monday,"April 9, 2018",12:30 PM,2:30 PM,RCH 211
LAT 600,001,Monday,"April 9, 2018",12:30 PM,2:30 PM,RCH 211
LS 101,001,Monday,"April 23, 2018",9:00 AM,11:00 AM,SJ2 1004
LS 101,081 Online,See https://uwaterloo.ca/quest/help/students/how-do-i/online-exam-schedule,,,,
LS 202,001,Thursday,"April 12, 2018",12:30 PM,3:00 PM,SJ2 1004
LS 202,002,Friday,"April 20, 2018",4:00 PM,6:00 PM,SJ2 1004
LS 206,001,Exam removed from schedule. Contact instructor for further information.,,,,
LS 222,001,Exam removed from schedule. Contact instructor for further information.,,,,
LS 227,001,Monday,"April 23, 2018",7:30 PM,10:00 PM,STC 0020
LS 228,001,Monday,"April 16, 2018",12:30 PM,3:00 PM,STC 0050
LS 229,001,Saturday,"April 21, 2018",9:00 AM,11:00 AM,SJ2 1004
LS 229,081 Online,See https://uwaterloo.ca/quest/help/students/how-do-i/online-exam-schedule,,,,
LS 271,001,Thursday,"April 19, 2018",4:00 PM,6:30 PM,"CGC 1111,1208"
LS 283,001,Tuesday,"April 10, 2018",7:30 PM,9:30 PM,"PAC Upper 9,10,11"
LS 325,001,Monday,"April 9, 2018",7:30 PM,10:00 PM,DC 1351
LS 327,081 Online,See https://uwaterloo.ca/quest/help/students/how-do-i/online-exam-schedule,,,,
MATBUS 470,001,Monday,"April 23, 2018",9:00 AM,11:30 AM,STC 0060
MATBUS 471,001,Tuesday,"April 17, 2018",12:30 PM,3:00 PM,PAC 5
MATBUS 472,001,Tuesday,"April 24, 2018",12:30 PM,3:00 PM,PAC Upper 10
MATH 103,081 Online,See https://uwaterloo.ca/quest/help/students/how-do-i/online-exam-schedule,,,,
MATH 104,001,Monday,"April 23, 2018",12:30 PM,3:00 PM,STC 0020
MATH 104,081 Online,See https://uwaterloo.ca/quest/help/students/how-do-i/online-exam-schedule,,,,
MATH 106,001,Monday,"April 23, 2018",4:00 PM,6:30 PM,PAC 6
MATH 114,001,Monday,"April 23, 2018",12:30 PM,3:00 PM,STC 0040
MATH 118,001 to 005,Monday,"April 9, 2018",4:00 PM,6:30 PM,"PAC 4,5,6,7
PAC Upper 9,10"
MATH 119,001 to 003,Monday,"April 9, 2018",4:00 PM,6:30 PM,"PAC 1,2,3,8"
MATH 127,001 to 003,Tuesday,"April 10, 2018",12:30 PM,3:00 PM,"STC 0060,1012"
MATH 127,081 Online,See https://uwaterloo.ca/quest/help/students/how-do-i/online-exam-schedule,,,,
MATH 128,001 to 007,Thursday,"April 12, 2018",12:30 PM,3:00 PM,"PAC 1,2,3,4,5,6
PAC Upper 9,10,11"
MATH 128,081 Online,See https://uwaterloo.ca/quest/help/students/how-do-i/online-exam-schedule,,,,
MATH 135,001 to 009,Saturday,"April 21, 2018",4:00 PM,6:30 PM,"PAC 4,5,6,7"
MATH 136,001 to 009,Wednesday,"April 18, 2018",4:00 PM,6:30 PM,"PAC 1,2,3,4,5,6,7,8
PAC Upper 9,10,11
M3 1006"
MATH 136,081 Online,See https://uwaterloo.ca/quest/help/students/how-do-i/online-exam-schedule,,,,
MATH 137,"001,002",Tuesday,"April 10, 2018",4:00 PM,6:30 PM,STC 1012
MATH 137,081 Online,See https://uwaterloo.ca/quest/help/students/how-do-i/online-exam-schedule,,,,
MATH 138,"001 to 004, 006 to 009",Tuesday,"April 10, 2018",12:30 PM,3:00 PM,"PAC 1,2,3,4,5,6,7,8
PAC Upper 9,10
DC 1351"
MATH 138,005,Tuesday,"April 10, 2018",12:30 PM,3:00 PM,STC 0050
MATH 138,081 Online,See https://uwaterloo.ca/quest/help/students/how-do-i/online-exam-schedule,,,,
MATH 146,"001,002",Wednesday,"April 18, 2018",4:00 PM,6:30 PM,DC 1351
MATH 148,"001,002",Tuesday,"April 10, 2018",9:00 AM,11:30 AM,PAC 8
MATH 207,001,Wednesday,"April 18, 2018",7:30 PM,10:00 PM,PAC Upper 10
MATH 215,"001,002",Friday,"April 20, 2018",12:30 PM,3:00 PM,"STC 0060,1012"
MATH 217,001,Monday,"April 23, 2018",9:00 AM,11:30 AM,RCH 302
MATH 225,081 Online,See https://uwaterloo.ca/quest/help/students/how-do-i/online-exam-schedule,,,,
MATH 228,001,Saturday,"April 21, 2018",12:30 PM,3:00 PM,PAC 7
MATH 235,"001,002",Tuesday,"April 17, 2018",4:00 PM,6:30 PM,"PAC 4,5,6"
MATH 237,"001,002",Friday,"April 13, 2018",7:30 PM,10:00 PM,"PAC 1,2,3"
MATH 239,001 to 003,Saturday,"April 21, 2018",4:00 PM,6:30 PM,"PAC 1,2,3,8"
MATH 247,001,Thursday,"April 12, 2018",12:30 PM,3:00 PM,RCH 205
MATH 249,001,Monday,"April 16, 2018",7:30 PM,10:00 PM,PAC 6
ME 101,001,Friday,"April 20, 2018",12:30 PM,3:00 PM,"RCH 302,305"
ME 115,001,Monday,"April 23, 2018",9:00 AM,11:30 AM,M3 1006
ME 201,001,Friday,"April 13, 2018",9:00 AM,11:30 AM,"E5 3101,3102"
ME 202,001,Tuesday,"April 17, 2018",9:00 AM,11:30 AM,"E5 3101,3102"
ME 219,001,Wednesday,"April 11, 2018",9:00 AM,11:30 AM,"E5 3101,3102"
ME 230,001,Thursday,"April 19, 2018",9:00 AM,11:30 AM,"E5 3101,3102"
ME 269,001,Monday,"April 9, 2018",9:00 AM,11:30 AM,"E5 3101,3102"
ME 303,001,Tuesday,"April 10, 2018",4:00 PM,6:30 PM,"E5 3101,3102"
ME 321,001,Thursday,"April 12, 2018",4:00 PM,6:30 PM,"E5 3101,3102"
ME 321,002,Tuesday,"April 17, 2018",4:00 PM,6:30 PM,"E5 3101,3102"
ME 322,001,Thursday,"April 19, 2018",12:30 PM,3:00 PM,"E5 3101,3102"
ME 340,001,Wednesday,"April 18, 2018",4:00 PM,6:30 PM,"E5 3101,3102"
ME 351,001,Monday,"April 16, 2018",4:00 PM,6:30 PM,"E5 3101,3102"
ME 351,002,Wednesday,"April 18, 2018",9:00 AM,11:30 AM,"E5 3101,3102"
ME 353,001,Monday,"April 9, 2018",12:30 PM,3:00 PM,"E5 3101,3102"
ME 354,001,Sunday,"April 22, 2018",4:00 PM,6:30 PM,"E5 3101,3102"
ME 360,001,Monday,"April 16, 2018",7:30 PM,10:00 PM,"E5 3101,3102"
ME 362,001,Thursday,"April 12, 2018",9:00 AM,11:30 AM,"E5 3101,3102"
ME 452,001,Wednesday,"April 18, 2018",7:30 PM,10:00 PM,DWE 2402
ME 524,001,Wednesday,"April 11, 2018",12:30 PM,3:00 PM,DWE 2402
ME 526,001,Wednesday,"April 25, 2018",9:00 AM,11:30 AM,"DWE 2402,2527"
ME 535,001,Tuesday,"April 10, 2018",7:30 PM,10:00 PM,CPH 3679
ME 538,001,Tuesday,"April 17, 2018",7:30 PM,10:00 PM,RCH 308
ME 547,001,Tuesday,"April 17, 2018",9:00 AM,11:30 AM,DWE 2402
ME 555,001,Tuesday,"April 10, 2018",9:00 AM,11:30 AM,DWE 2402
ME 557,001,Thursday,"April 19, 2018",12:30 PM,3:00 PM,CPH 3679
ME 562,001,Friday,"April 20, 2018",9:00 AM,11:30 AM,CPH 3679
ME 563,001,Friday,"April 13, 2018",12:30 PM,3:00 PM,CPH 3679
ME 564,001,Monday,"April 9, 2018",12:30 PM,3:00 PM,DWE 2402
ME 567,001,Thursday,"April 12, 2018",4:00 PM,6:30 PM,CPH 3679
ME 571,001,Saturday,"April 21, 2018",9:00 AM,11:30 AM,DWE 2402
ME 596,001,Monday,"April 23, 2018",7:30 PM,10:00 PM,DWE 2402
ME 598,001,Wednesday,"April 11, 2018",7:30 PM,10:00 PM,"E5 3101,3102"
ME 599,001,Tuesday,"April 17, 2018",7:30 PM,10:00 PM,"E5 3101,3102"
ME 671,001,Thursday,"April 12, 2018",4:00 PM,6:30 PM,CPH 3679
ME 760,001,Tuesday,"April 17, 2018",7:30 PM,10:00 PM,"E5 3101,3102"
MEDVL 105,001,Monday,"April 16, 2018",7:30 PM,9:30 PM,"PAC Upper 9,10"
MNS 102,001,Monday,"April 23, 2018",9:00 AM,11:30 AM,RCH 307
MNS 201L,001,Exam removed from schedule. Contact instructor for further information.,,,,
MNS 221,001,Tuesday,"April 17, 2018",12:30 PM,3:00 PM,STC 0050
MNS 322,001,Monday,"April 23, 2018",9:00 AM,11:30 AM,RCH 301
MNS 410,001,Exam removed from schedule. Contact instructor for further information.,,,,
MNS 431,001,Wednesday,"April 18, 2018",9:00 AM,11:30 AM,STC 0050
MSCI 121,001,Wednesday,"April 11, 2018",9:00 AM,11:30 AM,DC 1351
MSCI 131,001,Monday,"April 23, 2018",9:00 AM,11:30 AM,PAC 2
MSCI 211,081 Online,See https://uwaterloo.ca/quest/help/students/how-do-i/online-exam-schedule,,,,
MSCI 261,001,Friday,"April 20, 2018",9:00 AM,11:30 AM,CPH 1346
MSCI 261,002,Wednesday,"April 11, 2018",12:30 PM,3:00 PM,CPH 1346
MSCI 261,003,Tuesday,"April 10, 2018",9:00 AM,11:30 AM,STC 0040
MSCI 311,"001,002",Exam removed from schedule. Contact instructor for further information.,,,,
MSCI 331,001,Friday,"April 20, 2018",12:30 PM,3:00 PM,HH 1101
MSCI 334,001,Monday,"April 9, 2018",12:30 PM,3:00 PM,"CPH 3681,4335"
MSCI 423,001,Wednesday,"April 11, 2018",7:30 PM,10:00 PM,CPH 3681
MSCI 431,"001,002",Wednesday,"April 11, 2018",4:00 PM,6:30 PM,"RCH 110,112"
MSCI 432,001,Monday,"April 23, 2018",9:00 AM,11:30 AM,PAC 3
MSCI 433,001,Monday,"April 9, 2018",4:00 PM,6:30 PM,CPH 3681
MSCI 435,001,Monday,"April 16, 2018",12:30 PM,3:00 PM,CPH 3681
MSCI 541,001,Wednesday,"April 25, 2018",9:00 AM,11:30 AM,CPH 3681
MSCI 720,001,Wednesday,"April 25, 2018",9:00 AM,11:30 AM,CPH 3681
MTE 111,001,Tuesday,"April 17, 2018",12:30 PM,3:00 PM,"PAC Upper 9,10,11"
MTE 119,001,Monday,"April 23, 2018",12:30 PM,3:00 PM,DC 1351
MTE 120,001,Friday,"April 13, 2018",12:30 PM,3:00 PM,M3 1006
MTE 140,001,Friday,"April 20, 2018",12:30 PM,3:00 PM,"RCH 301,309"
MTE 201,001,Thursday,"April 12, 2018",12:30 PM,3:00 PM,"E5 3101,3102"
MTE 202,001,Tuesday,"April 10, 2018",12:30 PM,3:00 PM,"E5 3101,3102"
MTE 219,001,Monday,"April 16, 2018",12:30 PM,3:00 PM,"E5 3101,3102"
MTE 262,001,Wednesday,"April 18, 2018",12:30 PM,3:00 PM,"E5 3101,3102"
MTE 309,001,Friday,"April 13, 2018",4:00 PM,6:30 PM,"E5 3101,3102"
MTE 320,001,Monday,"April 9, 2018",4:00 PM,6:30 PM,"E5 3101,3102"
MTE 322,001,Exam removed from schedule. Contact instructor for further information.,,,,
MTE 325,001,Thursday,"April 19, 2018",4:00 PM,6:30 PM,"E5 3101,3102"
MTE 360,001,Monday,"April 9, 2018",9:00 AM,11:30 AM,RCH 302
MTE 546,001,Exam removed from the schedule. Contact instructor for further information.,,,,
MTHEL 131,001,Friday,"April 20, 2018",9:00 AM,11:00 AM,DC 1351
MUSIC 100,001,Thursday,"April 12, 2018",9:00 AM,11:30 AM,"CGC 1111,1208,1302"
MUSIC 140,001,Friday,"April 20, 2018",4:00 PM,6:30 PM,STC 1012
MUSIC 240,001,Saturday,"April 21, 2018",7:30 PM,10:00 PM,CGC 1111
MUSIC 246,001,Monday,"April 16, 2018",12:30 PM,3:00 PM,"RCH 101,103"
MUSIC 271,001,Exam removed from the schedule. Contact instructor for further information.,,,,
NE 113,001,Thursday,"April 19, 2018",12:30 PM,3:00 PM,PAC 7
NE 122,001,Friday,"April 13, 2018",12:30 PM,3:00 PM,DC 1351
NE 125,001,Monday,"April 16, 2018",12:30 PM,3:00 PM,M3 1006
NE 131,001,Monday,"April 23, 2018",12:30 PM,3:00 PM,PAC 8
NE 469,001,Tuesday,"April 10, 2018",9:00 AM,11:30 AM,RCH 211
NE 479,001,Monday,"April 16, 2018",12:30 PM,3:00 PM,RCH 306
NE 479,002,Monday,"April 9, 2018",12:30 PM,3:00 PM,RCH 106
NE 489,001,Wednesday,"April 11, 2018",9:00 AM,11:00 AM,PAC Upper 9
NE 499,001,Thursday,"April 12, 2018",9:00 AM,11:30 AM,STC 0010
NE 499,002,Monday,"April 9, 2018",12:30 PM,3:00 PM,RCH 109
NE 499,003,Monday,"April 23, 2018",9:00 AM,11:30 AM,RCH 306
OPTOM 103,001,Friday,"April 13, 2018",9:00 AM,10:30 AM,REV 200
OPTOM 114,001,Monday,"April 9, 2018",9:00 AM,11:30 AM,REV 200
OPTOM 134,001,Friday,"April 20, 2018",9:00 AM,10:30 AM,REV 200
OPTOM 143,001,Wednesday,"April 11, 2018",9:00 AM,11:00 AM,REV 200
OPTOM 152,001,Wednesday,"April 18, 2018",9:00 AM,11:30 AM,REV 200
OPTOM 246,001,Monday,"April 16, 2018",12:30 PM,2:30 PM,REV 200
OPTOM 250,001,Wednesday,"April 18, 2018",12:30 PM,2:00 PM,REV 200
OPTOM 255,001,Monday,"April 9, 2018",12:30 PM,2:30 PM,REV 200
OPTOM 261,001,Wednesday,"April 11, 2018",12:30 PM,3:00 PM,REV 200
OPTOM 262,001,Friday,"April 20, 2018",12:30 PM,1:30 PM,REV 200
OPTOM 272,001,Friday,"April 13, 2018",12:30 PM,2:30 PM,REV 200
OPTOM 339,001,Exam removed from schedule. Contact instructor for further information.,,,,
OPTOM 342B,001,Monday,"April 9, 2018",4:00 PM,6:30 PM,REV 200
OPTOM 365,001,Monday,"April 16, 2018",4:00 PM,6:30 PM,REV 200
OPTOM 367,001,Wednesday,"April 11, 2018",4:00 PM,6:30 PM,REV 200
OPTOM 377,001,Friday,"April 13, 2018",4:00 PM,6:30 PM,REV 200
OPTOM 385,001,Wednesday,"April 18, 2018",4:00 PM,6:30 PM,REV 200
PACS 201,081 Online,See https://uwaterloo.ca/quest/help/students/how-do-i/online-exam-schedule,,,,
PACS 202,001,Thursday,"April 19, 2018",4:00 PM,6:30 PM,"CGC 1111,1208"
PACS 203,001,Tuesday,"April 10, 2018",9:00 AM,11:30 AM,CGC 1111
PHIL 100J,001,Thursday,"April 19, 2018",12:30 PM,3:00 PM,SJ1 3015
PHIL 110B,081 Online,See https://uwaterloo.ca/quest/help/students/how-do-i/online-exam-schedule,,,,
PHIL 145,001,Tuesday,"April 17, 2018",9:00 AM,11:30 AM,HH 1101
PHIL 145,081 Online,See https://uwaterloo.ca/quest/help/students/how-do-i/online-exam-schedule,,,,
PHIL 201,081 Online,See https://uwaterloo.ca/quest/help/students/how-do-i/online-exam-schedule,,,,
PHIL 207J,001,Tuesday,"April 17, 2018",9:00 AM,11:30 AM,SJ1 3015
PHIL 210J,001,Tuesday,"April 24, 2018",9:00 AM,11:30 AM,SJ1 3027
PHIL 215,001 to 004,Tuesday,"April 10, 2018",4:00 PM,6:30 PM,"PAC 4,5,6,7
PAC Upper 9"
PHIL 221,081 Online,See https://uwaterloo.ca/quest/help/students/how-do-i/online-exam-schedule,,,,
PHIL 224,001,Monday,"April 9, 2018",7:30 PM,10:00 PM,HH 2107
PHIL 240,001,Tuesday,"April 24, 2018",9:00 AM,11:30 AM,HH 1102
PHIL 251,081 Online,See https://uwaterloo.ca/quest/help/students/how-do-i/online-exam-schedule,,,,
PHIL 256,081 Online,See https://uwaterloo.ca/quest/help/students/how-do-i/online-exam-schedule,,,,
PHIL 284,001,Wednesday,"April 18, 2018",7:30 PM,10:00 PM,SJ1 3016
PHIL 380,081 Online,See https://uwaterloo.ca/quest/help/students/how-do-i/online-exam-schedule,,,,
PHYS 111,"001,002",Thursday,"April 19, 2018",4:00 PM,6:30 PM,"PAC 4,5,6,7,8"
PHYS 111,081 Online,See https://uwaterloo.ca/quest/help/students/how-do-i/online-exam-schedule,,,,
PHYS 112,"001,002",Thursday,"April 19, 2018",9:00 AM,11:30 AM,"PAC 4,5,6,7,8"
PHYS 121,081 Online,See https://uwaterloo.ca/quest/help/students/how-do-i/online-exam-schedule,,,,
PHYS 122,"001,002",Thursday,"April 19, 2018",12:30 PM,3:00 PM,"PAC 1,2,3"
PHYS 122L,001 to 005,Friday,"April 20, 2018",7:30 PM,8:30 PM,"STC 0050,0060"
PHYS 124,001,Tuesday,"April 17, 2018",12:30 PM,3:00 PM,STC 1012
PHYS 125,001,Friday,"April 13, 2018",9:00 AM,11:30 AM,DC 1351
PHYS 132L,001 to 007,Friday,"April 20, 2018",7:30 PM,8:30 PM,STC 1012
PHYS 175,001,Wednesday,"April 18, 2018",9:00 AM,11:30 AM,"PAC Upper 9,10,11"
PHYS 234,001,Wednesday,"April 11, 2018",9:00 AM,11:30 AM,M3 1006
PHYS 239,001,Saturday,"April 21, 2018",7:30 PM,10:00 PM,PHY 313
PHYS 242,001,Thursday,"April 19, 2018",9:00 AM,11:30 AM,DC 1351
PHYS 263,001,Saturday,"April 21, 2018",4:00 PM,6:30 PM,"PAC Upper 9,10"
PHYS 270,001,Tuesday,"April 10, 2018",12:30 PM,3:00 PM,PHY 313
PHYS 280,001,Thursday,"April 12, 2018",7:30 PM,10:00 PM,STC 0050
PHYS 334,001,Tuesday,"April 24, 2018",12:30 PM,3:00 PM,PAC 7
PHYS 335,001,Sunday,"April 22, 2018",12:30 PM,3:00 PM,PAC 3
PHYS 359,001,Tuesday,"April 10, 2018",7:30 PM,10:00 PM,"PAC 4,5"
PHYS 365,001,Monday,"April 23, 2018",12:30 PM,3:00 PM,RCH 307
PHYS 375,001,Exam removed from schedule. Contact instructor for further information.,,,,
PHYS 383,001,Thursday,"April 19, 2018",7:30 PM,10:00 PM,PHY 313
PHYS 393,001,Wednesday,"April 18, 2018",7:30 PM,10:00 PM,PHY 308
PHYS 395,001,Thursday,"April 12, 2018",7:30 PM,10:00 PM,PHY 313
PHYS 435,001,Tuesday,"April 10, 2018",7:30 PM,10:00 PM,PHY 308
PHYS 444,001,Tuesday,"April 17, 2018",9:00 AM,11:30 AM,PHY 313
PHYS 467,001,Tuesday,"April 17, 2018",7:30 PM,10:00 PM,PAC 8
PHYS 476,001,Monday,"April 16, 2018",4:00 PM,6:30 PM,"PAC Upper 10,11"
PHYS 483,001,Tuesday,"April 24, 2018",12:30 PM,3:00 PM,PHY 308
PLAN 203,001,Wednesday,"April 11, 2018",12:30 PM,3:00 PM,"PAC Upper 9,10,11"
PLAN 233,001,Thursday,"April 19, 2018",4:00 PM,6:30 PM,"PAC Upper 9,10,11"
PLAN 281,001,Friday,"April 13, 2018",12:30 PM,3:00 PM,"STC 0060,1012"
PLAN 341,001,Wednesday,"April 18, 2018",9:00 AM,11:30 AM,"RCH 103,105,110"
PLAN 353,001,Monday,"April 9, 2018",12:30 PM,3:00 PM,"PAC Upper 10,11"
PLAN 471,001,Wednesday,"April 11, 2018",4:00 PM,6:30 PM,PAC 3
PLAN 478,001,Thursday,"April 19, 2018",7:30 PM,10:00 PM,STC 0050
PLAN 630,001,Wednesday,"April 11, 2018",4:00 PM,6:30 PM,PAC 3
PMATH 331,001,Wednesday,"April 11, 2018",4:00 PM,6:30 PM,PAC 7
PMATH 332,001,Thursday,"April 12, 2018",9:00 AM,11:30 AM,PAC 3
PMATH 333,001,Monday,"April 9, 2018",12:30 PM,3:00 PM,STC 0040
PMATH 334,001,Friday,"April 13, 2018",9:00 AM,11:30 AM,PAC 7
PMATH 340,001,Monday,"April 23, 2018",7:30 PM,10:00 PM,STC 0050
PMATH 348,001,Thursday,"April 19, 2018",12:30 PM,3:00 PM,"PAC Upper 10,11"
PMATH 352,001,Tuesday,"April 24, 2018",12:30 PM,3:00 PM,STC 0050
PMATH 365,001,Tuesday,"April 17, 2018",12:30 PM,3:00 PM,STC 0060
PMATH 370,001,Thursday,"April 19, 2018",9:00 AM,11:30 AM,STC 0050
PMATH 432,001,Friday,"April 20, 2018",12:30 PM,3:00 PM,RCH 204
PMATH 446,001,Friday,"April 13, 2018",9:00 AM,11:30 AM,PAC 8
PMATH 450,001,Monday,"April 9, 2018",7:30 PM,10:00 PM,MC 4041
PMATH 451,001,Saturday,"April 21, 2018",4:00 PM,6:30 PM,PAC Upper 11
PMATH 464,001,Monday,"April 9, 2018",12:30 PM,3:00 PM,RCH 207
PMATH 632,001,Friday,"April 20, 2018",12:30 PM,3:00 PM,RCH 204
PMATH 646,001,Friday,"April 13, 2018",9:00 AM,11:30 AM,PAC 8
PMATH 651,001,Saturday,"April 21, 2018",4:00 PM,6:30 PM,PAC Upper 11
PMATH 764,001,Monday,"April 9, 2018",12:30 PM,3:00 PM,RCH 207
PORT 102,001,Tuesday,"April 10, 2018",9:00 AM,11:00 AM,RCH 204
PSCI 150,"001,002",Tuesday,"April 17, 2018",4:00 PM,6:30 PM,"PAC 1,2"
PSCI 244,001,Thursday,"April 19, 2018",9:00 AM,10:30 AM,STC 0060
PSCI 260,001,Exam removed from schedule. Contact instructor for further information.,,,,
PSCI 283,001,Monday,"April 16, 2018",12:30 PM,3:00 PM,PAC 8
PSCI 334,001,Exam removed from schedule. Contact instructor for further information.,,,,
PSCI 355,001,Monday,"April 16, 2018",12:30 PM,3:00 PM,RCH 211
PSCI 387,001,Tuesday,"April 17, 2018",9:00 AM,11:30 AM,STC 0050
PSYCH 101,"001,002",Wednesday,"April 11, 2018",9:00 AM,11:00 AM,"PAC 1,2,3,4,5,6,7,8"
PSYCH 101,003,Saturday,"April 21, 2018",7:30 PM,10:00 PM,SJ2 1004
PSYCH 101,081 Online,See https://uwaterloo.ca/quest/help/students/how-do-i/online-exam-schedule,,,,
PSYCH 213R,081 Online,See https://uwaterloo.ca/quest/help/students/how-do-i/online-exam-schedule,,,,
PSYCH 253,001,Saturday,"April 21, 2018",7:30 PM,9:30 PM,M3 1006
PSYCH 256,081 Online,See https://uwaterloo.ca/quest/help/students/how-do-i/online-exam-schedule,,,,
PSYCH 257,001,Wednesday,"April 11, 2018",12:30 PM,2:30 PM,"STC 0050,0060,1012"
PSYCH 257R,001,Wednesday,"April 18, 2018",7:30 PM,10:00 PM,REN 0106
PSYCH 261,001,Thursday,"April 19, 2018",12:30 PM,2:00 PM,STC 1012
PSYCH 261,081 Online,See https://uwaterloo.ca/quest/help/students/how-do-i/online-exam-schedule,,,,
PSYCH 292,001,Friday,"April 20, 2018",4:00 PM,6:30 PM,"PAC 7,8"
PSYCH 315,001,Tuesday,"April 24, 2018",4:00 PM,6:30 PM,SJ2 1002
PSYCH 317,001,Friday,"April 13, 2018",9:00 AM,11:30 AM,"PAC Upper 9,10,11"
PSYCH 318,001,Monday,"April 9, 2018",9:00 AM,11:30 AM,SJ2 2003
PSYCH 334R,001,Wednesday,"April 25, 2018",9:00 AM,11:30 AM,REN 2106
PSYCH 340,001,Monday,"April 23, 2018",7:30 PM,9:00 PM,STC 0060
PSYCH 356,001,Thursday,"April 12, 2018",9:00 AM,11:00 AM,DC 1351
PSYCH 391,001,Tuesday,"April 10, 2018",4:00 PM,6:00 PM,STC 0060
PSYCH 492,001,Monday,"April 9, 2018",7:30 PM,9:30 PM,MC 4045
REC 100,081 Online,See https://uwaterloo.ca/quest/help/students/how-do-i/online-exam-schedule,,,,
REC 100,082 Online,See https://uwaterloo.ca/quest/help/students/how-do-i/online-exam-schedule,,,,
REC 251,081 Online,See https://uwaterloo.ca/quest/help/students/how-do-i/online-exam-schedule,,,,
REC 383,001,Thursday,"April 19, 2018",9:00 AM,11:30 AM,STC 0010
REES 273,081 Online,See https://uwaterloo.ca/quest/help/students/how-do-i/online-exam-schedule,,,,
RS 100,001,Exam removed from schedule. Contact instructor for further information.,,,,
RS 100,081 Online,See https://uwaterloo.ca/quest/help/students/how-do-i/online-exam-schedule,,,,
RS 110,081 Online,See https://uwaterloo.ca/quest/help/students/how-do-i/online-exam-schedule,,,,
RS 134,081 Online,See https://uwaterloo.ca/quest/help/students/how-do-i/online-exam-schedule,,,,
RS 152,001,Thursday,"April 19, 2018",12:30 PM,3:00 PM,CGC 1208
RS 235,081 Online,See https://uwaterloo.ca/quest/help/students/how-do-i/online-exam-schedule,,,,
RS 315,001,Friday,"April 13, 2018",9:00 AM,11:00 AM,STC 0050
RUSS 101,001,Monday,"April 23, 2018",12:30 PM,2:30 PM,ML 354
RUSS 102,001,Thursday,"April 19, 2018",9:00 AM,11:00 AM,ML 354
SCI 201,001,Saturday,"April 21, 2018",7:30 PM,10:00 PM,STC 1012
SCI 238,001,Tuesday,"April 17, 2018",9:00 AM,11:30 AM,"PAC 7,8"
SCI 250,001,Friday,"April 20, 2018",7:30 PM,10:00 PM,M3 1006
SDS 150R,"001,002",Wednesday,"April 25, 2018",9:00 AM,11:30 AM,SJ2 1004
SDS 150R,003,Tuesday,"April 24, 2018",4:00 PM,5:30 PM,REN 2106
SDS 150R,081 Online,See https://uwaterloo.ca/quest/help/students/how-do-i/online-exam-schedule,,,,
SDS 215R,001,Monday,"April 9, 2018",7:30 PM,10:00 PM,REN 2107
SDS 250R,081 Online,See https://uwaterloo.ca/quest/help/students/how-do-i/online-exam-schedule,,,,
SDS 251R,001 to 003,Exam removed from schedule. Contact instructor for further information.,,,,
SDS 357R,081 Online,See https://uwaterloo.ca/quest/help/students/how-do-i/online-exam-schedule,,,,
SDS 358R,081 Online,See https://uwaterloo.ca/quest/help/students/how-do-i/online-exam-schedule,,,,
SDS 367R,001,Tuesday,"April 17, 2018",9:00 AM,11:30 AM,REN 2106
SE 350,001,Monday,"April 9, 2018",12:30 PM,3:00 PM,PAC 8
SE 465,001,Monday,"April 16, 2018",12:30 PM,3:00 PM,"PAC Upper 9,10,11"
SI 101R,081 Online,See https://uwaterloo.ca/quest/help/students/how-do-i/online-exam-schedule,,,,
SI 102R,081 Online,See https://uwaterloo.ca/quest/help/students/how-do-i/online-exam-schedule,,,,
SI 251R,001,Monday,"April 23, 2018",9:00 AM,11:30 AM,REN 2104
SMF 101,001,Wednesday,"April 18, 2018",4:00 PM,6:30 PM,SJ2 1004
SMF 204,001,Tuesday,"April 17, 2018",4:00 PM,6:30 PM,SJ2 1004
SMF 230,001,Monday,"April 9, 2018",7:30 PM,9:30 PM,SJ1 3016
SOC 101,001,Saturday,"April 21, 2018",12:30 PM,3:00 PM,SJ2 1002
SOC 101,002,Monday,"April 23, 2018",7:30 PM,10:00 PM,STP 105
SOC 101,003,Friday,"April 20, 2018",4:00 PM,6:30 PM,"PAC 5,6"
SOC 101,081 Online,See https://uwaterloo.ca/quest/help/students/how-do-i/online-exam-schedule,,,,
SOC 201,001,Wednesday,"April 18, 2018",7:30 PM,10:00 PM,PAC Upper 11
SOC 205,001,Friday,"April 20, 2018",12:30 PM,3:00 PM,RCH 207
SOC 222,001,Exam removed from schedule. Contact instructor for further information.,,,,
SOC 227,001,Monday,"April 23, 2018",7:30 PM,10:00 PM,STC 0020
SOC 228,001,Monday,"April 16, 2018",12:30 PM,3:00 PM,STC 0050
SOC 229,001,Saturday,"April 21, 2018",9:00 AM,11:00 AM,SJ2 1004
SOC 229,081 Online,See https://uwaterloo.ca/quest/help/students/how-do-i/online-exam-schedule,,,,
SOC 325,001,Monday,"April 9, 2018",7:30 PM,10:00 PM,DC 1351
SOC 327,081 Online,See https://uwaterloo.ca/quest/help/students/how-do-i/online-exam-schedule,,,,
SOC 334,001,Exam removed from schedule. Contact instructor for further information.,,,,
SOCWK 120R,081 Online,See https://uwaterloo.ca/quest/help/students/how-do-i/online-exam-schedule,,,,
SOCWK 220R,001,Wednesday,"April 18, 2018",9:00 AM,11:30 AM,REN 2106
SOCWK 221R,081 Online,See https://uwaterloo.ca/quest/help/students/how-do-i/online-exam-schedule,,,,
SOCWK 222R,001,Monday,"April 9, 2018",9:00 AM,11:30 AM,REN 2106
SOCWK 222R,081 Online,See https://uwaterloo.ca/quest/help/students/how-do-i/online-exam-schedule,,,,
SOCWK 300R,001,Thursday,"April 19, 2018",4:00 PM,6:30 PM,REN 2106
SPAN 101,001 to 004,Friday,"April 13, 2018",7:30 PM,9:30 PM,"PAC Upper 9,10,11"
SPAN 102,001,Tuesday,"April 17, 2018",9:00 AM,11:00 AM,STC 0060
SPAN 102,081 Online,See https://uwaterloo.ca/quest/help/students/how-do-i/online-exam-schedule,,,,
SPAN 201B,001,Exam removed from schedule. Contact instructor for further information.,,,,
SPCOM 226,001,Monday,"April 9, 2018",12:30 PM,3:00 PM,HH 1102
SPCOM 402,001,Tuesday,"April 17, 2018",12:30 PM,3:00 PM,ML 349
STAT 202,"001,002",Wednesday,"April 18, 2018",9:00 AM,11:30 AM,"STC 0060,1012"
STAT 211,001 to 003,Tuesday,"April 10, 2018",9:00 AM,11:30 AM,"PAC 4,5,6,7"
STAT 220,001,Tuesday,"April 17, 2018",12:30 PM,3:00 PM,RCH 309
STAT 221,001,Thursday,"April 19, 2018",4:00 PM,6:30 PM,STC 0060
STAT 230,001 to 003,Friday,"April 20, 2018",4:00 PM,6:30 PM,"PAC 1,2,3,4"
STAT 230,081 Online,See https://uwaterloo.ca/quest/help/students/how-do-i/online-exam-schedule,,,,
STAT 231,001 to 004,Friday,"April 20, 2018",12:30 PM,3:00 PM,"PAC 1,2,3,4,5,6"
STAT 231,081 Online,See https://uwaterloo.ca/quest/help/students/how-do-i/online-exam-schedule,,,,
STAT 241,001,Monday,"April 23, 2018",12:30 PM,3:00 PM,STC 0050
STAT 316,001,Tuesday,"April 10, 2018",7:30 PM,10:00 PM,PAC 2
STAT 330,"001,002",Thursday,"April 19, 2018",12:30 PM,3:00 PM,"PAC 4,5,6"
STAT 331,001,Saturday,"April 21, 2018",12:30 PM,3:00 PM,"PAC Upper 9,10,11"
STAT 332,001,Monday,"April 16, 2018",4:00 PM,6:30 PM,M3 1006
STAT 333,001,Monday,"April 23, 2018",4:00 PM,6:30 PM,"PAC 4,5"
STAT 341,001,Tuesday,"April 10, 2018",7:30 PM,10:00 PM,PAC 1
STAT 371,001,Friday,"April 20, 2018",4:00 PM,6:30 PM,DC 1351
STAT 372,001,Monday,"April 16, 2018",4:00 PM,6:30 PM,STC 0060
STAT 431,001,Friday,"April 20, 2018",4:00 PM,6:30 PM,M3 1006
STAT 435,001,Tuesday,"April 10, 2018",7:30 PM,10:00 PM,PAC 3
STAT 436,001,Thursday,"April 12, 2018",12:30 PM,3:00 PM,RCH 207
STAT 437,001,Tuesday,"April 24, 2018",12:30 PM,3:00 PM,PAC Upper 11
STAT 441,001,Monday,"April 9, 2018",9:00 AM,11:30 AM,STC 0040
STAT 442,001,Monday,"April 23, 2018",9:00 AM,11:30 AM,RCH 308
STAT 443,001,Thursday,"April 12, 2018",4:00 PM,6:30 PM,M3 1006
STAT 444,001,Friday,"April 13, 2018",12:30 PM,3:00 PM,STC 0050
STAT 450,001,Tuesday,"April 17, 2018",12:30 PM,3:00 PM,PAC 6
STAT 454,001,Tuesday,"April 10, 2018",9:00 AM,11:30 AM,STC 0050
STAT 835,001,Tuesday,"April 10, 2018",7:30 PM,10:00 PM,PAC 3
STAT 836,001,Thursday,"April 12, 2018",12:30 PM,3:00 PM,RCH 207
STAT 837,001,Tuesday,"April 24, 2018",12:30 PM,3:00 PM,PAC Upper 11
STAT 841,001,Monday,"April 9, 2018",9:00 AM,11:30 AM,STC 0040
STAT 844,001,Friday,"April 13, 2018",12:30 PM,3:00 PM,STC 0050
STAT 850,001,Tuesday,"April 17, 2018",12:30 PM,3:00 PM,PAC 6
STAT 854,001,Tuesday,"April 10, 2018",9:00 AM,11:30 AM,STC 0050
SWREN 120R,081 Online,See https://uwaterloo.ca/quest/help/students/how-do-i/online-exam-schedule,,,,
SWREN 221R,081 Online,See https://uwaterloo.ca/quest/help/students/how-do-i/online-exam-schedule,,,,
SWREN 222R,081 Online,See https://uwaterloo.ca/quest/help/students/how-do-i/online-exam-schedule,,,,
SYDE 112,001,Friday,"April 13, 2018",12:30 PM,3:00 PM,RCH 301
SYDE 114,001,Monday,"April 9, 2018",12:30 PM,3:00 PM,RCH 301
SYDE 182,001,Friday,"April 20, 2018",12:30 PM,3:00 PM,"E5 3101,3102"
SYDE 211,001,Wednesday,"April 11, 2018",12:30 PM,3:00 PM,DC 1351
SYDE 223,001,Monday,"April 9, 2018",12:30 PM,3:00 PM,DC 1351
SYDE 261,001,Friday,"April 13, 2018",9:00 AM,11:30 AM,"RCH 103,105"
SYDE 283,001,Tuesday,"April 17, 2018",9:00 AM,11:30 AM,"RCH 103,105"
SYDE 285,001,Thursday,"April 19, 2018",9:00 AM,11:30 AM,"RCH 103,105"
SYDE 312,001,Tuesday,"April 10, 2018",12:30 PM,3:00 PM,"RCH 307,308"
SYDE 322,001,Monday,"April 9, 2018",9:00 AM,11:30 AM,RCH 306
SYDE 332,001,Thursday,"April 19, 2018",9:00 AM,11:30 AM,RCH 307
SYDE 334,001,Saturday,"April 21, 2018",12:30 PM,3:00 PM,"PAC Upper 9,10,11"
SYDE 348,001,Thursday,"April 12, 2018",9:00 AM,11:30 AM,E2 1310
SYDE 351,001,Wednesday,"April 11, 2018",4:00 PM,6:30 PM,"E5 3101,3102"
SYDE 352,001,Wednesday,"April 25, 2018",9:00 AM,11:30 AM,RCH 301
SYDE 372,001,Friday,"April 20, 2018",9:00 AM,11:30 AM,RCH 301
SYDE 384,001,Tuesday,"April 17, 2018",12:30 PM,3:00 PM,RCH 204
WS 101,001,Friday,"April 20, 2018",12:30 PM,3:00 PM,HH 1102
WS 202,001,Exam removed from schedule. Contact instructor for further information.,,,,
WS 325,001,Monday,"April 9, 2018",12:30 PM,3:00 PM,SJ2 2007
